entity_type;entity_id;field_path;normalized_value;source_file;source_sheet_or_page;source_row_or_fragment;evidence_status;confidence;notes
product;5760e938-9a43-45a7-b8e8-f4f2e6383930;name;Ronavi H1500 (грузоподъемность до 1 500 кг);catalog_export_v4.csv;CSV;row 2 / Название;ORGANIZER_CSV;HIGH;Raw organizer value preserved.
product;5760e938-9a43-45a7-b8e8-f4f2e6383930;manufacturer;"ООО ""Ронави Роботикс""";catalog_export_v4.csv;CSV;row 2 / компания;ORGANIZER_CSV;HIGH;Raw organizer value preserved.
product;5760e938-9a43-45a7-b8e8-f4f2e6383930;system_family;BRS;catalog_export_v4.csv;CSV;row 2 / тип;ORGANIZER_CSV;HIGH;Normalized only from organizer token `brs`.
product;5760e938-9a43-45a7-b8e8-f4f2e6383930;maturity_status;OPERATION;catalog_export_v4.csv;CSV;row 2 / статус;ORGANIZER_CSV;HIGH;Normalized only from organizer token `operation`.
product;5760e938-9a43-45a7-b8e8-f4f2e6383930;trl;8;catalog_export_v4.csv;CSV;row 2 / УГТ;ORGANIZER_CSV;HIGH;Organizer value normalized to integer when possible.
product;5760e938-9a43-45a7-b8e8-f4f2e6383930;market_potential;4.0;catalog_export_v4.csv;CSV;row 2 / Рын Потенциал;ORGANIZER_CSV;HIGH;Organizer value normalized to numeric representation.
product;5760e938-9a43-45a7-b8e8-f4f2e6383930;type;Мобильные роботы;catalog_export_v4.csv;CSV;row 2 / Тип;ORGANIZER_CSV;HIGH;Raw organizer value preserved.
product;5760e938-9a43-45a7-b8e8-f4f2e6383930;subtype;AMR;catalog_export_v4.csv;CSV;row 2 / Подтип;ORGANIZER_CSV;HIGH;Raw organizer value preserved.
product;5760e938-9a43-45a7-b8e8-f4f2e6383930;description.raw;Автономный мобильный робот (AMR), разработанный отечественной компанией Ronavi Robotics (входит в контур группы «ТехноСпарк» инвестиционной сети РОСНАНО). Он спроектирован для автоматизации складской и производственной логистики и предназначен для перемещения паллет, тележек и конвейерных модулей.;catalog_export_v4.csv;CSV;row 2 / описание;ORGANIZER_CSV;HIGH;Raw organizer description preserved without rewriting.
product;5760e938-9a43-45a7-b8e8-f4f2e6383930;specs.payload;"{""raw"":""грузоподъемность до 1 500 кг"",""values"":[1500.0],""unit"":""kg"",""status"":""ORGANIZER_NAME""}";catalog_export_v4.csv;CSV;row 2 / Название;ORGANIZER_CSV_CORROBORATING;HIGH;"Payload explicitly encoded in product name. Same normalized payload is independently present in DOCX; canonical status is CORROBORATED."
applicability;app-v4-row-0002;industries;Торговля и услуги;catalog_export_v4.csv;CSV;row 2 / Отрасль;ORGANIZER_CSV;HIGH;Raw organizer applicability value.
applicability;app-v4-row-0002;use_cases;Внутрискладская логистика;catalog_export_v4.csv;CSV;row 2 / Сценарий;ORGANIZER_CSV;HIGH;Raw organizer applicability value.
applicability;app-v4-row-0002;regions;Москва;catalog_export_v4.csv;CSV;row 2 / Регион;ORGANIZER_CSV;HIGH;Raw organizer applicability value.
applicability;app-v4-row-0002;case_evidence;Внедрено 48 роботов на складах ГК «Восток-Сервис» для транспортировки грузов между зонами хранения. В результате производительность выросла вдвое - с 4 до 8 тысяч отгрузок за смену, количество ошибок сократилось в 13 раз.;catalog_export_v4.csv;CSV;row 2 / Кейсы;ORGANIZER_CSV;HIGH;Raw organizer case text.
price_offer;price-v4-row-0002;raw_price;2 700 000,00;catalog_export_v4.csv;CSV;row 2 / Цена изделия;ORGANIZER_CSV;HIGH;Raw price preserved exactly.
price_offer;price-v4-row-0002;normalized_amount;2700000.00;catalog_export_v4.csv;CSV;row 2 / Цена изделия;NORMALIZED_FROM_ORGANIZER;HIGH;"Decimal comma/space normalization only; currency not inferred."
price_offer;price-v4-row-0002;vat_status;ORGANIZER_ASSUMPTION_INCLUDED;Дополнения для участников.pdf;page 4;prices assumed VAT-inclusive;ORGANIZER_ASSUMPTION;MEDIUM;Assumption from addendum, not confirmed per-offer fact.
price_offer;price-v4-row-0002;excluded_costs;delivery | commissioning/start-up | deep IT integration;Дополнения для участников.pdf;page 4;delivery, commissioning and deep integration excluded;ORGANIZER_ASSUMPTION;HIGH;Explicit addendum exclusion applied to each raw price offer.
product;3f2aaa1b-2237-4d7b-b215-1ac5ec789ed5;name;Ronavi SR (грузоподъемность до 50 кг);catalog_export_v4.csv;CSV;row 3 / Название;ORGANIZER_CSV;HIGH;Raw organizer value preserved.
product;3f2aaa1b-2237-4d7b-b215-1ac5ec789ed5;manufacturer;"ООО ""Ронави Роботикс""";catalog_export_v4.csv;CSV;row 3 / компания;ORGANIZER_CSV;HIGH;Raw organizer value preserved.
product;3f2aaa1b-2237-4d7b-b215-1ac5ec789ed5;system_family;BRS;catalog_export_v4.csv;CSV;row 3 / тип;ORGANIZER_CSV;HIGH;Normalized only from organizer token `brs`.
product;3f2aaa1b-2237-4d7b-b215-1ac5ec789ed5;maturity_status;OPERATION;catalog_export_v4.csv;CSV;row 3 / статус;ORGANIZER_CSV;HIGH;Normalized only from organizer token `operation`.
product;3f2aaa1b-2237-4d7b-b215-1ac5ec789ed5;trl;8;catalog_export_v4.csv;CSV;row 3 / УГТ;ORGANIZER_CSV;HIGH;Organizer value normalized to integer when possible.
product;3f2aaa1b-2237-4d7b-b215-1ac5ec789ed5;market_potential;4.0;catalog_export_v4.csv;CSV;row 3 / Рын Потенциал;ORGANIZER_CSV;HIGH;Organizer value normalized to numeric representation.
product;3f2aaa1b-2237-4d7b-b215-1ac5ec789ed5;type;Мобильные роботы;catalog_export_v4.csv;CSV;row 3 / Тип;ORGANIZER_CSV;HIGH;Raw organizer value preserved.
product;3f2aaa1b-2237-4d7b-b215-1ac5ec789ed5;subtype;AMR;catalog_export_v4.csv;CSV;row 3 / Подтип;ORGANIZER_CSV;HIGH;Raw organizer value preserved.
product;3f2aaa1b-2237-4d7b-b215-1ac5ec789ed5;description.raw;Российский автономный мобильный робот-сортировщик (AMR), разработанный компанией Ronavi Robotics. Устройство предназначено для автоматической высокоскоростной сортировки посылок, писем, коробов и штучных товаров на складах интернет-магазинов, маркетплейсов и логистических операторов (3PL).;catalog_export_v4.csv;CSV;row 3 / описание;ORGANIZER_CSV;HIGH;Raw organizer description preserved without rewriting.
product;3f2aaa1b-2237-4d7b-b215-1ac5ec789ed5;specs.payload;"{""raw"":""грузоподъемность до 50 кг"",""values"":[50.0],""unit"":""kg"",""status"":""ORGANIZER_NAME""}";catalog_export_v4.csv;CSV;row 3 / Название;ORGANIZER_CSV;HIGH;Payload explicitly encoded in product name.
applicability;app-v4-row-0003;industries;Торговля и услуги;catalog_export_v4.csv;CSV;row 3 / Отрасль;ORGANIZER_CSV;HIGH;Raw organizer applicability value.
applicability;app-v4-row-0003;use_cases;Внутрискладская логистика;catalog_export_v4.csv;CSV;row 3 / Сценарий;ORGANIZER_CSV;HIGH;Raw organizer applicability value.
applicability;app-v4-row-0003;regions;Москва;catalog_export_v4.csv;CSV;row 3 / Регион;ORGANIZER_CSV;HIGH;Raw organizer applicability value.
applicability;app-v4-row-0003;case_evidence;В подразделении ГК «Деловые Линии» (Новосибирск) внедрена автоматизированная система сортировки посылок весом до 30 кг. В результате производительность сортировки повышена в 1,5 раза, снижены трудоемкость и себестоимость работ.;catalog_export_v4.csv;CSV;row 3 / Кейсы;ORGANIZER_CSV;HIGH;Raw organizer case text.
price_offer;price-v4-row-0003;raw_price;950 000,00;catalog_export_v4.csv;CSV;row 3 / Цена изделия;ORGANIZER_CSV;HIGH;Raw price preserved exactly.
price_offer;price-v4-row-0003;normalized_amount;950000.00;catalog_export_v4.csv;CSV;row 3 / Цена изделия;NORMALIZED_FROM_ORGANIZER;HIGH;"Decimal comma/space normalization only; currency not inferred."
price_offer;price-v4-row-0003;vat_status;ORGANIZER_ASSUMPTION_INCLUDED;Дополнения для участников.pdf;page 4;prices assumed VAT-inclusive;ORGANIZER_ASSUMPTION;MEDIUM;Assumption from addendum, not confirmed per-offer fact.
price_offer;price-v4-row-0003;excluded_costs;delivery | commissioning/start-up | deep IT integration;Дополнения для участников.pdf;page 4;delivery, commissioning and deep integration excluded;ORGANIZER_ASSUMPTION;HIGH;Explicit addendum exclusion applied to each raw price offer.
product;6f3da854-41da-4363-8496-5487f37c845a;name;Ronavi H2000 (грузоподъемность до 2 000 кг);catalog_export_v4.csv;CSV;row 4 / Название;ORGANIZER_CSV;HIGH;Raw organizer value preserved.
product;6f3da854-41da-4363-8496-5487f37c845a;manufacturer;"ООО ""Ронави Роботикс""";catalog_export_v4.csv;CSV;row 4 / компания;ORGANIZER_CSV;HIGH;Raw organizer value preserved.
product;6f3da854-41da-4363-8496-5487f37c845a;system_family;BRS;catalog_export_v4.csv;CSV;row 4 / тип;ORGANIZER_CSV;HIGH;Normalized only from organizer token `brs`.
product;6f3da854-41da-4363-8496-5487f37c845a;maturity_status;OPERATION;catalog_export_v4.csv;CSV;row 4 / статус;ORGANIZER_CSV;HIGH;Normalized only from organizer token `operation`.
product;6f3da854-41da-4363-8496-5487f37c845a;trl;8;catalog_export_v4.csv;CSV;row 4 / УГТ;ORGANIZER_CSV;HIGH;Organizer value normalized to integer when possible.
product;6f3da854-41da-4363-8496-5487f37c845a;market_potential;3.0;catalog_export_v4.csv;CSV;row 4 / Рын Потенциал;ORGANIZER_CSV;HIGH;Organizer value normalized to numeric representation.
product;6f3da854-41da-4363-8496-5487f37c845a;type;Мобильные роботы;catalog_export_v4.csv;CSV;row 4 / Тип;ORGANIZER_CSV;HIGH;Raw organizer value preserved.
product;6f3da854-41da-4363-8496-5487f37c845a;subtype;AMR;catalog_export_v4.csv;CSV;row 4 / Подтип;ORGANIZER_CSV;HIGH;Raw organizer value preserved.
product;6f3da854-41da-4363-8496-5487f37c845a;description.raw;Автономный мобильный робот. Платформа специально спроектирована для перемещения тяжелых крупногабаритных грузов массой до 2000 кг (2 тонн). В отличие от модели H1500, которая оптимизирована под классические паллетные склады, Ronavi H2000 создан для производственной логистики. Его главное назначение — автоматизация перемещений в цехах, создание гибких сборочных линий и «компенсация конвейерных разрывов» (перевозка заготовок и узлов между участками, где невозможно проложить стационарный конвейер).;catalog_export_v4.csv;CSV;row 4 / описание;ORGANIZER_CSV;HIGH;Raw organizer description preserved without rewriting.
product;6f3da854-41da-4363-8496-5487f37c845a;specs.payload;"{""raw"":""грузоподъемность до 2 000 кг"",""values"":[2000.0],""unit"":""kg"",""status"":""ORGANIZER_NAME""}";catalog_export_v4.csv;CSV;row 4 / Название;ORGANIZER_CSV;HIGH;Payload explicitly encoded in product name.
applicability;app-v4-row-0004;industries;Торговля и услуги;catalog_export_v4.csv;CSV;row 4 / Отрасль;ORGANIZER_CSV;HIGH;Raw organizer applicability value.
applicability;app-v4-row-0004;use_cases;Внутрискладская логистика;catalog_export_v4.csv;CSV;row 4 / Сценарий;ORGANIZER_CSV;HIGH;Raw organizer applicability value.
applicability;app-v4-row-0004;regions;Москва;catalog_export_v4.csv;CSV;row 4 / Регион;ORGANIZER_CSV;HIGH;Raw organizer applicability value.
applicability;app-v4-row-0004;case_evidence;На предприятии автопрома реализована компенсация конвейерного разрыва на базе AMR Ronavi H2000: синхронизированы производственные процессы, уменьшено количество пилотируемой техники на участке;catalog_export_v4.csv;CSV;row 4 / Кейсы;ORGANIZER_CSV;HIGH;Raw organizer case text.
price_offer;price-v4-row-0004;raw_price;2 640 000,00;catalog_export_v4.csv;CSV;row 4 / Цена изделия;ORGANIZER_CSV;HIGH;Raw price preserved exactly.
price_offer;price-v4-row-0004;normalized_amount;2640000.00;catalog_export_v4.csv;CSV;row 4 / Цена изделия;NORMALIZED_FROM_ORGANIZER;HIGH;"Decimal comma/space normalization only; currency not inferred."
price_offer;price-v4-row-0004;vat_status;ORGANIZER_ASSUMPTION_INCLUDED;Дополнения для участников.pdf;page 4;prices assumed VAT-inclusive;ORGANIZER_ASSUMPTION;MEDIUM;Assumption from addendum, not confirmed per-offer fact.
price_offer;price-v4-row-0004;excluded_costs;delivery | commissioning/start-up | deep IT integration;Дополнения для участников.pdf;page 4;delivery, commissioning and deep integration excluded;ORGANIZER_ASSUMPTION;HIGH;Explicit addendum exclusion applied to each raw price offer.
product;66d8e7ad-cdcd-4287-afb0-e2afa9ef5217;name;Ronavi SD (грузоподъемность до 10 кг);catalog_export_v4.csv;CSV;row 5 / Название;ORGANIZER_CSV;HIGH;Raw organizer value preserved.
product;66d8e7ad-cdcd-4287-afb0-e2afa9ef5217;manufacturer;"ООО ""Ронави Роботикс""";catalog_export_v4.csv;CSV;row 5 / компания;ORGANIZER_CSV;HIGH;Raw organizer value preserved.
product;66d8e7ad-cdcd-4287-afb0-e2afa9ef5217;system_family;BRS;catalog_export_v4.csv;CSV;row 5 / тип;ORGANIZER_CSV;HIGH;Normalized only from organizer token `brs`.
product;66d8e7ad-cdcd-4287-afb0-e2afa9ef5217;maturity_status;PILOTING;catalog_export_v4.csv;CSV;row 5 / статус;ORGANIZER_CSV;HIGH;Normalized only from organizer token `piloting`.
product;66d8e7ad-cdcd-4287-afb0-e2afa9ef5217;trl;8;catalog_export_v4.csv;CSV;row 5 / УГТ;ORGANIZER_CSV;HIGH;Organizer value normalized to integer when possible.
product;66d8e7ad-cdcd-4287-afb0-e2afa9ef5217;market_potential;4.0;catalog_export_v4.csv;CSV;row 5 / Рын Потенциал;ORGANIZER_CSV;HIGH;Organizer value normalized to numeric representation.
product;66d8e7ad-cdcd-4287-afb0-e2afa9ef5217;type;Мобильные роботы;catalog_export_v4.csv;CSV;row 5 / Тип;ORGANIZER_CSV;HIGH;Raw organizer value preserved.
product;66d8e7ad-cdcd-4287-afb0-e2afa9ef5217;subtype;AMR;catalog_export_v4.csv;CSV;row 5 / Подтип;ORGANIZER_CSV;HIGH;Raw organizer value preserved.
product;66d8e7ad-cdcd-4287-afb0-e2afa9ef5217;description.raw;Сортировочный робот с откидной крышкой для работы на подиуме.;catalog_export_v4.csv;CSV;row 5 / описание;ORGANIZER_CSV;HIGH;Raw organizer description preserved without rewriting.
product;66d8e7ad-cdcd-4287-afb0-e2afa9ef5217;specs.payload;"{""raw"":""грузоподъемность до 10 кг"",""values"":[10.0],""unit"":""kg"",""status"":""ORGANIZER_NAME""}";catalog_export_v4.csv;CSV;row 5 / Название;ORGANIZER_CSV_CORROBORATING;HIGH;"Payload explicitly encoded in product name. Same normalized payload is independently present in DOCX; canonical status is CORROBORATED."
applicability;app-v4-row-0005;industries;Торговля и услуги;catalog_export_v4.csv;CSV;row 5 / Отрасль;ORGANIZER_CSV;HIGH;Raw organizer applicability value.
applicability;app-v4-row-0005;use_cases;Внутрискладская логистика;catalog_export_v4.csv;CSV;row 5 / Сценарий;ORGANIZER_CSV;HIGH;Raw organizer applicability value.
applicability;app-v4-row-0005;regions;Москва;catalog_export_v4.csv;CSV;row 5 / Регион;ORGANIZER_CSV;HIGH;Raw organizer applicability value.
applicability;app-v4-row-0005;case_evidence;Изготовлен и испытан промышленный образец с опрокидываемым ковшом, для компактной и гибкой подиумной сортировки;catalog_export_v4.csv;CSV;row 5 / Кейсы;ORGANIZER_CSV;HIGH;Raw organizer case text.
price_offer;price-v4-row-0005;raw_price;1 400 000,00;catalog_export_v4.csv;CSV;row 5 / Цена изделия;ORGANIZER_CSV;HIGH;Raw price preserved exactly.
price_offer;price-v4-row-0005;normalized_amount;1400000.00;catalog_export_v4.csv;CSV;row 5 / Цена изделия;NORMALIZED_FROM_ORGANIZER;HIGH;"Decimal comma/space normalization only; currency not inferred."
price_offer;price-v4-row-0005;vat_status;ORGANIZER_ASSUMPTION_INCLUDED;Дополнения для участников.pdf;page 4;prices assumed VAT-inclusive;ORGANIZER_ASSUMPTION;MEDIUM;Assumption from addendum, not confirmed per-offer fact.
price_offer;price-v4-row-0005;excluded_costs;delivery | commissioning/start-up | deep IT integration;Дополнения для участников.pdf;page 4;delivery, commissioning and deep integration excluded;ORGANIZER_ASSUMPTION;HIGH;Explicit addendum exclusion applied to each raw price offer.
product;dcfd9975-81eb-49b5-a422-827a720ba582;name;Ronavi M (грузоподъемность до 1200 кг);catalog_export_v4.csv;CSV;row 6 / Название;ORGANIZER_CSV;HIGH;Raw organizer value preserved.
product;dcfd9975-81eb-49b5-a422-827a720ba582;manufacturer;"ООО ""Ронави Роботикс""";catalog_export_v4.csv;CSV;row 6 / компания;ORGANIZER_CSV;HIGH;Raw organizer value preserved.
product;dcfd9975-81eb-49b5-a422-827a720ba582;system_family;BRS;catalog_export_v4.csv;CSV;row 6 / тип;ORGANIZER_CSV;HIGH;Normalized only from organizer token `brs`.
product;dcfd9975-81eb-49b5-a422-827a720ba582;maturity_status;PILOTING;catalog_export_v4.csv;CSV;row 6 / статус;ORGANIZER_CSV;HIGH;Normalized only from organizer token `piloting`.
product;dcfd9975-81eb-49b5-a422-827a720ba582;trl;7;catalog_export_v4.csv;CSV;row 6 / УГТ;ORGANIZER_CSV;HIGH;Organizer value normalized to integer when possible.
product;dcfd9975-81eb-49b5-a422-827a720ba582;market_potential;4.0;catalog_export_v4.csv;CSV;row 6 / Рын Потенциал;ORGANIZER_CSV;HIGH;Organizer value normalized to numeric representation.
product;dcfd9975-81eb-49b5-a422-827a720ba582;type;Мобильные роботы;catalog_export_v4.csv;CSV;row 6 / Тип;ORGANIZER_CSV;HIGH;Raw organizer value preserved.
product;dcfd9975-81eb-49b5-a422-827a720ba582;subtype;AMR;catalog_export_v4.csv;CSV;row 6 / Подтип;ORGANIZER_CSV;HIGH;Raw organizer value preserved.
product;dcfd9975-81eb-49b5-a422-827a720ba582;description.raw;Робот для транспортировки стеллажей к станции комплектации.;catalog_export_v4.csv;CSV;row 6 / описание;ORGANIZER_CSV;HIGH;Raw organizer description preserved without rewriting.
product;dcfd9975-81eb-49b5-a422-827a720ba582;specs.payload;"{""raw"":""грузоподъемность до 1200 кг"",""values"":[1200.0],""unit"":""kg"",""status"":""ORGANIZER_NAME""}";catalog_export_v4.csv;CSV;row 6 / Название;ORGANIZER_CSV;HIGH;Payload explicitly encoded in product name.
applicability;app-v4-row-0006;industries;Торговля и услуги;catalog_export_v4.csv;CSV;row 6 / Отрасль;ORGANIZER_CSV;HIGH;Raw organizer applicability value.
applicability;app-v4-row-0006;use_cases;Внутрискладская логистика;catalog_export_v4.csv;CSV;row 6 / Сценарий;ORGANIZER_CSV;HIGH;Raw organizer applicability value.
applicability;app-v4-row-0006;regions;Москва;catalog_export_v4.csv;CSV;row 6 / Регион;ORGANIZER_CSV;HIGH;Raw organizer applicability value.
applicability;app-v4-row-0006;case_evidence;Бесподвесочный логистический робот с поворотным кругом для транспортировки мобильных стеллажей и столиков разработан и испытан, готов к серийному производству;catalog_export_v4.csv;CSV;row 6 / Кейсы;ORGANIZER_CSV;HIGH;Raw organizer case text.
price_offer;price-v4-row-0006;raw_price;2 400 000,00;catalog_export_v4.csv;CSV;row 6 / Цена изделия;ORGANIZER_CSV;HIGH;Raw price preserved exactly.
price_offer;price-v4-row-0006;normalized_amount;2400000.00;catalog_export_v4.csv;CSV;row 6 / Цена изделия;NORMALIZED_FROM_ORGANIZER;HIGH;"Decimal comma/space normalization only; currency not inferred."
price_offer;price-v4-row-0006;vat_status;ORGANIZER_ASSUMPTION_INCLUDED;Дополнения для участников.pdf;page 4;prices assumed VAT-inclusive;ORGANIZER_ASSUMPTION;MEDIUM;Assumption from addendum, not confirmed per-offer fact.
price_offer;price-v4-row-0006;excluded_costs;delivery | commissioning/start-up | deep IT integration;Дополнения для участников.pdf;page 4;delivery, commissioning and deep integration excluded;ORGANIZER_ASSUMPTION;HIGH;Explicit addendum exclusion applied to each raw price offer.
product;4d347e47-38f9-415b-aae1-7a6d3759a75c;name;Ronavi RCM (грузоподъемность до 350 кг);catalog_export_v4.csv;CSV;row 7 / Название;ORGANIZER_CSV;HIGH;Raw organizer value preserved.
product;4d347e47-38f9-415b-aae1-7a6d3759a75c;manufacturer;"ООО ""Ронави Роботикс""";catalog_export_v4.csv;CSV;row 7 / компания;ORGANIZER_CSV;HIGH;Raw organizer value preserved.
product;4d347e47-38f9-415b-aae1-7a6d3759a75c;system_family;BRS;catalog_export_v4.csv;CSV;row 7 / тип;ORGANIZER_CSV;HIGH;Normalized only from organizer token `brs`.
product;4d347e47-38f9-415b-aae1-7a6d3759a75c;maturity_status;RND;catalog_export_v4.csv;CSV;row 7 / статус;ORGANIZER_CSV;HIGH;Normalized only from organizer token `rnd`.
product;4d347e47-38f9-415b-aae1-7a6d3759a75c;trl;3;catalog_export_v4.csv;CSV;row 7 / УГТ;ORGANIZER_CSV;HIGH;Organizer value normalized to integer when possible.
product;4d347e47-38f9-415b-aae1-7a6d3759a75c;market_potential;4.0;catalog_export_v4.csv;CSV;row 7 / Рын Потенциал;ORGANIZER_CSV;HIGH;Organizer value normalized to numeric representation.
product;4d347e47-38f9-415b-aae1-7a6d3759a75c;type;Мобильные роботы;catalog_export_v4.csv;CSV;row 7 / Тип;ORGANIZER_CSV;HIGH;Raw organizer value preserved.
product;4d347e47-38f9-415b-aae1-7a6d3759a75c;subtype;AMR;catalog_export_v4.csv;CSV;row 7 / Подтип;ORGANIZER_CSV;HIGH;Raw organizer value preserved.
product;4d347e47-38f9-415b-aae1-7a6d3759a75c;specs.payload;"{""raw"":""грузоподъемность до 350 кг"",""values"":[350.0],""unit"":""kg"",""status"":""ORGANIZER_NAME""}";catalog_export_v4.csv;CSV;row 7 / Название;ORGANIZER_CSV;HIGH;Payload explicitly encoded in product name.
applicability;app-v4-row-0007;industries;Торговля и услуги;catalog_export_v4.csv;CSV;row 7 / Отрасль;ORGANIZER_CSV;HIGH;Raw organizer applicability value.
applicability;app-v4-row-0007;use_cases;Внутрискладская логистика;catalog_export_v4.csv;CSV;row 7 / Сценарий;ORGANIZER_CSV;HIGH;Raw organizer applicability value.
applicability;app-v4-row-0007;regions;Москва;catalog_export_v4.csv;CSV;row 7 / Регион;ORGANIZER_CSV;HIGH;Raw organizer applicability value.
applicability;app-v4-row-0007;case_evidence;Разработана конструкторская документация ультратонкого логистического робота для транспортировки ролл-кейджей;catalog_export_v4.csv;CSV;row 7 / Кейсы;ORGANIZER_CSV;HIGH;Raw organizer case text.
price_offer;price-v4-row-0007;raw_price;2 000 000,00;catalog_export_v4.csv;CSV;row 7 / Цена изделия;ORGANIZER_CSV;HIGH;Raw price preserved exactly.
price_offer;price-v4-row-0007;normalized_amount;2000000.00;catalog_export_v4.csv;CSV;row 7 / Цена изделия;NORMALIZED_FROM_ORGANIZER;HIGH;"Decimal comma/space normalization only; currency not inferred."
price_offer;price-v4-row-0007;vat_status;ORGANIZER_ASSUMPTION_INCLUDED;Дополнения для участников.pdf;page 4;prices assumed VAT-inclusive;ORGANIZER_ASSUMPTION;MEDIUM;Assumption from addendum, not confirmed per-offer fact.
price_offer;price-v4-row-0007;excluded_costs;delivery | commissioning/start-up | deep IT integration;Дополнения для участников.pdf;page 4;delivery, commissioning and deep integration excluded;ORGANIZER_ASSUMPTION;HIGH;Explicit addendum exclusion applied to each raw price offer.
product;89ffd69f-f07b-4bf2-8023-1fd765a2b6ff;name;AMR 100 (грузоподъемность до 100 кг);catalog_export_v4.csv;CSV;row 8 / Название;ORGANIZER_CSV;HIGH;Raw organizer value preserved.
product;89ffd69f-f07b-4bf2-8023-1fd765a2b6ff;manufacturer;"ООО ""Морос""";catalog_export_v4.csv;CSV;row 8 / компания;ORGANIZER_CSV;HIGH;Raw organizer value preserved.
product;89ffd69f-f07b-4bf2-8023-1fd765a2b6ff;system_family;BRS;catalog_export_v4.csv;CSV;row 8 / тип;ORGANIZER_CSV;HIGH;Normalized only from organizer token `brs`.
product;89ffd69f-f07b-4bf2-8023-1fd765a2b6ff;maturity_status;OPERATION;catalog_export_v4.csv;CSV;row 8 / статус;ORGANIZER_CSV;HIGH;Normalized only from organizer token `operation`.
product;89ffd69f-f07b-4bf2-8023-1fd765a2b6ff;trl;9;catalog_export_v4.csv;CSV;row 8 / УГТ;ORGANIZER_CSV;HIGH;Organizer value normalized to integer when possible.
product;89ffd69f-f07b-4bf2-8023-1fd765a2b6ff;market_potential;4.0;catalog_export_v4.csv;CSV;row 8 / Рын Потенциал;ORGANIZER_CSV;HIGH;Organizer value normalized to numeric representation.
product;89ffd69f-f07b-4bf2-8023-1fd765a2b6ff;type;Мобильные роботы;catalog_export_v4.csv;CSV;row 8 / Тип;ORGANIZER_CSV;HIGH;Raw organizer value preserved.
product;89ffd69f-f07b-4bf2-8023-1fd765a2b6ff;subtype;AMR;catalog_export_v4.csv;CSV;row 8 / Подтип;ORGANIZER_CSV;HIGH;Raw organizer value preserved.
product;89ffd69f-f07b-4bf2-8023-1fd765a2b6ff;description.raw;Предназначен для автоматизированной транспортировки легких грузов на складах, в производственных цехах и на других промышленных объектах.;catalog_export_v4.csv;CSV;row 8 / описание;ORGANIZER_CSV;HIGH;Raw organizer description preserved without rewriting.
product;89ffd69f-f07b-4bf2-8023-1fd765a2b6ff;specs.payload;"{""raw"":""грузоподъемность до 100 кг"",""values"":[100.0],""unit"":""kg"",""status"":""ORGANIZER_NAME""}";catalog_export_v4.csv;CSV;row 8 / Название;ORGANIZER_CSV;HIGH;Payload explicitly encoded in product name.
applicability;app-v4-row-0008;industries;Торговля и услуги;catalog_export_v4.csv;CSV;row 8 / Отрасль;ORGANIZER_CSV;HIGH;Raw organizer applicability value.
applicability;app-v4-row-0008;use_cases;Внутрискладская логистика;catalog_export_v4.csv;CSV;row 8 / Сценарий;ORGANIZER_CSV;HIGH;Raw organizer applicability value.
applicability;app-v4-row-0008;regions;Москва;catalog_export_v4.csv;CSV;row 8 / Регион;ORGANIZER_CSV;HIGH;Raw organizer applicability value.
applicability;app-v4-row-0008;case_evidence;Более 40 AMR100 с двумя типами оснасток в составе действующей роботизированной линии СООО «Белвест». Перемещение грузов по территории цеха осуществляется исключительно с помощью мобильных роботов без участия человека. Сложная маршрутная карта насчитывает сотни перекрестков и тысячи различных вариаций маршрутов.;catalog_export_v4.csv;CSV;row 8 / Кейсы;ORGANIZER_CSV;HIGH;Raw organizer case text.
price_offer;price-v4-row-0008;raw_price;1 500 000,00;catalog_export_v4.csv;CSV;row 8 / Цена изделия;ORGANIZER_CSV;HIGH;Raw price preserved exactly.
price_offer;price-v4-row-0008;normalized_amount;1500000.00;catalog_export_v4.csv;CSV;row 8 / Цена изделия;NORMALIZED_FROM_ORGANIZER;HIGH;"Decimal comma/space normalization only; currency not inferred."
price_offer;price-v4-row-0008;vat_status;ORGANIZER_ASSUMPTION_INCLUDED;Дополнения для участников.pdf;page 4;prices assumed VAT-inclusive;ORGANIZER_ASSUMPTION;MEDIUM;Assumption from addendum, not confirmed per-offer fact.
price_offer;price-v4-row-0008;excluded_costs;delivery | commissioning/start-up | deep IT integration;Дополнения для участников.pdf;page 4;delivery, commissioning and deep integration excluded;ORGANIZER_ASSUMPTION;HIGH;Explicit addendum exclusion applied to each raw price offer.
product;5ec66969-8fcc-47b3-b517-a9c29372fffe;name;AMR 800 (грузоподъемность до 800 кг);catalog_export_v4.csv;CSV;row 9 / Название;ORGANIZER_CSV;HIGH;Raw organizer value preserved.
product;5ec66969-8fcc-47b3-b517-a9c29372fffe;manufacturer;"ООО ""Морос""";catalog_export_v4.csv;CSV;row 9 / компания;ORGANIZER_CSV;HIGH;Raw organizer value preserved.
product;5ec66969-8fcc-47b3-b517-a9c29372fffe;system_family;BRS;catalog_export_v4.csv;CSV;row 9 / тип;ORGANIZER_CSV;HIGH;Normalized only from organizer token `brs`.
product;5ec66969-8fcc-47b3-b517-a9c29372fffe;maturity_status;OPERATION;catalog_export_v4.csv;CSV;row 9 / статус;ORGANIZER_CSV;HIGH;Normalized only from organizer token `operation`.
product;5ec66969-8fcc-47b3-b517-a9c29372fffe;trl;9;catalog_export_v4.csv;CSV;row 9 / УГТ;ORGANIZER_CSV;HIGH;Organizer value normalized to integer when possible.
product;5ec66969-8fcc-47b3-b517-a9c29372fffe;market_potential;4.0;catalog_export_v4.csv;CSV;row 9 / Рын Потенциал;ORGANIZER_CSV;HIGH;Organizer value normalized to numeric representation.
product;5ec66969-8fcc-47b3-b517-a9c29372fffe;type;Мобильные роботы;catalog_export_v4.csv;CSV;row 9 / Тип;ORGANIZER_CSV;HIGH;Raw organizer value preserved.
product;5ec66969-8fcc-47b3-b517-a9c29372fffe;subtype;AMR;catalog_export_v4.csv;CSV;row 9 / Подтип;ORGANIZER_CSV;HIGH;Raw organizer value preserved.
product;5ec66969-8fcc-47b3-b517-a9c29372fffe;description.raw;Предназначен для автоматизированной транспортировки грузов на складах, в производственных цехах и на других промышленных объектах. Робот способен перемещаться по произвольным и заданным маршрутам, останавливаться в заданных точках для выполнения загрузки/разгрузки материалов или грузов.;catalog_export_v4.csv;CSV;row 9 / описание;ORGANIZER_CSV;HIGH;Raw organizer description preserved without rewriting.
product;5ec66969-8fcc-47b3-b517-a9c29372fffe;specs.payload;"{""raw"":""грузоподъемность до 800 кг"",""values"":[800.0],""unit"":""kg"",""status"":""ORGANIZER_NAME""}";catalog_export_v4.csv;CSV;row 9 / Название;ORGANIZER_CSV;HIGH;Payload explicitly encoded in product name.
applicability;app-v4-row-0009;industries;Торговля и услуги;catalog_export_v4.csv;CSV;row 9 / Отрасль;ORGANIZER_CSV;HIGH;Raw organizer applicability value.
applicability;app-v4-row-0009;use_cases;Внутрискладская логистика;catalog_export_v4.csv;CSV;row 9 / Сценарий;ORGANIZER_CSV;HIGH;Raw organizer applicability value.
applicability;app-v4-row-0009;regions;Москва;catalog_export_v4.csv;CSV;row 9 / Регион;ORGANIZER_CSV;HIGH;Raw organizer applicability value.
applicability;app-v4-row-0009;case_evidence;27 роботов AMR800 с различными типами оснастки протестированы на складах крупных e-commerce компаний. Подтверждено соответствие роботов заявленным характеристикам, а также продемонстрирована стабильность работы аппаратной и программной частей.  Кроме того, подтверждены эффективность роботизации складской логистики и повышение производительности за счет автоматизации перемещения паллет и стеллажей при отборе товаров для последующей отгрузки.;catalog_export_v4.csv;CSV;row 9 / Кейсы;ORGANIZER_CSV;HIGH;Raw organizer case text.
price_offer;price-v4-row-0009;raw_price;1 800 000,00;catalog_export_v4.csv;CSV;row 9 / Цена изделия;ORGANIZER_CSV;HIGH;Raw price preserved exactly.
price_offer;price-v4-row-0009;normalized_amount;1800000.00;catalog_export_v4.csv;CSV;row 9 / Цена изделия;NORMALIZED_FROM_ORGANIZER;HIGH;"Decimal comma/space normalization only; currency not inferred."
price_offer;price-v4-row-0009;vat_status;ORGANIZER_ASSUMPTION_INCLUDED;Дополнения для участников.pdf;page 4;prices assumed VAT-inclusive;ORGANIZER_ASSUMPTION;MEDIUM;Assumption from addendum, not confirmed per-offer fact.
price_offer;price-v4-row-0009;excluded_costs;delivery | commissioning/start-up | deep IT integration;Дополнения для участников.pdf;page 4;delivery, commissioning and deep integration excluded;ORGANIZER_ASSUMPTION;HIGH;Explicit addendum exclusion applied to each raw price offer.
product;7d5a76d2-7bf3-4a40-b6f7-64590d4d9273;name;AMR 1500 (грузоподъемность до 1 500 кг);catalog_export_v4.csv;CSV;row 10 / Название;ORGANIZER_CSV;HIGH;Raw organizer value preserved.
product;7d5a76d2-7bf3-4a40-b6f7-64590d4d9273;manufacturer;"ООО ""Морос""";catalog_export_v4.csv;CSV;row 10 / компания;ORGANIZER_CSV;HIGH;Raw organizer value preserved.
product;7d5a76d2-7bf3-4a40-b6f7-64590d4d9273;system_family;BRS;catalog_export_v4.csv;CSV;row 10 / тип;ORGANIZER_CSV;HIGH;Normalized only from organizer token `brs`.
product;7d5a76d2-7bf3-4a40-b6f7-64590d4d9273;maturity_status;PILOTING;catalog_export_v4.csv;CSV;row 10 / статус;ORGANIZER_CSV;HIGH;Normalized only from organizer token `piloting`.
product;7d5a76d2-7bf3-4a40-b6f7-64590d4d9273;trl;8;catalog_export_v4.csv;CSV;row 10 / УГТ;ORGANIZER_CSV;HIGH;Organizer value normalized to integer when possible.
product;7d5a76d2-7bf3-4a40-b6f7-64590d4d9273;market_potential;4.0;catalog_export_v4.csv;CSV;row 10 / Рын Потенциал;ORGANIZER_CSV;HIGH;Organizer value normalized to numeric representation.
product;7d5a76d2-7bf3-4a40-b6f7-64590d4d9273;type;Мобильные роботы;catalog_export_v4.csv;CSV;row 10 / Тип;ORGANIZER_CSV;HIGH;Raw organizer value preserved.
product;7d5a76d2-7bf3-4a40-b6f7-64590d4d9273;subtype;AMR;catalog_export_v4.csv;CSV;row 10 / Подтип;ORGANIZER_CSV;HIGH;Raw organizer value preserved.
product;7d5a76d2-7bf3-4a40-b6f7-64590d4d9273;description.raw;Предназначен для автоматизированной транспортировки тяжелых грузов на складах, в производственных цехах и на других промышленных объектах. Обладает уникальными для своего класса характеристиками: усиленной конструкцией и мощными приводами, обеспечивающими грузоподъёмность до 1500 кг. При этом робот отличается компактными габаритами – 1100×600×230 мм, развивает скорость до 1,5 м/с и способен перемещаться в проездах шириной от 680 мм. Время автономной работы достигает 22 часов;catalog_export_v4.csv;CSV;row 10 / описание;ORGANIZER_CSV;HIGH;Raw organizer description preserved without rewriting.
product;7d5a76d2-7bf3-4a40-b6f7-64590d4d9273;specs.payload;"{""raw"":""грузоподъемность до 1 500 кг"",""values"":[1500.0],""unit"":""kg"",""status"":""ORGANIZER_NAME""}";catalog_export_v4.csv;CSV;row 10 / Название;ORGANIZER_CSV;HIGH;Payload explicitly encoded in product name.
applicability;app-v4-row-0010;industries;Торговля и услуги;catalog_export_v4.csv;CSV;row 10 / Отрасль;ORGANIZER_CSV;HIGH;Raw organizer applicability value.
applicability;app-v4-row-0010;use_cases;Внутрискладская логистика;catalog_export_v4.csv;CSV;row 10 / Сценарий;ORGANIZER_CSV;HIGH;Raw organizer applicability value.
applicability;app-v4-row-0010;regions;Москва;catalog_export_v4.csv;CSV;row 10 / Регион;ORGANIZER_CSV;HIGH;Raw organizer applicability value.
applicability;app-v4-row-0010;case_evidence;В Центре испытаний робототехники в Сколково подтверждены заявленные ТТХ, в т.ч.: • точность навигации и маневрирования в ограниченном пространстве • способность распознавать препятствия и безопасно их объезжать • работу алгоритмов маршрутизации и оптимизации пути • скорость и точность выполнения задач по перемещению грузов • автономность работы и эффективность системы зарядки • устойчивость к внешним помехам и стабильность связи;catalog_export_v4.csv;CSV;row 10 / Кейсы;ORGANIZER_CSV;HIGH;Raw organizer case text.
price_offer;price-v4-row-0010;raw_price;2 200 000,00;catalog_export_v4.csv;CSV;row 10 / Цена изделия;ORGANIZER_CSV;HIGH;Raw price preserved exactly.
price_offer;price-v4-row-0010;normalized_amount;2200000.00;catalog_export_v4.csv;CSV;row 10 / Цена изделия;NORMALIZED_FROM_ORGANIZER;HIGH;"Decimal comma/space normalization only; currency not inferred."
price_offer;price-v4-row-0010;vat_status;ORGANIZER_ASSUMPTION_INCLUDED;Дополнения для участников.pdf;page 4;prices assumed VAT-inclusive;ORGANIZER_ASSUMPTION;MEDIUM;Assumption from addendum, not confirmed per-offer fact.
price_offer;price-v4-row-0010;excluded_costs;delivery | commissioning/start-up | deep IT integration;Дополнения для участников.pdf;page 4;delivery, commissioning and deep integration excluded;ORGANIZER_ASSUMPTION;HIGH;Explicit addendum exclusion applied to each raw price offer.
product;cccd0c0d-8ae7-435d-a171-45f5d82886e6;name;DMR 1200 (грузоподъемность до 1 200 кг);catalog_export_v4.csv;CSV;row 11 / Название;ORGANIZER_CSV;HIGH;Raw organizer value preserved.
product;cccd0c0d-8ae7-435d-a171-45f5d82886e6;manufacturer;"ООО ""Диком-Сервис""";catalog_export_v4.csv;CSV;row 11 / компания;ORGANIZER_CSV;HIGH;Raw organizer value preserved.
product;cccd0c0d-8ae7-435d-a171-45f5d82886e6;system_family;BRS;catalog_export_v4.csv;CSV;row 11 / тип;ORGANIZER_CSV;HIGH;Normalized only from organizer token `brs`.
product;cccd0c0d-8ae7-435d-a171-45f5d82886e6;maturity_status;PILOTING;catalog_export_v4.csv;CSV;row 11 / статус;ORGANIZER_CSV;HIGH;Normalized only from organizer token `piloting`.
product;cccd0c0d-8ae7-435d-a171-45f5d82886e6;trl;8;catalog_export_v4.csv;CSV;row 11 / УГТ;ORGANIZER_CSV;HIGH;Organizer value normalized to integer when possible.
product;cccd0c0d-8ae7-435d-a171-45f5d82886e6;market_potential;3.0;catalog_export_v4.csv;CSV;row 11 / Рын Потенциал;ORGANIZER_CSV;HIGH;Organizer value normalized to numeric representation.
product;cccd0c0d-8ae7-435d-a171-45f5d82886e6;type;Мобильные роботы;catalog_export_v4.csv;CSV;row 11 / Тип;ORGANIZER_CSV;HIGH;Raw organizer value preserved.
product;cccd0c0d-8ae7-435d-a171-45f5d82886e6;subtype;AMR;catalog_export_v4.csv;CSV;row 11 / Подтип;ORGANIZER_CSV;HIGH;Raw organizer value preserved.
product;cccd0c0d-8ae7-435d-a171-45f5d82886e6;specs.payload;"{""raw"":""грузоподъемность до 1 200 кг"",""values"":[1200.0],""unit"":""kg"",""status"":""ORGANIZER_NAME""}";catalog_export_v4.csv;CSV;row 11 / Название;ORGANIZER_CSV;HIGH;Payload explicitly encoded in product name.
applicability;app-v4-row-0011;industries;Торговля и услуги;catalog_export_v4.csv;CSV;row 11 / Отрасль;ORGANIZER_CSV;HIGH;Raw organizer applicability value.
applicability;app-v4-row-0011;use_cases;Внутрискладская логистика;catalog_export_v4.csv;CSV;row 11 / Сценарий;ORGANIZER_CSV;HIGH;Raw organizer applicability value.
applicability;app-v4-row-0011;regions;Санкт-Петербург;catalog_export_v4.csv;CSV;row 11 / Регион;ORGANIZER_CSV;HIGH;Raw organizer applicability value.
applicability;app-v4-row-0011;case_evidence;Робот для перемещения грузов на отдельно стоящих стеллажах и тележках успешно прошел испытания, проведенные ФЦ БАС и МИК. Платформа подтвердила заявленную грузоподъемность и время автономной работы.;catalog_export_v4.csv;CSV;row 11 / Кейсы;ORGANIZER_CSV;HIGH;Raw organizer case text.
price_offer;price-v4-row-0011;raw_price;4 000 000,00;catalog_export_v4.csv;CSV;row 11 / Цена изделия;ORGANIZER_CSV;HIGH;Raw price preserved exactly.
price_offer;price-v4-row-0011;normalized_amount;4000000.00;catalog_export_v4.csv;CSV;row 11 / Цена изделия;NORMALIZED_FROM_ORGANIZER;HIGH;"Decimal comma/space normalization only; currency not inferred."
price_offer;price-v4-row-0011;vat_status;ORGANIZER_ASSUMPTION_INCLUDED;Дополнения для участников.pdf;page 4;prices assumed VAT-inclusive;ORGANIZER_ASSUMPTION;MEDIUM;Assumption from addendum, not confirmed per-offer fact.
price_offer;price-v4-row-0011;excluded_costs;delivery | commissioning/start-up | deep IT integration;Дополнения для участников.pdf;page 4;delivery, commissioning and deep integration excluded;ORGANIZER_ASSUMPTION;HIGH;Explicit addendum exclusion applied to each raw price offer.
product;be814758-3616-4b94-befa-9848be2ac604;name;DMR 600 (грузоподъемность до 600 кг);catalog_export_v4.csv;CSV;row 12 / Название;ORGANIZER_CSV;HIGH;Raw organizer value preserved.
product;be814758-3616-4b94-befa-9848be2ac604;manufacturer;"ООО ""Диком-Сервис""";catalog_export_v4.csv;CSV;row 12 / компания;ORGANIZER_CSV;HIGH;Raw organizer value preserved.
product;be814758-3616-4b94-befa-9848be2ac604;system_family;BRS;catalog_export_v4.csv;CSV;row 12 / тип;ORGANIZER_CSV;HIGH;Normalized only from organizer token `brs`.
product;be814758-3616-4b94-befa-9848be2ac604;maturity_status;PILOTING;catalog_export_v4.csv;CSV;row 12 / статус;ORGANIZER_CSV;HIGH;Normalized only from organizer token `piloting`.
product;be814758-3616-4b94-befa-9848be2ac604;trl;7;catalog_export_v4.csv;CSV;row 12 / УГТ;ORGANIZER_CSV;HIGH;Organizer value normalized to integer when possible.
product;be814758-3616-4b94-befa-9848be2ac604;market_potential;3.0;catalog_export_v4.csv;CSV;row 12 / Рын Потенциал;ORGANIZER_CSV;HIGH;Organizer value normalized to numeric representation.
product;be814758-3616-4b94-befa-9848be2ac604;type;Мобильные роботы;catalog_export_v4.csv;CSV;row 12 / Тип;ORGANIZER_CSV;HIGH;Raw organizer value preserved.
product;be814758-3616-4b94-befa-9848be2ac604;subtype;AMR;catalog_export_v4.csv;CSV;row 12 / Подтип;ORGANIZER_CSV;HIGH;Raw organizer value preserved.
product;be814758-3616-4b94-befa-9848be2ac604;specs.payload;"{""raw"":""грузоподъемность до 600 кг"",""values"":[600.0],""unit"":""kg"",""status"":""ORGANIZER_NAME""}";catalog_export_v4.csv;CSV;row 12 / Название;ORGANIZER_CSV;HIGH;Payload explicitly encoded in product name.
applicability;app-v4-row-0012;industries;Торговля и услуги;catalog_export_v4.csv;CSV;row 12 / Отрасль;ORGANIZER_CSV;HIGH;Raw organizer applicability value.
applicability;app-v4-row-0012;use_cases;Внутрискладская логистика;catalog_export_v4.csv;CSV;row 12 / Сценарий;ORGANIZER_CSV;HIGH;Raw organizer applicability value.
applicability;app-v4-row-0012;regions;Санкт-Петербург;catalog_export_v4.csv;CSV;row 12 / Регион;ORGANIZER_CSV;HIGH;Raw organizer applicability value.
applicability;app-v4-row-0012;case_evidence;Робот DRM 600 проходит тестирование на собственном заводе компании;catalog_export_v4.csv;CSV;row 12 / Кейсы;ORGANIZER_CSV;HIGH;Raw organizer case text.
price_offer;price-v4-row-0012;raw_price;3 750 000,00;catalog_export_v4.csv;CSV;row 12 / Цена изделия;ORGANIZER_CSV;HIGH;Raw price preserved exactly.
price_offer;price-v4-row-0012;normalized_amount;3750000.00;catalog_export_v4.csv;CSV;row 12 / Цена изделия;NORMALIZED_FROM_ORGANIZER;HIGH;"Decimal comma/space normalization only; currency not inferred."
price_offer;price-v4-row-0012;vat_status;ORGANIZER_ASSUMPTION_INCLUDED;Дополнения для участников.pdf;page 4;prices assumed VAT-inclusive;ORGANIZER_ASSUMPTION;MEDIUM;Assumption from addendum, not confirmed per-offer fact.
price_offer;price-v4-row-0012;excluded_costs;delivery | commissioning/start-up | deep IT integration;Дополнения для участников.pdf;page 4;delivery, commissioning and deep integration excluded;ORGANIZER_ASSUMPTION;HIGH;Explicit addendum exclusion applied to each raw price offer.
product;993d980e-8b91-45e0-9c98-50ffab6e11e4;name;Сёмабот (грузоподъемность до 1 500 кг);catalog_export_v4.csv;CSV;row 13 / Название;ORGANIZER_CSV;HIGH;Raw organizer value preserved.
product;993d980e-8b91-45e0-9c98-50ffab6e11e4;manufacturer;"ООО ""Семаргл""";catalog_export_v4.csv;CSV;row 13 / компания;ORGANIZER_CSV;HIGH;Raw organizer value preserved.
product;993d980e-8b91-45e0-9c98-50ffab6e11e4;system_family;BRS;catalog_export_v4.csv;CSV;row 13 / тип;ORGANIZER_CSV;HIGH;Normalized only from organizer token `brs`.
product;993d980e-8b91-45e0-9c98-50ffab6e11e4;maturity_status;PILOTING;catalog_export_v4.csv;CSV;row 13 / статус;ORGANIZER_CSV;HIGH;Normalized only from organizer token `piloting`.
product;993d980e-8b91-45e0-9c98-50ffab6e11e4;trl;8;catalog_export_v4.csv;CSV;row 13 / УГТ;ORGANIZER_CSV;HIGH;Organizer value normalized to integer when possible.
product;993d980e-8b91-45e0-9c98-50ffab6e11e4;market_potential;3.0;catalog_export_v4.csv;CSV;row 13 / Рын Потенциал;ORGANIZER_CSV;HIGH;Organizer value normalized to numeric representation.
product;993d980e-8b91-45e0-9c98-50ffab6e11e4;type;Мобильные роботы;catalog_export_v4.csv;CSV;row 13 / Тип;ORGANIZER_CSV;HIGH;Raw organizer value preserved.
product;993d980e-8b91-45e0-9c98-50ffab6e11e4;subtype;AMR;catalog_export_v4.csv;CSV;row 13 / Подтип;ORGANIZER_CSV;HIGH;Raw organizer value preserved.
product;993d980e-8b91-45e0-9c98-50ffab6e11e4;specs.payload;"{""raw"":""грузоподъемность до 1 500 кг"",""values"":[1500.0],""unit"":""kg"",""status"":""ORGANIZER_NAME""}";catalog_export_v4.csv;CSV;row 13 / Название;ORGANIZER_CSV;HIGH;Payload explicitly encoded in product name.
applicability;app-v4-row-0013;industries;Торговля и услуги;catalog_export_v4.csv;CSV;row 13 / Отрасль;ORGANIZER_CSV;HIGH;Raw organizer applicability value.
applicability;app-v4-row-0013;use_cases;Внутрискладская логистика;catalog_export_v4.csv;CSV;row 13 / Сценарий;ORGANIZER_CSV;HIGH;Raw organizer applicability value.
applicability;app-v4-row-0013;regions;Санкт-Петербург;catalog_export_v4.csv;CSV;row 13 / Регион;ORGANIZER_CSV;HIGH;Raw organizer applicability value.
applicability;app-v4-row-0013;case_evidence;Проведены успешные испытания робота «Сёмабот» грузоподъемностью 1,5 тонны на тестовой площадке в Сколково под задачи крупных складских комплексов ритейла. Платформа подтвердила заявленную грузоподъемность и время автономной работы.;catalog_export_v4.csv;CSV;row 13 / Кейсы;ORGANIZER_CSV;HIGH;Raw organizer case text.
price_offer;price-v4-row-0013;raw_price;2 500 000,00;catalog_export_v4.csv;CSV;row 13 / Цена изделия;ORGANIZER_CSV;HIGH;Raw price preserved exactly.
price_offer;price-v4-row-0013;normalized_amount;2500000.00;catalog_export_v4.csv;CSV;row 13 / Цена изделия;NORMALIZED_FROM_ORGANIZER;HIGH;"Decimal comma/space normalization only; currency not inferred."
price_offer;price-v4-row-0013;vat_status;ORGANIZER_ASSUMPTION_INCLUDED;Дополнения для участников.pdf;page 4;prices assumed VAT-inclusive;ORGANIZER_ASSUMPTION;MEDIUM;Assumption from addendum, not confirmed per-offer fact.
price_offer;price-v4-row-0013;excluded_costs;delivery | commissioning/start-up | deep IT integration;Дополнения для участников.pdf;page 4;delivery, commissioning and deep integration excluded;ORGANIZER_ASSUMPTION;HIGH;Explicit addendum exclusion applied to each raw price offer.
product;f7634ef8-0034-4c5b-b2f0-e44a14f05a76;name;DMR Carrier P;catalog_export_v4.csv;CSV;row 14 / Название;ORGANIZER_CSV;HIGH;Raw organizer value preserved.
product;f7634ef8-0034-4c5b-b2f0-e44a14f05a76;manufacturer;"ООО ""Диком-Сервис""";catalog_export_v4.csv;CSV;row 14 / компания;ORGANIZER_CSV;HIGH;Raw organizer value preserved.
product;f7634ef8-0034-4c5b-b2f0-e44a14f05a76;system_family;BRS;catalog_export_v4.csv;CSV;row 14 / тип;ORGANIZER_CSV;HIGH;Normalized only from organizer token `brs`.
product;f7634ef8-0034-4c5b-b2f0-e44a14f05a76;maturity_status;PILOTING;catalog_export_v4.csv;CSV;row 14 / статус;ORGANIZER_CSV;HIGH;Normalized only from organizer token `piloting`.
product;f7634ef8-0034-4c5b-b2f0-e44a14f05a76;trl;8;catalog_export_v4.csv;CSV;row 14 / УГТ;ORGANIZER_CSV;HIGH;Organizer value normalized to integer when possible.
product;f7634ef8-0034-4c5b-b2f0-e44a14f05a76;market_potential;4.0;catalog_export_v4.csv;CSV;row 14 / Рын Потенциал;ORGANIZER_CSV;HIGH;Organizer value normalized to numeric representation.
product;f7634ef8-0034-4c5b-b2f0-e44a14f05a76;type;Мобильные роботы;catalog_export_v4.csv;CSV;row 14 / Тип;ORGANIZER_CSV;HIGH;Raw organizer value preserved.
product;f7634ef8-0034-4c5b-b2f0-e44a14f05a76;description.raw;Автономный FMR-робот (вилочный погрузчик) ДиКом DMR Carrier P — это революция в складской логистике. Робот-штабелер грузоподъемностью 1500 кг самостоятельно перемещает паллеты, не требуя магнитных лент или рельсов.  ;catalog_export_v4.csv;CSV;row 14 / описание;ORGANIZER_CSV;HIGH;Raw organizer description preserved without rewriting.
applicability;app-v4-row-0014;industries;Торговля и услуги;catalog_export_v4.csv;CSV;row 14 / Отрасль;ORGANIZER_CSV;HIGH;Raw organizer applicability value.
applicability;app-v4-row-0014;use_cases;Внутрискладская логистика;catalog_export_v4.csv;CSV;row 14 / Сценарий;ORGANIZER_CSV;HIGH;Raw organizer applicability value.
applicability;app-v4-row-0014;regions;Санкт-Петербург;catalog_export_v4.csv;CSV;row 14 / Регион;ORGANIZER_CSV;HIGH;Raw organizer applicability value.
applicability;app-v4-row-0014;case_evidence;Автономный FMR-робот (вилочный погрузчик) ДиКом DMR Carrier P находиться на стадии пилотного тестирования;catalog_export_v4.csv;CSV;row 14 / Кейсы;ORGANIZER_CSV;HIGH;Raw organizer case text.
price_offer;price-v4-row-0014;raw_price;4 300 000,00;catalog_export_v4.csv;CSV;row 14 / Цена изделия;ORGANIZER_CSV;HIGH;Raw price preserved exactly.
price_offer;price-v4-row-0014;normalized_amount;4300000.00;catalog_export_v4.csv;CSV;row 14 / Цена изделия;NORMALIZED_FROM_ORGANIZER;HIGH;"Decimal comma/space normalization only; currency not inferred."
price_offer;price-v4-row-0014;vat_status;ORGANIZER_ASSUMPTION_INCLUDED;Дополнения для участников.pdf;page 4;prices assumed VAT-inclusive;ORGANIZER_ASSUMPTION;MEDIUM;Assumption from addendum, not confirmed per-offer fact.
price_offer;price-v4-row-0014;excluded_costs;delivery | commissioning/start-up | deep IT integration;Дополнения для участников.pdf;page 4;delivery, commissioning and deep integration excluded;ORGANIZER_ASSUMPTION;HIGH;Explicit addendum exclusion applied to each raw price offer.
product;5a36611d-033e-4893-bd49-5d4f776f57dd;name;AK-2000-2;catalog_export_v4.csv;CSV;row 15 / Название;ORGANIZER_CSV;HIGH;Raw organizer value preserved.
product;5a36611d-033e-4893-bd49-5d4f776f57dd;manufacturer;"ООО ""ГК Автомакон""";catalog_export_v4.csv;CSV;row 15 / компания;ORGANIZER_CSV;HIGH;Raw organizer value preserved.
product;5a36611d-033e-4893-bd49-5d4f776f57dd;system_family;BRS;catalog_export_v4.csv;CSV;row 15 / тип;ORGANIZER_CSV;HIGH;Normalized only from organizer token `brs`.
product;5a36611d-033e-4893-bd49-5d4f776f57dd;maturity_status;OPERATION;catalog_export_v4.csv;CSV;row 15 / статус;ORGANIZER_CSV;HIGH;Normalized only from organizer token `operation`.
product;5a36611d-033e-4893-bd49-5d4f776f57dd;trl;9;catalog_export_v4.csv;CSV;row 15 / УГТ;ORGANIZER_CSV;HIGH;Organizer value normalized to integer when possible.
product;5a36611d-033e-4893-bd49-5d4f776f57dd;market_potential;4.0;catalog_export_v4.csv;CSV;row 15 / Рын Потенциал;ORGANIZER_CSV;HIGH;Organizer value normalized to numeric representation.
product;5a36611d-033e-4893-bd49-5d4f776f57dd;type;Автономные наземные транспортные средства;catalog_export_v4.csv;CSV;row 15 / Тип;ORGANIZER_CSV;HIGH;Raw organizer value preserved.
product;5a36611d-033e-4893-bd49-5d4f776f57dd;subtype;FMR;catalog_export_v4.csv;CSV;row 15 / Подтип;ORGANIZER_CSV;HIGH;Raw organizer value preserved.
product;5a36611d-033e-4893-bd49-5d4f776f57dd;description.raw;Полностью автономное беспилотное транспортное средство для напольного перемещения паллетных грузов.;catalog_export_v4.csv;CSV;row 15 / описание;ORGANIZER_CSV;HIGH;Raw organizer description preserved without rewriting.
applicability;app-v4-row-0015;industries;Торговля и услуги;catalog_export_v4.csv;CSV;row 15 / Отрасль;ORGANIZER_CSV;HIGH;Raw organizer applicability value.
applicability;app-v4-row-0015;use_cases;Внутрискладская логистика;catalog_export_v4.csv;CSV;row 15 / Сценарий;ORGANIZER_CSV;HIGH;Raw organizer applicability value.
applicability;app-v4-row-0015;regions;Москва;catalog_export_v4.csv;CSV;row 15 / Регион;ORGANIZER_CSV;HIGH;Raw organizer applicability value.
applicability;app-v4-row-0015;case_evidence;Внедрены 67 роботов FMR в распределительном центре «Пятерочки» X5 Group «Новая Рига» для перемещения, сортировки и транспортировки грузов. Использование одного робота позволяет экономить 180 человеко-часов за одну процедуру инвентаризации.;catalog_export_v4.csv;CSV;row 15 / Кейсы;ORGANIZER_CSV;HIGH;Raw organizer case text.
price_offer;price-v4-row-0015;raw_price;2 940 000,00;catalog_export_v4.csv;CSV;row 15 / Цена изделия;ORGANIZER_CSV;HIGH;Raw price preserved exactly.
price_offer;price-v4-row-0015;normalized_amount;2940000.00;catalog_export_v4.csv;CSV;row 15 / Цена изделия;NORMALIZED_FROM_ORGANIZER;HIGH;"Decimal comma/space normalization only; currency not inferred."
price_offer;price-v4-row-0015;vat_status;ORGANIZER_ASSUMPTION_INCLUDED;Дополнения для участников.pdf;page 4;prices assumed VAT-inclusive;ORGANIZER_ASSUMPTION;MEDIUM;Assumption from addendum, not confirmed per-offer fact.
price_offer;price-v4-row-0015;excluded_costs;delivery | commissioning/start-up | deep IT integration;Дополнения для участников.pdf;page 4;delivery, commissioning and deep integration excluded;ORGANIZER_ASSUMPTION;HIGH;Explicit addendum exclusion applied to each raw price offer.
product;2ffc706d-fe43-4c2b-baad-a624a95ad3ce;name;Робот-штабелёр RoboCV;catalog_export_v4.csv;CSV;row 16 / Название;ORGANIZER_CSV;HIGH;Raw organizer value preserved.
product;2ffc706d-fe43-4c2b-baad-a624a95ad3ce;manufacturer;"ООО ""Робосиви""";catalog_export_v4.csv;CSV;row 16 / компания;ORGANIZER_CSV;HIGH;Raw organizer value preserved.
product;2ffc706d-fe43-4c2b-baad-a624a95ad3ce;system_family;BRS;catalog_export_v4.csv;CSV;row 16 / тип;ORGANIZER_CSV;HIGH;Normalized only from organizer token `brs`.
product;2ffc706d-fe43-4c2b-baad-a624a95ad3ce;maturity_status;OPERATION;catalog_export_v4.csv;CSV;row 16 / статус;ORGANIZER_CSV;HIGH;Normalized only from organizer token `operation`.
product;2ffc706d-fe43-4c2b-baad-a624a95ad3ce;trl;8;catalog_export_v4.csv;CSV;row 16 / УГТ;ORGANIZER_CSV;HIGH;Organizer value normalized to integer when possible.
product;2ffc706d-fe43-4c2b-baad-a624a95ad3ce;market_potential;3.0;catalog_export_v4.csv;CSV;row 16 / Рын Потенциал;ORGANIZER_CSV;HIGH;Organizer value normalized to numeric representation.
product;2ffc706d-fe43-4c2b-baad-a624a95ad3ce;type;Мобильные роботы;catalog_export_v4.csv;CSV;row 16 / Тип;ORGANIZER_CSV;HIGH;Raw organizer value preserved.
product;2ffc706d-fe43-4c2b-baad-a624a95ad3ce;subtype;Робот-штабелер;catalog_export_v4.csv;CSV;row 16 / Подтип;ORGANIZER_CSV;HIGH;Raw organizer value preserved.
product;2ffc706d-fe43-4c2b-baad-a624a95ad3ce;description.raw;Российский автономный беспилотный вилочный погрузчик, разработанный компанией RoboCV (резидент Инновационного центра «Сколково»). Комплекс предназначен для автоматизации напольного перемещения паллетных грузов, а также их обслуживания на различных ярусах стеллажей и конвейеров.Главная особенность решений RoboCV — использование интеллектуальной системы RoboCV AUTOPILOT (в рамках концепции X-MOTION). Она превращает стандартную складскую технику (например, марок Still или Linde) в полностью автоном;catalog_export_v4.csv;CSV;row 16 / описание;ORGANIZER_CSV;HIGH;Raw organizer description preserved without rewriting.
applicability;app-v4-row-0016;industries;Торговля и услуги;catalog_export_v4.csv;CSV;row 16 / Отрасль;ORGANIZER_CSV;HIGH;Raw organizer applicability value.
applicability;app-v4-row-0016;use_cases;Внутрискладская логистика;catalog_export_v4.csv;CSV;row 16 / Сценарий;ORGANIZER_CSV;HIGH;Raw organizer applicability value.
applicability;app-v4-row-0016;regions;Москва;catalog_export_v4.csv;CSV;row 16 / Регион;ORGANIZER_CSV;HIGH;Raw organizer applicability value.
applicability;app-v4-row-0016;case_evidence;Реализован проект по роботизации процессов перемещения паллетных грузов с производства на склад на предприятии ООО ФИРМА «ЦИКЛ» (Ковров) и заводе Knauf (Красногорск).;catalog_export_v4.csv;CSV;row 16 / Кейсы;ORGANIZER_CSV;HIGH;Raw organizer case text.
price_offer;price-v4-row-0016;raw_price;2 500 000,00;catalog_export_v4.csv;CSV;row 16 / Цена изделия;ORGANIZER_CSV;HIGH;Raw price preserved exactly.
price_offer;price-v4-row-0016;normalized_amount;2500000.00;catalog_export_v4.csv;CSV;row 16 / Цена изделия;NORMALIZED_FROM_ORGANIZER;HIGH;"Decimal comma/space normalization only; currency not inferred."
price_offer;price-v4-row-0016;vat_status;ORGANIZER_ASSUMPTION_INCLUDED;Дополнения для участников.pdf;page 4;prices assumed VAT-inclusive;ORGANIZER_ASSUMPTION;MEDIUM;Assumption from addendum, not confirmed per-offer fact.
price_offer;price-v4-row-0016;excluded_costs;delivery | commissioning/start-up | deep IT integration;Дополнения для участников.pdf;page 4;delivery, commissioning and deep integration excluded;ORGANIZER_ASSUMPTION;HIGH;Explicit addendum exclusion applied to each raw price offer.
product;b4a9ef38-b68a-4c0f-8512-9bc9a718c4e1;name;Робот-тягач RoboCV;catalog_export_v4.csv;CSV;row 17 / Название;ORGANIZER_CSV;HIGH;Raw organizer value preserved.
product;b4a9ef38-b68a-4c0f-8512-9bc9a718c4e1;manufacturer;"ООО ""Робосиви""";catalog_export_v4.csv;CSV;row 17 / компания;ORGANIZER_CSV;HIGH;Raw organizer value preserved.
product;b4a9ef38-b68a-4c0f-8512-9bc9a718c4e1;system_family;BRS;catalog_export_v4.csv;CSV;row 17 / тип;ORGANIZER_CSV;HIGH;Normalized only from organizer token `brs`.
product;b4a9ef38-b68a-4c0f-8512-9bc9a718c4e1;maturity_status;OPERATION;catalog_export_v4.csv;CSV;row 17 / статус;ORGANIZER_CSV;HIGH;Normalized only from organizer token `operation`.
product;b4a9ef38-b68a-4c0f-8512-9bc9a718c4e1;trl;8;catalog_export_v4.csv;CSV;row 17 / УГТ;ORGANIZER_CSV;HIGH;Organizer value normalized to integer when possible.
product;b4a9ef38-b68a-4c0f-8512-9bc9a718c4e1;market_potential;3.0;catalog_export_v4.csv;CSV;row 17 / Рын Потенциал;ORGANIZER_CSV;HIGH;Organizer value normalized to numeric representation.
product;b4a9ef38-b68a-4c0f-8512-9bc9a718c4e1;type;Автономные наземные транспортные средства;catalog_export_v4.csv;CSV;row 17 / Тип;ORGANIZER_CSV;HIGH;Raw organizer value preserved.
product;b4a9ef38-b68a-4c0f-8512-9bc9a718c4e1;subtype;Беспилотный тягач;catalog_export_v4.csv;CSV;row 17 / Подтип;ORGANIZER_CSV;HIGH;Raw organizer value preserved.
applicability;app-v4-row-0017;industries;Торговля и услуги;catalog_export_v4.csv;CSV;row 17 / Отрасль;ORGANIZER_CSV;HIGH;Raw organizer applicability value.
applicability;app-v4-row-0017;use_cases;Внутрискладская логистика;catalog_export_v4.csv;CSV;row 17 / Сценарий;ORGANIZER_CSV;HIGH;Raw organizer applicability value.
applicability;app-v4-row-0017;regions;Москва;catalog_export_v4.csv;CSV;row 17 / Регион;ORGANIZER_CSV;HIGH;Raw organizer applicability value.
applicability;app-v4-row-0017;case_evidence;На автомобильном заводе ГАЗ (Нижний Новгород) запущен складской робот-тягач для транспортировки комплектующих со склада к производственной линии предприятия.;catalog_export_v4.csv;CSV;row 17 / Кейсы;ORGANIZER_CSV;HIGH;Raw organizer case text.
price_offer;price-v4-row-0017;raw_price;2 500 000,00;catalog_export_v4.csv;CSV;row 17 / Цена изделия;ORGANIZER_CSV;HIGH;Raw price preserved exactly.
price_offer;price-v4-row-0017;normalized_amount;2500000.00;catalog_export_v4.csv;CSV;row 17 / Цена изделия;NORMALIZED_FROM_ORGANIZER;HIGH;"Decimal comma/space normalization only; currency not inferred."
price_offer;price-v4-row-0017;vat_status;ORGANIZER_ASSUMPTION_INCLUDED;Дополнения для участников.pdf;page 4;prices assumed VAT-inclusive;ORGANIZER_ASSUMPTION;MEDIUM;Assumption from addendum, not confirmed per-offer fact.
price_offer;price-v4-row-0017;excluded_costs;delivery | commissioning/start-up | deep IT integration;Дополнения для участников.pdf;page 4;delivery, commissioning and deep integration excluded;ORGANIZER_ASSUMPTION;HIGH;Explicit addendum exclusion applied to each raw price offer.
product;0ece582a-084c-4a8b-99f4-576f0e01b7c8;name;SmartCube;catalog_export_v4.csv;CSV;row 18 / Название;ORGANIZER_CSV;HIGH;Raw organizer value preserved.
product;0ece582a-084c-4a8b-99f4-576f0e01b7c8;manufacturer;"ООО ""АРС""";catalog_export_v4.csv;CSV;row 18 / компания;ORGANIZER_CSV;HIGH;Raw organizer value preserved.
product;0ece582a-084c-4a8b-99f4-576f0e01b7c8;system_family;BRS;catalog_export_v4.csv;CSV;row 18 / тип;ORGANIZER_CSV;HIGH;Normalized only from organizer token `brs`.
product;0ece582a-084c-4a8b-99f4-576f0e01b7c8;maturity_status;OPERATION;catalog_export_v4.csv;CSV;row 18 / статус;ORGANIZER_CSV;HIGH;Normalized only from organizer token `operation`.
product;0ece582a-084c-4a8b-99f4-576f0e01b7c8;trl;8;catalog_export_v4.csv;CSV;row 18 / УГТ;ORGANIZER_CSV;HIGH;Organizer value normalized to integer when possible.
product;0ece582a-084c-4a8b-99f4-576f0e01b7c8;market_potential;4.0;catalog_export_v4.csv;CSV;row 18 / Рын Потенциал;ORGANIZER_CSV;HIGH;Organizer value normalized to numeric representation.
product;0ece582a-084c-4a8b-99f4-576f0e01b7c8;type;Стационарные роботизированные системы;catalog_export_v4.csv;CSV;row 18 / Тип;ORGANIZER_CSV;HIGH;Raw organizer value preserved.
product;0ece582a-084c-4a8b-99f4-576f0e01b7c8;subtype;Умная система хранения;catalog_export_v4.csv;CSV;row 18 / Подтип;ORGANIZER_CSV;HIGH;Raw organizer value preserved.
product;0ece582a-084c-4a8b-99f4-576f0e01b7c8;description.raw;Флагманская роботизированная система кубического хранения, разработанная отечественной компанией ARS Smart Robotics (основана выпускниками МГТУ им. Баумана в 2016 году). Это первая и единственная в России и СНГ автоматизированная система такого типа, которая конкурирует с мировыми аналогами (например, AutoStore).;catalog_export_v4.csv;CSV;row 18 / описание;ORGANIZER_CSV;HIGH;Raw organizer description preserved without rewriting.
applicability;app-v4-row-0018;industries;Торговля и услуги;catalog_export_v4.csv;CSV;row 18 / Отрасль;ORGANIZER_CSV;HIGH;Raw organizer applicability value.
applicability;app-v4-row-0018;use_cases;Внутрискладская логистика;catalog_export_v4.csv;CSV;row 18 / Сценарий;ORGANIZER_CSV;HIGH;Raw organizer applicability value.
applicability;app-v4-row-0018;regions;Москва;catalog_export_v4.csv;CSV;row 18 / Регион;ORGANIZER_CSV;HIGH;Raw organizer applicability value.
applicability;app-v4-row-0018;case_evidence;Автоматизирован даркстор X5 Group: были роботизированы хранение сухих товаров и сборка клиентских заказов для онлайн-доставки.;catalog_export_v4.csv;CSV;row 18 / Кейсы;ORGANIZER_CSV;HIGH;Raw organizer case text.
price_offer;price-v4-row-0018;raw_price;2 700 000,00;catalog_export_v4.csv;CSV;row 18 / Цена изделия;ORGANIZER_CSV;HIGH;Raw price preserved exactly.
price_offer;price-v4-row-0018;normalized_amount;2700000.00;catalog_export_v4.csv;CSV;row 18 / Цена изделия;NORMALIZED_FROM_ORGANIZER;HIGH;"Decimal comma/space normalization only; currency not inferred."
price_offer;price-v4-row-0018;vat_status;ORGANIZER_ASSUMPTION_INCLUDED;Дополнения для участников.pdf;page 4;prices assumed VAT-inclusive;ORGANIZER_ASSUMPTION;MEDIUM;Assumption from addendum, not confirmed per-offer fact.
price_offer;price-v4-row-0018;excluded_costs;delivery | commissioning/start-up | deep IT integration;Дополнения для участников.pdf;page 4;delivery, commissioning and deep integration excluded;ORGANIZER_ASSUMPTION;HIGH;Explicit addendum exclusion applied to each raw price offer.
product;19a68304-56f7-432f-afd8-b97b2b8466ba;name;Беспилотный погрузчик;catalog_export_v4.csv;CSV;row 19 / Название;ORGANIZER_CSV;HIGH;Raw organizer value preserved.
product;19a68304-56f7-432f-afd8-b97b2b8466ba;manufacturer;МФТИ;catalog_export_v4.csv;CSV;row 19 / компания;ORGANIZER_CSV;HIGH;Raw organizer value preserved.
product;19a68304-56f7-432f-afd8-b97b2b8466ba;system_family;BRS;catalog_export_v4.csv;CSV;row 19 / тип;ORGANIZER_CSV;HIGH;Normalized only from organizer token `brs`.
product;19a68304-56f7-432f-afd8-b97b2b8466ba;maturity_status;PILOTING;catalog_export_v4.csv;CSV;row 19 / статус;ORGANIZER_CSV;HIGH;Normalized only from organizer token `piloting`.
product;19a68304-56f7-432f-afd8-b97b2b8466ba;trl;7;catalog_export_v4.csv;CSV;row 19 / УГТ;ORGANIZER_CSV;HIGH;Organizer value normalized to integer when possible.
product;19a68304-56f7-432f-afd8-b97b2b8466ba;market_potential;3.0;catalog_export_v4.csv;CSV;row 19 / Рын Потенциал;ORGANIZER_CSV;HIGH;Organizer value normalized to numeric representation.
product;19a68304-56f7-432f-afd8-b97b2b8466ba;type;Мобильные роботы;catalog_export_v4.csv;CSV;row 19 / Тип;ORGANIZER_CSV;HIGH;Raw organizer value preserved.
product;19a68304-56f7-432f-afd8-b97b2b8466ba;subtype;Беспилотный погрузчик;catalog_export_v4.csv;CSV;row 19 / Подтип;ORGANIZER_CSV;HIGH;Raw organizer value preserved.
applicability;app-v4-row-0019;industries;Торговля и услуги;catalog_export_v4.csv;CSV;row 19 / Отрасль;ORGANIZER_CSV;HIGH;Raw organizer applicability value.
applicability;app-v4-row-0019;use_cases;Внутрискладская логистика;catalog_export_v4.csv;CSV;row 19 / Сценарий;ORGANIZER_CSV;HIGH;Raw organizer applicability value.
applicability;app-v4-row-0019;regions;Москва;catalog_export_v4.csv;CSV;row 19 / Регион;ORGANIZER_CSV;HIGH;Raw organizer applicability value.
applicability;app-v4-row-0019;case_evidence;Разработан программно-аппаратный комплекс «Беспилотный погрузчик» для автономной работы на складах в одном пространстве с людьми. Пилотные проекты реализованы в логистических центрах «ВкусВилл», X5 Group и СберЛогистика, первое коммерческое использование начато для компании «НижБел».;catalog_export_v4.csv;CSV;row 19 / Кейсы;ORGANIZER_CSV;HIGH;Raw organizer case text.
price_offer;price-v4-row-0019;raw_price;3 000 000,00;catalog_export_v4.csv;CSV;row 19 / Цена изделия;ORGANIZER_CSV;HIGH;Raw price preserved exactly.
price_offer;price-v4-row-0019;normalized_amount;3000000.00;catalog_export_v4.csv;CSV;row 19 / Цена изделия;NORMALIZED_FROM_ORGANIZER;HIGH;"Decimal comma/space normalization only; currency not inferred."
price_offer;price-v4-row-0019;vat_status;ORGANIZER_ASSUMPTION_INCLUDED;Дополнения для участников.pdf;page 4;prices assumed VAT-inclusive;ORGANIZER_ASSUMPTION;MEDIUM;Assumption from addendum, not confirmed per-offer fact.
price_offer;price-v4-row-0019;excluded_costs;delivery | commissioning/start-up | deep IT integration;Дополнения для участников.pdf;page 4;delivery, commissioning and deep integration excluded;ORGANIZER_ASSUMPTION;HIGH;Explicit addendum exclusion applied to each raw price offer.
product;ecd7d582-b342-449a-b43b-66288d159a32;name;MULE;catalog_export_v4.csv;CSV;row 20 / Название;ORGANIZER_CSV;HIGH;Raw organizer value preserved.
product;ecd7d582-b342-449a-b43b-66288d159a32;manufacturer;ООО «СМ РОБОТИКС»;catalog_export_v4.csv;CSV;row 20 / компания;ORGANIZER_CSV;HIGH;Raw organizer value preserved.
product;ecd7d582-b342-449a-b43b-66288d159a32;system_family;BRS;catalog_export_v4.csv;CSV;row 20 / тип;ORGANIZER_CSV;HIGH;Normalized only from organizer token `brs`.
product;ecd7d582-b342-449a-b43b-66288d159a32;maturity_status;PILOTING;catalog_export_v4.csv;CSV;row 20 / статус;ORGANIZER_CSV;HIGH;Normalized only from organizer token `piloting`.
product;ecd7d582-b342-449a-b43b-66288d159a32;trl;7;catalog_export_v4.csv;CSV;row 20 / УГТ;ORGANIZER_CSV;HIGH;Organizer value normalized to integer when possible.
product;ecd7d582-b342-449a-b43b-66288d159a32;market_potential;4.0;catalog_export_v4.csv;CSV;row 20 / Рын Потенциал;ORGANIZER_CSV;HIGH;Organizer value normalized to numeric representation.
product;ecd7d582-b342-449a-b43b-66288d159a32;type;Мобильные роботы;catalog_export_v4.csv;CSV;row 20 / Тип;ORGANIZER_CSV;HIGH;Raw organizer value preserved.
product;ecd7d582-b342-449a-b43b-66288d159a32;subtype;FMR;catalog_export_v4.csv;CSV;row 20 / Подтип;ORGANIZER_CSV;HIGH;Raw organizer value preserved.
applicability;app-v4-row-0020;industries;Торговля и услуги;catalog_export_v4.csv;CSV;row 20 / Отрасль;ORGANIZER_CSV;HIGH;Raw organizer applicability value.
applicability;app-v4-row-0020;use_cases;Внутрискладская логистика;catalog_export_v4.csv;CSV;row 20 / Сценарий;ORGANIZER_CSV;HIGH;Raw organizer applicability value.
applicability;app-v4-row-0020;regions;Москва;catalog_export_v4.csv;CSV;row 20 / Регион;ORGANIZER_CSV;HIGH;Raw organizer applicability value.
applicability;app-v4-row-0020;case_evidence;Робот прошел пилотное тестирование на складе 3PL-оператора RFL. Пилот проходит на широкопроходном складе площадью 20 000 м² на 27 000 палетомест с интенсивным палетным потоком;catalog_export_v4.csv;CSV;row 20 / Кейсы;ORGANIZER_CSV;HIGH;Raw organizer case text.
price_offer;price-v4-row-0020;raw_price;3 000 000,00;catalog_export_v4.csv;CSV;row 20 / Цена изделия;ORGANIZER_CSV;HIGH;Raw price preserved exactly.
price_offer;price-v4-row-0020;normalized_amount;3000000.00;catalog_export_v4.csv;CSV;row 20 / Цена изделия;NORMALIZED_FROM_ORGANIZER;HIGH;"Decimal comma/space normalization only; currency not inferred."
price_offer;price-v4-row-0020;vat_status;ORGANIZER_ASSUMPTION_INCLUDED;Дополнения для участников.pdf;page 4;prices assumed VAT-inclusive;ORGANIZER_ASSUMPTION;MEDIUM;Assumption from addendum, not confirmed per-offer fact.
price_offer;price-v4-row-0020;excluded_costs;delivery | commissioning/start-up | deep IT integration;Дополнения для участников.pdf;page 4;delivery, commissioning and deep integration excluded;ORGANIZER_ASSUMPTION;HIGH;Explicit addendum exclusion applied to each raw price offer.
product;e8960183-1828-4fdb-8c39-91f5a3523a96;name;РУБИ-С-03;catalog_export_v4.csv;CSV;row 21 / Название;ORGANIZER_CSV;HIGH;Raw organizer value preserved.
product;e8960183-1828-4fdb-8c39-91f5a3523a96;manufacturer;"ООО ""РОБО""";catalog_export_v4.csv;CSV;row 21 / компания;ORGANIZER_CSV;HIGH;Raw organizer value preserved.
product;e8960183-1828-4fdb-8c39-91f5a3523a96;system_family;BRS;catalog_export_v4.csv;CSV;row 21 / тип;ORGANIZER_CSV;HIGH;Normalized only from organizer token `brs`.
product;e8960183-1828-4fdb-8c39-91f5a3523a96;maturity_status;OPERATION;catalog_export_v4.csv;CSV;row 21 / статус;ORGANIZER_CSV;HIGH;Normalized only from organizer token `operation`.
product;e8960183-1828-4fdb-8c39-91f5a3523a96;trl;9;catalog_export_v4.csv;CSV;row 21 / УГТ;ORGANIZER_CSV;HIGH;Organizer value normalized to integer when possible.
product;e8960183-1828-4fdb-8c39-91f5a3523a96;market_potential;4.0;catalog_export_v4.csv;CSV;row 21 / Рын Потенциал;ORGANIZER_CSV;HIGH;Organizer value normalized to numeric representation.
product;e8960183-1828-4fdb-8c39-91f5a3523a96;type;Мобильные роботы;catalog_export_v4.csv;CSV;row 21 / Тип;ORGANIZER_CSV;HIGH;Raw organizer value preserved.
product;e8960183-1828-4fdb-8c39-91f5a3523a96;subtype;Робот-уборщик;catalog_export_v4.csv;CSV;row 21 / Подтип;ORGANIZER_CSV;HIGH;Raw organizer value preserved.
product;e8960183-1828-4fdb-8c39-91f5a3523a96;description.raw;Автономный робот-уборщик. Устройство представляет собой умную клининговую систему для влажной и сухой уборки внутренних помещений средних и крупных размеров. Роботы этой серии активно внедряются в бизнес-центрах, супермаркетах, жилых комплексах, университетах и на объектах государственных корпораций.;catalog_export_v4.csv;CSV;row 21 / описание;ORGANIZER_CSV;HIGH;Raw organizer description preserved without rewriting.
applicability;app-v4-row-0021;industries;Торговля и услуги;catalog_export_v4.csv;CSV;row 21 / Отрасль;ORGANIZER_CSV;HIGH;Raw organizer applicability value.
applicability;app-v4-row-0021;use_cases;Уборка помещений;catalog_export_v4.csv;CSV;row 21 / Сценарий;ORGANIZER_CSV;HIGH;Raw organizer applicability value.
applicability;app-v4-row-0021;regions;Москва;catalog_export_v4.csv;CSV;row 21 / Регион;ORGANIZER_CSV;HIGH;Raw organizer applicability value.
applicability;app-v4-row-0021;case_evidence;В фондохранилище Государственного Эрмитажа успешно внедрен клининговый комплекс, осуществляющий уборку по заданному расписанию на двух типах покрытия с преодолением перепадов пола и выбором режима уборки (интенсивное, обычное).;catalog_export_v4.csv;CSV;row 21 / Кейсы;ORGANIZER_CSV;HIGH;Raw organizer case text.
price_offer;price-v4-row-0021;raw_price;2 200 000,00;catalog_export_v4.csv;CSV;row 21 / Цена изделия;ORGANIZER_CSV;HIGH;Raw price preserved exactly.
price_offer;price-v4-row-0021;normalized_amount;2200000.00;catalog_export_v4.csv;CSV;row 21 / Цена изделия;NORMALIZED_FROM_ORGANIZER;HIGH;"Decimal comma/space normalization only; currency not inferred."
price_offer;price-v4-row-0021;vat_status;ORGANIZER_ASSUMPTION_INCLUDED;Дополнения для участников.pdf;page 4;prices assumed VAT-inclusive;ORGANIZER_ASSUMPTION;MEDIUM;Assumption from addendum, not confirmed per-offer fact.
price_offer;price-v4-row-0021;excluded_costs;delivery | commissioning/start-up | deep IT integration;Дополнения для участников.pdf;page 4;delivery, commissioning and deep integration excluded;ORGANIZER_ASSUMPTION;HIGH;Explicit addendum exclusion applied to each raw price offer.
product;446c5207-a099-45e0-b615-afd60de08589;name;MARK 2 SE;catalog_export_v4.csv;CSV;row 22 / Название;ORGANIZER_CSV;HIGH;Raw organizer value preserved.
product;446c5207-a099-45e0-b615-afd60de08589;manufacturer;"ООО ""Р2Б""";catalog_export_v4.csv;CSV;row 22 / компания;ORGANIZER_CSV;HIGH;Raw organizer value preserved.
product;446c5207-a099-45e0-b615-afd60de08589;system_family;BRS;catalog_export_v4.csv;CSV;row 22 / тип;ORGANIZER_CSV;HIGH;Normalized only from organizer token `brs`.
product;446c5207-a099-45e0-b615-afd60de08589;maturity_status;OPERATION;catalog_export_v4.csv;CSV;row 22 / статус;ORGANIZER_CSV;HIGH;Normalized only from organizer token `operation`.
product;446c5207-a099-45e0-b615-afd60de08589;trl;9;catalog_export_v4.csv;CSV;row 22 / УГТ;ORGANIZER_CSV;HIGH;Organizer value normalized to integer when possible.
product;446c5207-a099-45e0-b615-afd60de08589;market_potential;4.0;catalog_export_v4.csv;CSV;row 22 / Рын Потенциал;ORGANIZER_CSV;HIGH;Organizer value normalized to numeric representation.
product;446c5207-a099-45e0-b615-afd60de08589;type;Мобильные роботы;catalog_export_v4.csv;CSV;row 22 / Тип;ORGANIZER_CSV;HIGH;Raw organizer value preserved.
product;446c5207-a099-45e0-b615-afd60de08589;subtype;Робот-уборщик;catalog_export_v4.csv;CSV;row 22 / Подтип;ORGANIZER_CSV;HIGH;Raw organizer value preserved.
product;446c5207-a099-45e0-b615-afd60de08589;description.raw;Fвтономный промышленный робот-уборщик российского производства;catalog_export_v4.csv;CSV;row 22 / описание;ORGANIZER_CSV;HIGH;Raw organizer description preserved without rewriting.
applicability;app-v4-row-0022;industries;Торговля и услуги;catalog_export_v4.csv;CSV;row 22 / Отрасль;ORGANIZER_CSV;HIGH;Raw organizer applicability value.
applicability;app-v4-row-0022;use_cases;Уборка помещений;catalog_export_v4.csv;CSV;row 22 / Сценарий;ORGANIZER_CSV;HIGH;Raw organizer applicability value.
applicability;app-v4-row-0022;regions;Ярославская область;catalog_export_v4.csv;CSV;row 22 / Регион;ORGANIZER_CSV;HIGH;Raw organizer applicability value.
applicability;app-v4-row-0022;case_evidence;Робот уборщик успешно внедряется на различных типах объектов: в Красноярском аэропорту, Красноярском техникуме, ТЦ KazanMall, в продуктовой сети Магнит и на других объектах;catalog_export_v4.csv;CSV;row 22 / Кейсы;ORGANIZER_CSV;HIGH;Raw organizer case text.
price_offer;price-v4-row-0022;raw_price;1 900 000,00;catalog_export_v4.csv;CSV;row 22 / Цена изделия;ORGANIZER_CSV;HIGH;Raw price preserved exactly.
price_offer;price-v4-row-0022;normalized_amount;1900000.00;catalog_export_v4.csv;CSV;row 22 / Цена изделия;NORMALIZED_FROM_ORGANIZER;HIGH;"Decimal comma/space normalization only; currency not inferred."
price_offer;price-v4-row-0022;vat_status;ORGANIZER_ASSUMPTION_INCLUDED;Дополнения для участников.pdf;page 4;prices assumed VAT-inclusive;ORGANIZER_ASSUMPTION;MEDIUM;Assumption from addendum, not confirmed per-offer fact.
price_offer;price-v4-row-0022;excluded_costs;delivery | commissioning/start-up | deep IT integration;Дополнения для участников.pdf;page 4;delivery, commissioning and deep integration excluded;ORGANIZER_ASSUMPTION;HIGH;Explicit addendum exclusion applied to each raw price offer.
product;e2095cfe-3ce4-404e-a4bb-2f378480d7ca;name;АК-SC80;catalog_export_v4.csv;CSV;row 23 / Название;ORGANIZER_CSV;HIGH;Raw organizer value preserved.
product;e2095cfe-3ce4-404e-a4bb-2f378480d7ca;manufacturer;"ООО ""ГК Автомакон""";catalog_export_v4.csv;CSV;row 23 / компания;ORGANIZER_CSV;HIGH;Raw organizer value preserved.
product;e2095cfe-3ce4-404e-a4bb-2f378480d7ca;system_family;BRS;catalog_export_v4.csv;CSV;row 23 / тип;ORGANIZER_CSV;HIGH;Normalized only from organizer token `brs`.
product;e2095cfe-3ce4-404e-a4bb-2f378480d7ca;maturity_status;OPERATION;catalog_export_v4.csv;CSV;row 23 / статус;ORGANIZER_CSV;HIGH;Normalized only from organizer token `operation`.
product;e2095cfe-3ce4-404e-a4bb-2f378480d7ca;trl;9;catalog_export_v4.csv;CSV;row 23 / УГТ;ORGANIZER_CSV;HIGH;Organizer value normalized to integer when possible.
product;e2095cfe-3ce4-404e-a4bb-2f378480d7ca;market_potential;5.0;catalog_export_v4.csv;CSV;row 23 / Рын Потенциал;ORGANIZER_CSV;HIGH;Organizer value normalized to numeric representation.
product;e2095cfe-3ce4-404e-a4bb-2f378480d7ca;type;Мобильные роботы;catalog_export_v4.csv;CSV;row 23 / Тип;ORGANIZER_CSV;HIGH;Raw organizer value preserved.
product;e2095cfe-3ce4-404e-a4bb-2f378480d7ca;subtype;Робот-уборщик;catalog_export_v4.csv;CSV;row 23 / Подтип;ORGANIZER_CSV;HIGH;Raw organizer value preserved.
product;e2095cfe-3ce4-404e-a4bb-2f378480d7ca;description.raw;Промышленный автономный робот-уборщик. Устройство представляет собой беспилотную поломоечную машину премиального класса. Оно предназначено для автоматизированного сухого и влажного клининга сверхбольших площадей: логистических хабов, закрытых складов, торговых центров и заводских цехов. Робот интегрирован в общую промышленную экосистему «Автомакона».;catalog_export_v4.csv;CSV;row 23 / описание;ORGANIZER_CSV;HIGH;Raw organizer description preserved without rewriting.
applicability;app-v4-row-0023;industries;Торговля и услуги;catalog_export_v4.csv;CSV;row 23 / Отрасль;ORGANIZER_CSV;HIGH;Raw organizer applicability value.
applicability;app-v4-row-0023;use_cases;Уборка помещений;catalog_export_v4.csv;CSV;row 23 / Сценарий;ORGANIZER_CSV;HIGH;Raw organizer applicability value.
applicability;app-v4-row-0023;regions;Москва;catalog_export_v4.csv;CSV;row 23 / Регион;ORGANIZER_CSV;HIGH;Raw organizer applicability value.
applicability;app-v4-row-0023;case_evidence;«Автомакон» внедряет роботов в распределительных центрах «Пятёрочки» X5 Group. Первая партия из 12 роботов уже работает в РЦ «Пятёрочки» в Подмосковье.;catalog_export_v4.csv;CSV;row 23 / Кейсы;ORGANIZER_CSV;HIGH;Raw organizer case text.
price_offer;price-v4-row-0023;raw_price;4 056 000,00;catalog_export_v4.csv;CSV;row 23 / Цена изделия;ORGANIZER_CSV;HIGH;Raw price preserved exactly.
price_offer;price-v4-row-0023;normalized_amount;4056000.00;catalog_export_v4.csv;CSV;row 23 / Цена изделия;NORMALIZED_FROM_ORGANIZER;HIGH;"Decimal comma/space normalization only; currency not inferred."
price_offer;price-v4-row-0023;vat_status;ORGANIZER_ASSUMPTION_INCLUDED;Дополнения для участников.pdf;page 4;prices assumed VAT-inclusive;ORGANIZER_ASSUMPTION;MEDIUM;Assumption from addendum, not confirmed per-offer fact.
price_offer;price-v4-row-0023;excluded_costs;delivery | commissioning/start-up | deep IT integration;Дополнения для участников.pdf;page 4;delivery, commissioning and deep integration excluded;ORGANIZER_ASSUMPTION;HIGH;Explicit addendum exclusion applied to each raw price offer.
product;f31223c1-44c8-4410-8381-6356e2158b61;name;Клинботикс 400 PRO;catalog_export_v4.csv;CSV;row 24 / Название;ORGANIZER_CSV;HIGH;Raw organizer value preserved.
product;f31223c1-44c8-4410-8381-6356e2158b61;manufacturer;"ООО ""Вейбот Автомакон Роботикс""";catalog_export_v4.csv;CSV;row 24 / компания;ORGANIZER_CSV;HIGH;Raw organizer value preserved.
product;f31223c1-44c8-4410-8381-6356e2158b61;system_family;BRS;catalog_export_v4.csv;CSV;row 24 / тип;ORGANIZER_CSV;HIGH;Normalized only from organizer token `brs`.
product;f31223c1-44c8-4410-8381-6356e2158b61;maturity_status;OPERATION;catalog_export_v4.csv;CSV;row 24 / статус;ORGANIZER_CSV;HIGH;Normalized only from organizer token `operation`.
product;f31223c1-44c8-4410-8381-6356e2158b61;trl;8;catalog_export_v4.csv;CSV;row 24 / УГТ;ORGANIZER_CSV;HIGH;Organizer value normalized to integer when possible.
product;f31223c1-44c8-4410-8381-6356e2158b61;market_potential;4.0;catalog_export_v4.csv;CSV;row 24 / Рын Потенциал;ORGANIZER_CSV;HIGH;Organizer value normalized to numeric representation.
product;f31223c1-44c8-4410-8381-6356e2158b61;type;Мобильные роботы;catalog_export_v4.csv;CSV;row 24 / Тип;ORGANIZER_CSV;HIGH;Raw organizer value preserved.
product;f31223c1-44c8-4410-8381-6356e2158b61;subtype;Робот уборщик;catalog_export_v4.csv;CSV;row 24 / Подтип;ORGANIZER_CSV;HIGH;Raw organizer value preserved.
applicability;app-v4-row-0024;industries;Торговля и услуги;catalog_export_v4.csv;CSV;row 24 / Отрасль;ORGANIZER_CSV;HIGH;Raw organizer applicability value.
applicability;app-v4-row-0024;use_cases;Уборка помещений;catalog_export_v4.csv;CSV;row 24 / Сценарий;ORGANIZER_CSV;HIGH;Raw organizer applicability value.
applicability;app-v4-row-0024;regions;Ростовская область;catalog_export_v4.csv;CSV;row 24 / Регион;ORGANIZER_CSV;HIGH;Raw organizer applicability value.
applicability;app-v4-row-0024;case_evidence;Внедрены роботы «Клинботикс 400 ПРО» в ТРЦ «Гранд Каньон. Территория развития» в Санкт-Петербурге. Площадь уборки составляет более 2 тыс. м²;catalog_export_v4.csv;CSV;row 24 / Кейсы;ORGANIZER_CSV;HIGH;Raw organizer case text.
price_offer;price-v4-row-0024;raw_price;1 500 000,00;catalog_export_v4.csv;CSV;row 24 / Цена изделия;ORGANIZER_CSV;HIGH;Raw price preserved exactly.
price_offer;price-v4-row-0024;normalized_amount;1500000.00;catalog_export_v4.csv;CSV;row 24 / Цена изделия;NORMALIZED_FROM_ORGANIZER;HIGH;"Decimal comma/space normalization only; currency not inferred."
price_offer;price-v4-row-0024;vat_status;ORGANIZER_ASSUMPTION_INCLUDED;Дополнения для участников.pdf;page 4;prices assumed VAT-inclusive;ORGANIZER_ASSUMPTION;MEDIUM;Assumption from addendum, not confirmed per-offer fact.
price_offer;price-v4-row-0024;excluded_costs;delivery | commissioning/start-up | deep IT integration;Дополнения для участников.pdf;page 4;delivery, commissioning and deep integration excluded;ORGANIZER_ASSUMPTION;HIGH;Explicit addendum exclusion applied to each raw price offer.
product;5a5b3599-bd64-4330-9bbb-4f8ce7d780b9;name;Клинботикс 600;catalog_export_v4.csv;CSV;row 25 / Название;ORGANIZER_CSV;HIGH;Raw organizer value preserved.
product;5a5b3599-bd64-4330-9bbb-4f8ce7d780b9;manufacturer;"ООО ""Вейбот Автомакон Роботикс""";catalog_export_v4.csv;CSV;row 25 / компания;ORGANIZER_CSV;HIGH;Raw organizer value preserved.
product;5a5b3599-bd64-4330-9bbb-4f8ce7d780b9;system_family;BRS;catalog_export_v4.csv;CSV;row 25 / тип;ORGANIZER_CSV;HIGH;Normalized only from organizer token `brs`.
product;5a5b3599-bd64-4330-9bbb-4f8ce7d780b9;maturity_status;OPERATION;catalog_export_v4.csv;CSV;row 25 / статус;ORGANIZER_CSV;HIGH;Normalized only from organizer token `operation`.
product;5a5b3599-bd64-4330-9bbb-4f8ce7d780b9;trl;8;catalog_export_v4.csv;CSV;row 25 / УГТ;ORGANIZER_CSV;HIGH;Organizer value normalized to integer when possible.
product;5a5b3599-bd64-4330-9bbb-4f8ce7d780b9;market_potential;4.0;catalog_export_v4.csv;CSV;row 25 / Рын Потенциал;ORGANIZER_CSV;HIGH;Organizer value normalized to numeric representation.
product;5a5b3599-bd64-4330-9bbb-4f8ce7d780b9;type;Мобильные роботы;catalog_export_v4.csv;CSV;row 25 / Тип;ORGANIZER_CSV;HIGH;Raw organizer value preserved.
product;5a5b3599-bd64-4330-9bbb-4f8ce7d780b9;subtype;Робот уборщик;catalog_export_v4.csv;CSV;row 25 / Подтип;ORGANIZER_CSV;HIGH;Raw organizer value preserved.
applicability;app-v4-row-0025;industries;Торговля и услуги;catalog_export_v4.csv;CSV;row 25 / Отрасль;ORGANIZER_CSV;HIGH;Raw organizer applicability value.
applicability;app-v4-row-0025;use_cases;Уборка помещений;catalog_export_v4.csv;CSV;row 25 / Сценарий;ORGANIZER_CSV;HIGH;Raw organizer applicability value.
applicability;app-v4-row-0025;regions;Ростовская область;catalog_export_v4.csv;CSV;row 25 / Регион;ORGANIZER_CSV;HIGH;Raw organizer applicability value.
applicability;app-v4-row-0025;case_evidence;Внедрены два робота уборщика в НИИ Скорой помощи им. Н.В. Склифосовского в Москве для автоматической уборки помещений с высокой проходимостью. В результате сокращено время уборки с 1,5 часов до 35 минут, снижен расход воды и электроэнергии.;catalog_export_v4.csv;CSV;row 25 / Кейсы;ORGANIZER_CSV;HIGH;Raw organizer case text.
price_offer;price-v4-row-0025;raw_price;2 310 000,00;catalog_export_v4.csv;CSV;row 25 / Цена изделия;ORGANIZER_CSV;HIGH;Raw price preserved exactly.
price_offer;price-v4-row-0025;normalized_amount;2310000.00;catalog_export_v4.csv;CSV;row 25 / Цена изделия;NORMALIZED_FROM_ORGANIZER;HIGH;"Decimal comma/space normalization only; currency not inferred."
price_offer;price-v4-row-0025;vat_status;ORGANIZER_ASSUMPTION_INCLUDED;Дополнения для участников.pdf;page 4;prices assumed VAT-inclusive;ORGANIZER_ASSUMPTION;MEDIUM;Assumption from addendum, not confirmed per-offer fact.
price_offer;price-v4-row-0025;excluded_costs;delivery | commissioning/start-up | deep IT integration;Дополнения для участников.pdf;page 4;delivery, commissioning and deep integration excluded;ORGANIZER_ASSUMPTION;HIGH;Explicit addendum exclusion applied to each raw price offer.
product;9b20417a-0ac7-4786-985b-f3459a15075d;name;Unit;catalog_export_v4.csv;CSV;row 26 / Название;ORGANIZER_CSV;HIGH;Raw organizer value preserved.
product;9b20417a-0ac7-4786-985b-f3459a15075d;manufacturer;"ООО ""Яку Роботикс""";catalog_export_v4.csv;CSV;row 26 / компания;ORGANIZER_CSV;HIGH;Raw organizer value preserved.
product;9b20417a-0ac7-4786-985b-f3459a15075d;system_family;BRS;catalog_export_v4.csv;CSV;row 26 / тип;ORGANIZER_CSV;HIGH;Normalized only from organizer token `brs`.
product;9b20417a-0ac7-4786-985b-f3459a15075d;maturity_status;PILOTING;catalog_export_v4.csv;CSV;row 26 / статус;ORGANIZER_CSV;HIGH;Normalized only from organizer token `piloting`.
product;9b20417a-0ac7-4786-985b-f3459a15075d;trl;8;catalog_export_v4.csv;CSV;row 26 / УГТ;ORGANIZER_CSV;HIGH;Organizer value normalized to integer when possible.
product;9b20417a-0ac7-4786-985b-f3459a15075d;market_potential;3.0;catalog_export_v4.csv;CSV;row 26 / Рын Потенциал;ORGANIZER_CSV;HIGH;Organizer value normalized to numeric representation.
product;9b20417a-0ac7-4786-985b-f3459a15075d;type;Мобильные роботы;catalog_export_v4.csv;CSV;row 26 / Тип;ORGANIZER_CSV;HIGH;Raw organizer value preserved.
product;9b20417a-0ac7-4786-985b-f3459a15075d;subtype;Робот-уборщик;catalog_export_v4.csv;CSV;row 26 / Подтип;ORGANIZER_CSV;HIGH;Raw organizer value preserved.
product;9b20417a-0ac7-4786-985b-f3459a15075d;description.raw;Автономный промышленный робот-уборщик. Устройство представляет собой автоматизированную поломоечную машину, спроектированную специально для влажной уборки больших площадей с высокой проходимостью: торговых центров, супермаркетов, закрытых складов, аэропортов и производственных цехов.;catalog_export_v4.csv;CSV;row 26 / описание;ORGANIZER_CSV;HIGH;Raw organizer description preserved without rewriting.
applicability;app-v4-row-0026;industries;Торговля и услуги;catalog_export_v4.csv;CSV;row 26 / Отрасль;ORGANIZER_CSV;HIGH;Raw organizer applicability value.
applicability;app-v4-row-0026;use_cases;Уборка помещений;catalog_export_v4.csv;CSV;row 26 / Сценарий;ORGANIZER_CSV;HIGH;Raw organizer applicability value.
applicability;app-v4-row-0026;regions;Москва;catalog_export_v4.csv;CSV;row 26 / Регион;ORGANIZER_CSV;HIGH;Raw organizer applicability value.
applicability;app-v4-row-0026;case_evidence;Проведены испытания и осуществлено внедрение робота для уборки зала в одном из магазинов сети «Ашан». Подтверждены отсутствие столкновений и стабильная работа в условиях людских потоков.;catalog_export_v4.csv;CSV;row 26 / Кейсы;ORGANIZER_CSV;HIGH;Raw organizer case text.
price_offer;price-v4-row-0026;raw_price;2 300 000,00;catalog_export_v4.csv;CSV;row 26 / Цена изделия;ORGANIZER_CSV;HIGH;Raw price preserved exactly.
price_offer;price-v4-row-0026;normalized_amount;2300000.00;catalog_export_v4.csv;CSV;row 26 / Цена изделия;NORMALIZED_FROM_ORGANIZER;HIGH;"Decimal comma/space normalization only; currency not inferred."
price_offer;price-v4-row-0026;vat_status;ORGANIZER_ASSUMPTION_INCLUDED;Дополнения для участников.pdf;page 4;prices assumed VAT-inclusive;ORGANIZER_ASSUMPTION;MEDIUM;Assumption from addendum, not confirmed per-offer fact.
price_offer;price-v4-row-0026;excluded_costs;delivery | commissioning/start-up | deep IT integration;Дополнения для участников.pdf;page 4;delivery, commissioning and deep integration excluded;ORGANIZER_ASSUMPTION;HIGH;Explicit addendum exclusion applied to each raw price offer.
product;ce44017e-6ada-421d-bbce-6869b33c2cda;name;Модель А25-1720;catalog_export_v4.csv;CSV;row 27 / Название;ORGANIZER_CSV;HIGH;Raw organizer value preserved.
product;ce44017e-6ada-421d-bbce-6869b33c2cda;manufacturer;"АО ""Эйдос Робототехника""";catalog_export_v4.csv;CSV;row 27 / компания;ORGANIZER_CSV;HIGH;Raw organizer value preserved.
product;ce44017e-6ada-421d-bbce-6869b33c2cda;system_family;BRS;catalog_export_v4.csv;CSV;row 27 / тип;ORGANIZER_CSV;HIGH;Normalized only from organizer token `brs`.
product;ce44017e-6ada-421d-bbce-6869b33c2cda;maturity_status;OPERATION;catalog_export_v4.csv;CSV;row 27 / статус;ORGANIZER_CSV;HIGH;Normalized only from organizer token `operation`.
product;ce44017e-6ada-421d-bbce-6869b33c2cda;trl;9;catalog_export_v4.csv;CSV;row 27 / УГТ;ORGANIZER_CSV;HIGH;Organizer value normalized to integer when possible.
product;ce44017e-6ada-421d-bbce-6869b33c2cda;market_potential;4.0;catalog_export_v4.csv;CSV;row 27 / Рын Потенциал;ORGANIZER_CSV;HIGH;Organizer value normalized to numeric representation.
product;ce44017e-6ada-421d-bbce-6869b33c2cda;type;Роботы-манипуляторы;catalog_export_v4.csv;CSV;row 27 / Тип;ORGANIZER_CSV;HIGH;Raw organizer value preserved.
product;ce44017e-6ada-421d-bbce-6869b33c2cda;subtype;Робот-манипулятор;catalog_export_v4.csv;CSV;row 27 / Подтип;ORGANIZER_CSV;HIGH;Raw organizer value preserved.
product;ce44017e-6ada-421d-bbce-6869b33c2cda;description.raw;Робот повышенной грузоподъемности для погрузки-разгрузки и сборки.;catalog_export_v4.csv;CSV;row 27 / описание;ORGANIZER_CSV;HIGH;Raw organizer description preserved without rewriting.
applicability;app-v4-row-0027;industries;Торговля и услуги;catalog_export_v4.csv;CSV;row 27 / Отрасль;ORGANIZER_CSV;HIGH;Raw organizer applicability value.
applicability;app-v4-row-0027;use_cases;Сортировка грузов ;catalog_export_v4.csv;CSV;row 27 / Сценарий;ORGANIZER_CSV;HIGH;Raw organizer applicability value.
applicability;app-v4-row-0027;regions;Республика Татарстан;catalog_export_v4.csv;CSV;row 27 / Регион;ORGANIZER_CSV;HIGH;Raw organizer applicability value.
applicability;app-v4-row-0027;case_evidence;Робот-манипулятор А25-1720 предназначен для погрузки-разгрузки и осуществления сборочных работ, максимальная грузоподъемность до 25 кг;catalog_export_v4.csv;CSV;row 27 / Кейсы;ORGANIZER_CSV;HIGH;Raw organizer case text.
price_offer;price-v4-row-0027;raw_price;2 000 000,00;catalog_export_v4.csv;CSV;row 27 / Цена изделия;ORGANIZER_CSV;HIGH;Raw price preserved exactly.
price_offer;price-v4-row-0027;normalized_amount;2000000.00;catalog_export_v4.csv;CSV;row 27 / Цена изделия;NORMALIZED_FROM_ORGANIZER;HIGH;"Decimal comma/space normalization only; currency not inferred."
price_offer;price-v4-row-0027;vat_status;ORGANIZER_ASSUMPTION_INCLUDED;Дополнения для участников.pdf;page 4;prices assumed VAT-inclusive;ORGANIZER_ASSUMPTION;MEDIUM;Assumption from addendum, not confirmed per-offer fact.
price_offer;price-v4-row-0027;excluded_costs;delivery | commissioning/start-up | deep IT integration;Дополнения для участников.pdf;page 4;delivery, commissioning and deep integration excluded;ORGANIZER_ASSUMPTION;HIGH;Explicit addendum exclusion applied to each raw price offer.
product;fceeacf0-579f-46cc-92ff-2057fea5da7f;name;Модель А12-1450;catalog_export_v4.csv;CSV;row 28 / Название;ORGANIZER_CSV;HIGH;Raw organizer value preserved.
product;fceeacf0-579f-46cc-92ff-2057fea5da7f;manufacturer;"АО ""Эйдос Робототехника""";catalog_export_v4.csv;CSV;row 28 / компания;ORGANIZER_CSV;HIGH;Raw organizer value preserved.
product;fceeacf0-579f-46cc-92ff-2057fea5da7f;system_family;BRS;catalog_export_v4.csv;CSV;row 28 / тип;ORGANIZER_CSV;HIGH;Normalized only from organizer token `brs`.
product;fceeacf0-579f-46cc-92ff-2057fea5da7f;maturity_status;OPERATION;catalog_export_v4.csv;CSV;row 28 / статус;ORGANIZER_CSV;HIGH;Normalized only from organizer token `operation`.
product;fceeacf0-579f-46cc-92ff-2057fea5da7f;trl;9;catalog_export_v4.csv;CSV;row 28 / УГТ;ORGANIZER_CSV;HIGH;Organizer value normalized to integer when possible.
product;fceeacf0-579f-46cc-92ff-2057fea5da7f;market_potential;4.0;catalog_export_v4.csv;CSV;row 28 / Рын Потенциал;ORGANIZER_CSV;HIGH;Organizer value normalized to numeric representation.
product;fceeacf0-579f-46cc-92ff-2057fea5da7f;type;Роботы-манипуляторы;catalog_export_v4.csv;CSV;row 28 / Тип;ORGANIZER_CSV;HIGH;Raw organizer value preserved.
product;fceeacf0-579f-46cc-92ff-2057fea5da7f;subtype;Робот-манипулятор;catalog_export_v4.csv;CSV;row 28 / Подтип;ORGANIZER_CSV;HIGH;Raw organizer value preserved.
product;fceeacf0-579f-46cc-92ff-2057fea5da7f;description.raw;Промышленный робот в реестре МПТ РФ, субсидируемая скидка до 50%.;catalog_export_v4.csv;CSV;row 28 / описание;ORGANIZER_CSV;HIGH;Raw organizer description preserved without rewriting.
applicability;app-v4-row-0028;industries;Торговля и услуги;catalog_export_v4.csv;CSV;row 28 / Отрасль;ORGANIZER_CSV;HIGH;Raw organizer applicability value.
applicability;app-v4-row-0028;use_cases;Сортировка грузов ;catalog_export_v4.csv;CSV;row 28 / Сценарий;ORGANIZER_CSV;HIGH;Raw organizer applicability value.
applicability;app-v4-row-0028;regions;Республика Татарстан;catalog_export_v4.csv;CSV;row 28 / Регион;ORGANIZER_CSV;HIGH;Raw organizer applicability value.
applicability;app-v4-row-0028;case_evidence;"Как робот‑манипулятор А12 заменил бригаду сварщиков: кейс КАМАЗа
Создание учебных РТК на базе А12-1450 в Калужском филиале Института развития профессионального образования";catalog_export_v4.csv;CSV;row 28 / Кейсы;ORGANIZER_CSV;HIGH;Raw organizer case text.
price_offer;price-v4-row-0028;raw_price;2 000 000,00;catalog_export_v4.csv;CSV;row 28 / Цена изделия;ORGANIZER_CSV;HIGH;Raw price preserved exactly.
price_offer;price-v4-row-0028;normalized_amount;2000000.00;catalog_export_v4.csv;CSV;row 28 / Цена изделия;NORMALIZED_FROM_ORGANIZER;HIGH;"Decimal comma/space normalization only; currency not inferred."
price_offer;price-v4-row-0028;vat_status;ORGANIZER_ASSUMPTION_INCLUDED;Дополнения для участников.pdf;page 4;prices assumed VAT-inclusive;ORGANIZER_ASSUMPTION;MEDIUM;Assumption from addendum, not confirmed per-offer fact.
price_offer;price-v4-row-0028;excluded_costs;delivery | commissioning/start-up | deep IT integration;Дополнения для участников.pdf;page 4;delivery, commissioning and deep integration excluded;ORGANIZER_ASSUMPTION;HIGH;Explicit addendum exclusion applied to each raw price offer.
product;cebbdfa8-500a-425f-bcbc-ad2dcc106539;name;AS-RS P;catalog_export_v4.csv;CSV;row 29 / Название;ORGANIZER_CSV;HIGH;Raw organizer value preserved.
product;cebbdfa8-500a-425f-bcbc-ad2dcc106539;manufacturer;"ООО ""Диком-Сервис""";catalog_export_v4.csv;CSV;row 29 / компания;ORGANIZER_CSV;HIGH;Raw organizer value preserved.
product;cebbdfa8-500a-425f-bcbc-ad2dcc106539;system_family;BRS;catalog_export_v4.csv;CSV;row 29 / тип;ORGANIZER_CSV;HIGH;Normalized only from organizer token `brs`.
product;cebbdfa8-500a-425f-bcbc-ad2dcc106539;maturity_status;OPERATION;catalog_export_v4.csv;CSV;row 29 / статус;ORGANIZER_CSV;HIGH;Normalized only from organizer token `operation`.
product;cebbdfa8-500a-425f-bcbc-ad2dcc106539;trl;9;catalog_export_v4.csv;CSV;row 29 / УГТ;ORGANIZER_CSV;HIGH;Organizer value normalized to integer when possible.
product;cebbdfa8-500a-425f-bcbc-ad2dcc106539;market_potential;3.0;catalog_export_v4.csv;CSV;row 29 / Рын Потенциал;ORGANIZER_CSV;HIGH;Organizer value normalized to numeric representation.
product;cebbdfa8-500a-425f-bcbc-ad2dcc106539;type;Стационарные роботизированные системы;catalog_export_v4.csv;CSV;row 29 / Тип;ORGANIZER_CSV;HIGH;Raw organizer value preserved.
product;cebbdfa8-500a-425f-bcbc-ad2dcc106539;subtype;Кран-штабелёр;catalog_export_v4.csv;CSV;row 29 / Подтип;ORGANIZER_CSV;HIGH;Raw organizer value preserved.
product;cebbdfa8-500a-425f-bcbc-ad2dcc106539;description.raw;Груз хранится на стеллажах на EUR-поддонах. Тип стеллажа: стационарный палетный стеллаж/ Автоматическая система хранения и доставки грузов. Подача груза по принципу «товар к человеку» механизирована с помощью кран-штабелера.;catalog_export_v4.csv;CSV;row 29 / описание;ORGANIZER_CSV;HIGH;Raw organizer description preserved without rewriting.
applicability;app-v4-row-0029;industries;Торговля и услуги;catalog_export_v4.csv;CSV;row 29 / Отрасль;ORGANIZER_CSV;HIGH;Raw organizer applicability value.
applicability;app-v4-row-0029;use_cases;Сортировка грузов;catalog_export_v4.csv;CSV;row 29 / Сценарий;ORGANIZER_CSV;HIGH;Raw organizer applicability value.
applicability;app-v4-row-0029;regions;Санкт-Петербург;catalog_export_v4.csv;CSV;row 29 / Регион;ORGANIZER_CSV;HIGH;Raw organizer applicability value.
applicability;app-v4-row-0029;case_evidence;ООО «ЭНКОР» — автоматизированный паллетный склад с краном-штабелером;catalog_export_v4.csv;CSV;row 29 / Кейсы;ORGANIZER_CSV;HIGH;Raw organizer case text.
price_offer;price-v4-row-0029;raw_price;10 000 000,00;catalog_export_v4.csv;CSV;row 29 / Цена изделия;ORGANIZER_CSV;HIGH;Raw price preserved exactly.
price_offer;price-v4-row-0029;normalized_amount;10000000.00;catalog_export_v4.csv;CSV;row 29 / Цена изделия;NORMALIZED_FROM_ORGANIZER;HIGH;"Decimal comma/space normalization only; currency not inferred."
price_offer;price-v4-row-0029;vat_status;ORGANIZER_ASSUMPTION_INCLUDED;Дополнения для участников.pdf;page 4;prices assumed VAT-inclusive;ORGANIZER_ASSUMPTION;MEDIUM;Assumption from addendum, not confirmed per-offer fact.
price_offer;price-v4-row-0029;excluded_costs;delivery | commissioning/start-up | deep IT integration;Дополнения для участников.pdf;page 4;delivery, commissioning and deep integration excluded;ORGANIZER_ASSUMPTION;HIGH;Explicit addendum exclusion applied to each raw price offer.
product;c125ce9a-8f04-4183-a136-5ddbb3c5ae89;name;AS-RS B;catalog_export_v4.csv;CSV;row 30 / Название;ORGANIZER_CSV;HIGH;Raw organizer value preserved.
product;c125ce9a-8f04-4183-a136-5ddbb3c5ae89;manufacturer;"ООО ""Диком-Сервис""";catalog_export_v4.csv;CSV;row 30 / компания;ORGANIZER_CSV;HIGH;Raw organizer value preserved.
product;c125ce9a-8f04-4183-a136-5ddbb3c5ae89;system_family;BRS;catalog_export_v4.csv;CSV;row 30 / тип;ORGANIZER_CSV;HIGH;Normalized only from organizer token `brs`.
product;c125ce9a-8f04-4183-a136-5ddbb3c5ae89;maturity_status;PILOTING;catalog_export_v4.csv;CSV;row 30 / статус;ORGANIZER_CSV;HIGH;Normalized only from organizer token `piloting`.
product;c125ce9a-8f04-4183-a136-5ddbb3c5ae89;trl;6;catalog_export_v4.csv;CSV;row 30 / УГТ;ORGANIZER_CSV;HIGH;Organizer value normalized to integer when possible.
product;c125ce9a-8f04-4183-a136-5ddbb3c5ae89;market_potential;3.0;catalog_export_v4.csv;CSV;row 30 / Рын Потенциал;ORGANIZER_CSV;HIGH;Organizer value normalized to numeric representation.
product;c125ce9a-8f04-4183-a136-5ddbb3c5ae89;type;Стационарные роботизированные системы;catalog_export_v4.csv;CSV;row 30 / Тип;ORGANIZER_CSV;HIGH;Raw organizer value preserved.
product;c125ce9a-8f04-4183-a136-5ddbb3c5ae89;subtype;Робот-штабелёр;catalog_export_v4.csv;CSV;row 30 / Подтип;ORGANIZER_CSV;HIGH;Raw organizer value preserved.
product;c125ce9a-8f04-4183-a136-5ddbb3c5ae89;description.raw;Груз хранится в KLT ящиках. Тип стеллажа: фронтальный палетный стеллаж/Автоматическая система хранения и доставки грузов. Подача груза по принципу «товар к человеку» механизирована с помощью робота-штабелера;catalog_export_v4.csv;CSV;row 30 / описание;ORGANIZER_CSV;HIGH;Raw organizer description preserved without rewriting.
applicability;app-v4-row-0030;industries;Торговля и услуги;catalog_export_v4.csv;CSV;row 30 / Отрасль;ORGANIZER_CSV;HIGH;Raw organizer applicability value.
applicability;app-v4-row-0030;use_cases;Сортировка грузов;catalog_export_v4.csv;CSV;row 30 / Сценарий;ORGANIZER_CSV;HIGH;Raw organizer applicability value.
applicability;app-v4-row-0030;regions;Санкт-Петербург;catalog_export_v4.csv;CSV;row 30 / Регион;ORGANIZER_CSV;HIGH;Raw organizer applicability value.
applicability;app-v4-row-0030;case_evidence;"Применим для хранения и сортировки грузов на складе по принципу ""Товар к человеку""";catalog_export_v4.csv;CSV;row 30 / Кейсы;ORGANIZER_CSV;HIGH;Raw organizer case text.
price_offer;price-v4-row-0030;raw_price;10 000 000,00;catalog_export_v4.csv;CSV;row 30 / Цена изделия;ORGANIZER_CSV;HIGH;Raw price preserved exactly.
price_offer;price-v4-row-0030;normalized_amount;10000000.00;catalog_export_v4.csv;CSV;row 30 / Цена изделия;NORMALIZED_FROM_ORGANIZER;HIGH;"Decimal comma/space normalization only; currency not inferred."
price_offer;price-v4-row-0030;vat_status;ORGANIZER_ASSUMPTION_INCLUDED;Дополнения для участников.pdf;page 4;prices assumed VAT-inclusive;ORGANIZER_ASSUMPTION;MEDIUM;Assumption from addendum, not confirmed per-offer fact.
price_offer;price-v4-row-0030;excluded_costs;delivery | commissioning/start-up | deep IT integration;Дополнения для участников.pdf;page 4;delivery, commissioning and deep integration excluded;ORGANIZER_ASSUMPTION;HIGH;Explicit addendum exclusion applied to each raw price offer.
product;eff2586c-892d-4e44-a407-1ec7f06c8f76;name;Pallet Shuttle;catalog_export_v4.csv;CSV;row 31 / Название;ORGANIZER_CSV;HIGH;Raw organizer value preserved.
product;eff2586c-892d-4e44-a407-1ec7f06c8f76;manufacturer;"ООО ""Завод Стелкон""";catalog_export_v4.csv;CSV;row 31 / компания;ORGANIZER_CSV;HIGH;Raw organizer value preserved.
product;eff2586c-892d-4e44-a407-1ec7f06c8f76;system_family;BRS;catalog_export_v4.csv;CSV;row 31 / тип;ORGANIZER_CSV;HIGH;Normalized only from organizer token `brs`.
product;eff2586c-892d-4e44-a407-1ec7f06c8f76;maturity_status;OPERATION;catalog_export_v4.csv;CSV;row 31 / статус;ORGANIZER_CSV;HIGH;Normalized only from organizer token `operation`.
product;eff2586c-892d-4e44-a407-1ec7f06c8f76;trl;9;catalog_export_v4.csv;CSV;row 31 / УГТ;ORGANIZER_CSV;HIGH;Organizer value normalized to integer when possible.
product;eff2586c-892d-4e44-a407-1ec7f06c8f76;market_potential;3.0;catalog_export_v4.csv;CSV;row 31 / Рын Потенциал;ORGANIZER_CSV;HIGH;Organizer value normalized to numeric representation.
product;eff2586c-892d-4e44-a407-1ec7f06c8f76;type;Стационарные роботизированные системы;catalog_export_v4.csv;CSV;row 31 / Тип;ORGANIZER_CSV;HIGH;Raw organizer value preserved.
product;eff2586c-892d-4e44-a407-1ec7f06c8f76;subtype;Шаттл;catalog_export_v4.csv;CSV;row 31 / Подтип;ORGANIZER_CSV;HIGH;Raw organizer value preserved.
product;eff2586c-892d-4e44-a407-1ec7f06c8f76;description.raw;Система складского хранения с высокой плотностью.;catalog_export_v4.csv;CSV;row 31 / описание;ORGANIZER_CSV;HIGH;Raw organizer description preserved without rewriting.
applicability;app-v4-row-0031;industries;Торговля и услуги;catalog_export_v4.csv;CSV;row 31 / Отрасль;ORGANIZER_CSV;HIGH;Raw organizer applicability value.
applicability;app-v4-row-0031;use_cases;Сортировка грузов;catalog_export_v4.csv;CSV;row 31 / Сценарий;ORGANIZER_CSV;HIGH;Raw organizer applicability value.
applicability;app-v4-row-0031;regions;Московская область;catalog_export_v4.csv;CSV;row 31 / Регион;ORGANIZER_CSV;HIGH;Raw organizer applicability value.
applicability;app-v4-row-0031;case_evidence;Завод «Святой Источник» — автоматизация высокоплотного паллетного хранения;catalog_export_v4.csv;CSV;row 31 / Кейсы;ORGANIZER_CSV;HIGH;Raw organizer case text.
price_offer;price-v4-row-0031;raw_price;7 000 000,00;catalog_export_v4.csv;CSV;row 31 / Цена изделия;ORGANIZER_CSV;HIGH;Raw price preserved exactly.
price_offer;price-v4-row-0031;normalized_amount;7000000.00;catalog_export_v4.csv;CSV;row 31 / Цена изделия;NORMALIZED_FROM_ORGANIZER;HIGH;"Decimal comma/space normalization only; currency not inferred."
price_offer;price-v4-row-0031;vat_status;ORGANIZER_ASSUMPTION_INCLUDED;Дополнения для участников.pdf;page 4;prices assumed VAT-inclusive;ORGANIZER_ASSUMPTION;MEDIUM;Assumption from addendum, not confirmed per-offer fact.
price_offer;price-v4-row-0031;excluded_costs;delivery | commissioning/start-up | deep IT integration;Дополнения для участников.pdf;page 4;delivery, commissioning and deep integration excluded;ORGANIZER_ASSUMPTION;HIGH;Explicit addendum exclusion applied to each raw price offer.
product;c3d39a80-5fb9-42d3-82ae-0696fb647128;name;Робот-комплектовщик;catalog_export_v4.csv;CSV;row 32 / Название;ORGANIZER_CSV;HIGH;Raw organizer value preserved.
product;c3d39a80-5fb9-42d3-82ae-0696fb647128;manufacturer;"ООО ""Яндекс Роботикс""";catalog_export_v4.csv;CSV;row 32 / компания;ORGANIZER_CSV;HIGH;Raw organizer value preserved.
product;c3d39a80-5fb9-42d3-82ae-0696fb647128;system_family;BRS;catalog_export_v4.csv;CSV;row 32 / тип;ORGANIZER_CSV;HIGH;Normalized only from organizer token `brs`.
product;c3d39a80-5fb9-42d3-82ae-0696fb647128;maturity_status;RND;catalog_export_v4.csv;CSV;row 32 / статус;ORGANIZER_CSV;HIGH;Normalized only from organizer token `rnd`.
product;c3d39a80-5fb9-42d3-82ae-0696fb647128;trl;7;catalog_export_v4.csv;CSV;row 32 / УГТ;ORGANIZER_CSV;HIGH;Organizer value normalized to integer when possible.
product;c3d39a80-5fb9-42d3-82ae-0696fb647128;market_potential;3.0;catalog_export_v4.csv;CSV;row 32 / Рын Потенциал;ORGANIZER_CSV;HIGH;Organizer value normalized to numeric representation.
product;c3d39a80-5fb9-42d3-82ae-0696fb647128;type;Мобильные роботы;catalog_export_v4.csv;CSV;row 32 / Тип;ORGANIZER_CSV;HIGH;Raw organizer value preserved.
product;c3d39a80-5fb9-42d3-82ae-0696fb647128;subtype;Мобильный робот-комплектовщик;catalog_export_v4.csv;CSV;row 32 / Подтип;ORGANIZER_CSV;HIGH;Raw organizer value preserved.
applicability;app-v4-row-0032;industries;Торговля и услуги;catalog_export_v4.csv;CSV;row 32 / Отрасль;ORGANIZER_CSV;HIGH;Raw organizer applicability value.
applicability;app-v4-row-0032;use_cases;Сортировка грузов;catalog_export_v4.csv;CSV;row 32 / Сценарий;ORGANIZER_CSV;HIGH;Raw organizer applicability value.
applicability;app-v4-row-0032;regions;Москва;catalog_export_v4.csv;CSV;row 32 / Регион;ORGANIZER_CSV;HIGH;Raw organizer applicability value.
applicability;app-v4-row-0032;case_evidence;Команда разработчиков «Яндекс Роботикс» представила мобильного робота-комплектовщика, предназначенного для выполнения тяжелых задач сборки товара.;catalog_export_v4.csv;CSV;row 32 / Кейсы;ORGANIZER_CSV;HIGH;Raw organizer case text.
price_offer;price-v4-row-0032;raw_price;2 500 000,00;catalog_export_v4.csv;CSV;row 32 / Цена изделия;ORGANIZER_CSV;HIGH;Raw price preserved exactly.
price_offer;price-v4-row-0032;normalized_amount;2500000.00;catalog_export_v4.csv;CSV;row 32 / Цена изделия;NORMALIZED_FROM_ORGANIZER;HIGH;"Decimal comma/space normalization only; currency not inferred."
price_offer;price-v4-row-0032;vat_status;ORGANIZER_ASSUMPTION_INCLUDED;Дополнения для участников.pdf;page 4;prices assumed VAT-inclusive;ORGANIZER_ASSUMPTION;MEDIUM;Assumption from addendum, not confirmed per-offer fact.
price_offer;price-v4-row-0032;excluded_costs;delivery | commissioning/start-up | deep IT integration;Дополнения для участников.pdf;page 4;delivery, commissioning and deep integration excluded;ORGANIZER_ASSUMPTION;HIGH;Explicit addendum exclusion applied to each raw price offer.
product;c87a27d2-065f-4b82-9ccc-91078a56ef15;name;Роборука;catalog_export_v4.csv;CSV;row 33 / Название;ORGANIZER_CSV;HIGH;Raw organizer value preserved.
product;c87a27d2-065f-4b82-9ccc-91078a56ef15;manufacturer;"ПАО ""Сбербанк""";catalog_export_v4.csv;CSV;row 33 / компания;ORGANIZER_CSV;HIGH;Raw organizer value preserved.
product;c87a27d2-065f-4b82-9ccc-91078a56ef15;system_family;BRS;catalog_export_v4.csv;CSV;row 33 / тип;ORGANIZER_CSV;HIGH;Normalized only from organizer token `brs`.
product;c87a27d2-065f-4b82-9ccc-91078a56ef15;maturity_status;RND;catalog_export_v4.csv;CSV;row 33 / статус;ORGANIZER_CSV;HIGH;Normalized only from organizer token `rnd`.
product;c87a27d2-065f-4b82-9ccc-91078a56ef15;trl;5;catalog_export_v4.csv;CSV;row 33 / УГТ;ORGANIZER_CSV;HIGH;Organizer value normalized to integer when possible.
product;c87a27d2-065f-4b82-9ccc-91078a56ef15;market_potential;3.0;catalog_export_v4.csv;CSV;row 33 / Рын Потенциал;ORGANIZER_CSV;HIGH;Organizer value normalized to numeric representation.
product;c87a27d2-065f-4b82-9ccc-91078a56ef15;type;Роботы-манипуляторы;catalog_export_v4.csv;CSV;row 33 / Тип;ORGANIZER_CSV;HIGH;Raw organizer value preserved.
product;c87a27d2-065f-4b82-9ccc-91078a56ef15;subtype;Манипулятор;catalog_export_v4.csv;CSV;row 33 / Подтип;ORGANIZER_CSV;HIGH;Raw organizer value preserved.
applicability;app-v4-row-0033;industries;Торговля и услуги;catalog_export_v4.csv;CSV;row 33 / Отрасль;ORGANIZER_CSV;HIGH;Raw organizer applicability value.
applicability;app-v4-row-0033;use_cases;Сортировка грузов;catalog_export_v4.csv;CSV;row 33 / Сценарий;ORGANIZER_CSV;HIGH;Raw organizer applicability value.
applicability;app-v4-row-0033;regions;Москва;catalog_export_v4.csv;CSV;row 33 / Регион;ORGANIZER_CSV;HIGH;Raw organizer applicability value.
applicability;app-v4-row-0033;case_evidence;Представлена разработка роборуки на подвижной платформе для автономной сборки заказов с полок и укладки в транспортную тару.;catalog_export_v4.csv;CSV;row 33 / Кейсы;ORGANIZER_CSV;HIGH;Raw organizer case text.
price_offer;price-v4-row-0033;raw_price;2 600 000,00;catalog_export_v4.csv;CSV;row 33 / Цена изделия;ORGANIZER_CSV;HIGH;Raw price preserved exactly.
price_offer;price-v4-row-0033;normalized_amount;2600000.00;catalog_export_v4.csv;CSV;row 33 / Цена изделия;NORMALIZED_FROM_ORGANIZER;HIGH;"Decimal comma/space normalization only; currency not inferred."
price_offer;price-v4-row-0033;vat_status;ORGANIZER_ASSUMPTION_INCLUDED;Дополнения для участников.pdf;page 4;prices assumed VAT-inclusive;ORGANIZER_ASSUMPTION;MEDIUM;Assumption from addendum, not confirmed per-offer fact.
price_offer;price-v4-row-0033;excluded_costs;delivery | commissioning/start-up | deep IT integration;Дополнения для участников.pdf;page 4;delivery, commissioning and deep integration excluded;ORGANIZER_ASSUMPTION;HIGH;Explicit addendum exclusion applied to each raw price offer.
product;05505022-3ef7-43da-8279-718e7c432491;name;Pick by Voice;catalog_export_v4.csv;CSV;row 34 / Название;ORGANIZER_CSV;HIGH;Raw organizer value preserved.
product;05505022-3ef7-43da-8279-718e7c432491;manufacturer;"ООО ""Умный сервис""";catalog_export_v4.csv;CSV;row 34 / компания;ORGANIZER_CSV;HIGH;Raw organizer value preserved.
product;05505022-3ef7-43da-8279-718e7c432491;system_family;SOFTWARE;catalog_export_v4.csv;CSV;row 34 / тип;ORGANIZER_CSV;HIGH;Normalized only from organizer token `software`.
product;05505022-3ef7-43da-8279-718e7c432491;maturity_status;OPERATION;catalog_export_v4.csv;CSV;row 34 / статус;ORGANIZER_CSV;HIGH;Normalized only from organizer token `operation`.
product;05505022-3ef7-43da-8279-718e7c432491;trl;8;catalog_export_v4.csv;CSV;row 34 / УГТ;ORGANIZER_CSV;HIGH;Organizer value normalized to integer when possible.
product;05505022-3ef7-43da-8279-718e7c432491;market_potential;5.0;catalog_export_v4.csv;CSV;row 34 / Рын Потенциал;ORGANIZER_CSV;HIGH;Organizer value normalized to numeric representation.
product;05505022-3ef7-43da-8279-718e7c432491;type;ПО;catalog_export_v4.csv;CSV;row 34 / Тип;ORGANIZER_CSV;HIGH;Raw organizer value preserved.
product;05505022-3ef7-43da-8279-718e7c432491;subtype;ПО для сортировки товаров;catalog_export_v4.csv;CSV;row 34 / Подтип;ORGANIZER_CSV;HIGH;Raw organizer value preserved.
product;05505022-3ef7-43da-8279-718e7c432491;description.raw;Система для голосового управления складскими операциями.;catalog_export_v4.csv;CSV;row 34 / описание;ORGANIZER_CSV;HIGH;Raw organizer description preserved without rewriting.
applicability;app-v4-row-0034;industries;Торговля и услуги;catalog_export_v4.csv;CSV;row 34 / Отрасль;ORGANIZER_CSV;HIGH;Raw organizer applicability value.
applicability;app-v4-row-0034;use_cases;Сортировка грузов;catalog_export_v4.csv;CSV;row 34 / Сценарий;ORGANIZER_CSV;HIGH;Raw organizer applicability value.
applicability;app-v4-row-0034;regions;Москва;catalog_export_v4.csv;CSV;row 34 / Регион;ORGANIZER_CSV;HIGH;Raw organizer applicability value.
applicability;app-v4-row-0034;case_evidence;Внедрена система Pick by Voice и Pick to Light в распределительном центре сети «Дикси» для ускорения сборки онлайн-заказов. В результате скорость сборки выросла вдвое, уровень ошибок снижен до 0,03%, пересорт практически исчез.;catalog_export_v4.csv;CSV;row 34 / Кейсы;ORGANIZER_CSV;HIGH;Raw organizer case text.
price_offer;price-v4-row-0034;raw_price;1 000 000,00;catalog_export_v4.csv;CSV;row 34 / Цена изделия;ORGANIZER_CSV;HIGH;Raw price preserved exactly.
price_offer;price-v4-row-0034;normalized_amount;1000000.00;catalog_export_v4.csv;CSV;row 34 / Цена изделия;NORMALIZED_FROM_ORGANIZER;HIGH;"Decimal comma/space normalization only; currency not inferred."
price_offer;price-v4-row-0034;vat_status;ORGANIZER_ASSUMPTION_INCLUDED;Дополнения для участников.pdf;page 4;prices assumed VAT-inclusive;ORGANIZER_ASSUMPTION;MEDIUM;Assumption from addendum, not confirmed per-offer fact.
price_offer;price-v4-row-0034;excluded_costs;delivery | commissioning/start-up | deep IT integration;Дополнения для участников.pdf;page 4;delivery, commissioning and deep integration excluded;ORGANIZER_ASSUMPTION;HIGH;Explicit addendum exclusion applied to each raw price offer.
product;a556b956-a781-4c38-9fc8-7daeca279b59;name;Pick by light;catalog_export_v4.csv;CSV;row 35 / Название;ORGANIZER_CSV;HIGH;Raw organizer value preserved.
product;a556b956-a781-4c38-9fc8-7daeca279b59;manufacturer;"ООО ""Умный сервис""";catalog_export_v4.csv;CSV;row 35 / компания;ORGANIZER_CSV;HIGH;Raw organizer value preserved.
product;a556b956-a781-4c38-9fc8-7daeca279b59;system_family;SOFTWARE;catalog_export_v4.csv;CSV;row 35 / тип;ORGANIZER_CSV;HIGH;Normalized only from organizer token `software`.
product;a556b956-a781-4c38-9fc8-7daeca279b59;maturity_status;RND;catalog_export_v4.csv;CSV;row 35 / статус;ORGANIZER_CSV;HIGH;Normalized only from organizer token `rnd`.
product;a556b956-a781-4c38-9fc8-7daeca279b59;trl;8;catalog_export_v4.csv;CSV;row 35 / УГТ;ORGANIZER_CSV;HIGH;Organizer value normalized to integer when possible.
product;a556b956-a781-4c38-9fc8-7daeca279b59;market_potential;5.0;catalog_export_v4.csv;CSV;row 35 / Рын Потенциал;ORGANIZER_CSV;HIGH;Organizer value normalized to numeric representation.
product;a556b956-a781-4c38-9fc8-7daeca279b59;description.raw;Система светового отбора для сборки штучного товара;catalog_export_v4.csv;CSV;row 35 / описание;ORGANIZER_CSV;HIGH;Raw organizer description preserved without rewriting.
applicability;app-v4-row-0035;industries;Торговля и услуги;catalog_export_v4.csv;CSV;row 35 / Отрасль;ORGANIZER_CSV;HIGH;Raw organizer applicability value.
applicability;app-v4-row-0035;use_cases;Сортировка грузов;catalog_export_v4.csv;CSV;row 35 / Сценарий;ORGANIZER_CSV;HIGH;Raw organizer applicability value.
applicability;app-v4-row-0035;regions;Москва;catalog_export_v4.csv;CSV;row 35 / Регион;ORGANIZER_CSV;HIGH;Raw organizer applicability value.
applicability;app-v4-row-0035;case_evidence;Внедрена система Pick by Voice и Pick to Light в распределительном центре сети «Дикси» для ускорения сборки онлайн-заказов. В результате скорость сборки выросла вдвое, уровень ошибок снижен до 0,03%, пересорт практически исчез.;catalog_export_v4.csv;CSV;row 35 / Кейсы;ORGANIZER_CSV;HIGH;Raw organizer case text.
price_offer;price-v4-row-0035;raw_price;1 000 000,00;catalog_export_v4.csv;CSV;row 35 / Цена изделия;ORGANIZER_CSV;HIGH;Raw price preserved exactly.
price_offer;price-v4-row-0035;normalized_amount;1000000.00;catalog_export_v4.csv;CSV;row 35 / Цена изделия;NORMALIZED_FROM_ORGANIZER;HIGH;"Decimal comma/space normalization only; currency not inferred."
price_offer;price-v4-row-0035;vat_status;ORGANIZER_ASSUMPTION_INCLUDED;Дополнения для участников.pdf;page 4;prices assumed VAT-inclusive;ORGANIZER_ASSUMPTION;MEDIUM;Assumption from addendum, not confirmed per-offer fact.
price_offer;price-v4-row-0035;excluded_costs;delivery | commissioning/start-up | deep IT integration;Дополнения для участников.pdf;page 4;delivery, commissioning and deep integration excluded;ORGANIZER_ASSUMPTION;HIGH;Explicit addendum exclusion applied to each raw price offer.
product;9dfb0b55-4d9e-47fc-8a28-ad4390147a26;name;Робот инвентаризатор;catalog_export_v4.csv;CSV;row 36 / Название;ORGANIZER_CSV;HIGH;Raw organizer value preserved.
product;9dfb0b55-4d9e-47fc-8a28-ad4390147a26;manufacturer;"ООО ""Яндекс Роботикс""";catalog_export_v4.csv;CSV;row 36 / компания;ORGANIZER_CSV;HIGH;Raw organizer value preserved.
product;9dfb0b55-4d9e-47fc-8a28-ad4390147a26;system_family;BRS;catalog_export_v4.csv;CSV;row 36 / тип;ORGANIZER_CSV;HIGH;Normalized only from organizer token `brs`.
product;9dfb0b55-4d9e-47fc-8a28-ad4390147a26;maturity_status;OPERATION;catalog_export_v4.csv;CSV;row 36 / статус;ORGANIZER_CSV;HIGH;Normalized only from organizer token `operation`.
product;9dfb0b55-4d9e-47fc-8a28-ad4390147a26;trl;8;catalog_export_v4.csv;CSV;row 36 / УГТ;ORGANIZER_CSV;HIGH;Organizer value normalized to integer when possible.
product;9dfb0b55-4d9e-47fc-8a28-ad4390147a26;market_potential;5.0;catalog_export_v4.csv;CSV;row 36 / Рын Потенциал;ORGANIZER_CSV;HIGH;Organizer value normalized to numeric representation.
product;9dfb0b55-4d9e-47fc-8a28-ad4390147a26;type;Мобильные роботы;catalog_export_v4.csv;CSV;row 36 / Тип;ORGANIZER_CSV;HIGH;Raw organizer value preserved.
product;9dfb0b55-4d9e-47fc-8a28-ad4390147a26;subtype;Робот инвентаризатор;catalog_export_v4.csv;CSV;row 36 / Подтип;ORGANIZER_CSV;HIGH;Raw organizer value preserved.
product;9dfb0b55-4d9e-47fc-8a28-ad4390147a26;description.raw;Автономное мобильное решение для полностью автоматического учета и сверки паллетных грузов на крупных складах.;catalog_export_v4.csv;CSV;row 36 / описание;ORGANIZER_CSV;HIGH;Raw organizer description preserved without rewriting.
applicability;app-v4-row-0036;industries;Торговля и услуги;catalog_export_v4.csv;CSV;row 36 / Отрасль;ORGANIZER_CSV;HIGH;Raw organizer applicability value.
applicability;app-v4-row-0036;use_cases;Инвентаризация склада;catalog_export_v4.csv;CSV;row 36 / Сценарий;ORGANIZER_CSV;HIGH;Raw organizer applicability value.
applicability;app-v4-row-0036;regions;Москва;catalog_export_v4.csv;CSV;row 36 / Регион;ORGANIZER_CSV;HIGH;Raw organizer applicability value.
applicability;app-v4-row-0036;case_evidence;На складе сети «Азбука Вкуса» внедрен робот-инвентаризатор от «Яндекс Роботикс», что позволило ускорить проверку остатков, повысить точность учета и обеспечить годовую экономию более 1 млн рублей.;catalog_export_v4.csv;CSV;row 36 / Кейсы;ORGANIZER_CSV;HIGH;Raw organizer case text.
price_offer;price-v4-row-0036;raw_price;2 000 000,00;catalog_export_v4.csv;CSV;row 36 / Цена изделия;ORGANIZER_CSV;HIGH;Raw price preserved exactly.
price_offer;price-v4-row-0036;normalized_amount;2000000.00;catalog_export_v4.csv;CSV;row 36 / Цена изделия;NORMALIZED_FROM_ORGANIZER;HIGH;"Decimal comma/space normalization only; currency not inferred."
price_offer;price-v4-row-0036;vat_status;ORGANIZER_ASSUMPTION_INCLUDED;Дополнения для участников.pdf;page 4;prices assumed VAT-inclusive;ORGANIZER_ASSUMPTION;MEDIUM;Assumption from addendum, not confirmed per-offer fact.
price_offer;price-v4-row-0036;excluded_costs;delivery | commissioning/start-up | deep IT integration;Дополнения для участников.pdf;page 4;delivery, commissioning and deep integration excluded;ORGANIZER_ASSUMPTION;HIGH;Explicit addendum exclusion applied to each raw price offer.
product;242d637c-6512-4bdf-9964-2c0010259f36;name;Инвентаризатор AI Stock Counter 12M;catalog_export_v4.csv;CSV;row 37 / Название;ORGANIZER_CSV;HIGH;Raw organizer value preserved.
product;242d637c-6512-4bdf-9964-2c0010259f36;manufacturer;"ООО ""ГК Автомакон""";catalog_export_v4.csv;CSV;row 37 / компания;ORGANIZER_CSV;HIGH;Raw organizer value preserved.
product;242d637c-6512-4bdf-9964-2c0010259f36;system_family;BRS;catalog_export_v4.csv;CSV;row 37 / тип;ORGANIZER_CSV;HIGH;Normalized only from organizer token `brs`.
product;242d637c-6512-4bdf-9964-2c0010259f36;maturity_status;OPERATION;catalog_export_v4.csv;CSV;row 37 / статус;ORGANIZER_CSV;HIGH;Normalized only from organizer token `operation`.
product;242d637c-6512-4bdf-9964-2c0010259f36;trl;9;catalog_export_v4.csv;CSV;row 37 / УГТ;ORGANIZER_CSV;HIGH;Organizer value normalized to integer when possible.
product;242d637c-6512-4bdf-9964-2c0010259f36;market_potential;5.0;catalog_export_v4.csv;CSV;row 37 / Рын Потенциал;ORGANIZER_CSV;HIGH;Organizer value normalized to numeric representation.
product;242d637c-6512-4bdf-9964-2c0010259f36;type;Мобильные роботы;catalog_export_v4.csv;CSV;row 37 / Тип;ORGANIZER_CSV;HIGH;Raw organizer value preserved.
product;242d637c-6512-4bdf-9964-2c0010259f36;subtype;Робот-инвентаризатор;catalog_export_v4.csv;CSV;row 37 / Подтип;ORGANIZER_CSV;HIGH;Raw organizer value preserved.
product;242d637c-6512-4bdf-9964-2c0010259f36;description.raw;"Специализированный российский робот-инвентаризатор, разработанный группой компаний «Автомакон». Комплекс создан для автоматического высоковысотного пересчета и верификации паллетных грузов на складах и в крупных распределительных центрах.
Главное отличие этого комплекса от робота Яндекса — полуавтономный или гибридный форм-фактор. Робот не имеет собственного самоходного полноприводного шасси, а выполнен в виде мобильной базы-вышки. Она легко перемещается обычной ручной рохлей, вилочным погрузчик";catalog_export_v4.csv;CSV;row 37 / описание;ORGANIZER_CSV;HIGH;Raw organizer description preserved without rewriting.
applicability;app-v4-row-0037;industries;Торговля и услуги;catalog_export_v4.csv;CSV;row 37 / Отрасль;ORGANIZER_CSV;HIGH;Raw organizer applicability value.
applicability;app-v4-row-0037;use_cases;Инвентаризация склада;catalog_export_v4.csv;CSV;row 37 / Сценарий;ORGANIZER_CSV;HIGH;Raw organizer applicability value.
applicability;app-v4-row-0037;regions;Москва;catalog_export_v4.csv;CSV;row 37 / Регион;ORGANIZER_CSV;HIGH;Raw organizer applicability value.
applicability;app-v4-row-0037;case_evidence;Сеть «ВкусВилл» начала роботизацию складов, включая внедрение AI Stock Counter 12M, что позволило снизить количество ошибок почти вдвое (с 2200 до 1300), а ежемесячная экономия превышает 350 тысяч рублей.;catalog_export_v4.csv;CSV;row 37 / Кейсы;ORGANIZER_CSV;HIGH;Raw organizer case text.
price_offer;price-v4-row-0037;raw_price;2 600 000,00;catalog_export_v4.csv;CSV;row 37 / Цена изделия;ORGANIZER_CSV;HIGH;Raw price preserved exactly.
price_offer;price-v4-row-0037;normalized_amount;2600000.00;catalog_export_v4.csv;CSV;row 37 / Цена изделия;NORMALIZED_FROM_ORGANIZER;HIGH;"Decimal comma/space normalization only; currency not inferred."
price_offer;price-v4-row-0037;vat_status;ORGANIZER_ASSUMPTION_INCLUDED;Дополнения для участников.pdf;page 4;prices assumed VAT-inclusive;ORGANIZER_ASSUMPTION;MEDIUM;Assumption from addendum, not confirmed per-offer fact.
price_offer;price-v4-row-0037;excluded_costs;delivery | commissioning/start-up | deep IT integration;Дополнения для участников.pdf;page 4;delivery, commissioning and deep integration excluded;ORGANIZER_ASSUMPTION;HIGH;Explicit addendum exclusion applied to each raw price offer.
product;db02c054-a08a-4ddf-a957-6137eeef93ba;name;Яндекс-ровер R 4.0;catalog_export_v4.csv;CSV;row 38 / Название;ORGANIZER_CSV;HIGH;Raw organizer value preserved.
product;db02c054-a08a-4ddf-a957-6137eeef93ba;manufacturer;"ООО ""Яндекс Роботикс""";catalog_export_v4.csv;CSV;row 38 / компания;ORGANIZER_CSV;HIGH;Raw organizer value preserved.
product;db02c054-a08a-4ddf-a957-6137eeef93ba;system_family;BRS;catalog_export_v4.csv;CSV;row 38 / тип;ORGANIZER_CSV;HIGH;Normalized only from organizer token `brs`.
product;db02c054-a08a-4ddf-a957-6137eeef93ba;maturity_status;OPERATION;catalog_export_v4.csv;CSV;row 38 / статус;ORGANIZER_CSV;HIGH;Normalized only from organizer token `operation`.
product;db02c054-a08a-4ddf-a957-6137eeef93ba;trl;9;catalog_export_v4.csv;CSV;row 38 / УГТ;ORGANIZER_CSV;HIGH;Organizer value normalized to integer when possible.
product;db02c054-a08a-4ddf-a957-6137eeef93ba;market_potential;4.0;catalog_export_v4.csv;CSV;row 38 / Рын Потенциал;ORGANIZER_CSV;HIGH;Organizer value normalized to numeric representation.
product;db02c054-a08a-4ddf-a957-6137eeef93ba;type;Мобильные роботы;catalog_export_v4.csv;CSV;row 38 / Тип;ORGANIZER_CSV;HIGH;Raw organizer value preserved.
product;db02c054-a08a-4ddf-a957-6137eeef93ba;subtype;Робот-ровер;catalog_export_v4.csv;CSV;row 38 / Подтип;ORGANIZER_CSV;HIGH;Raw organizer value preserved.
product;db02c054-a08a-4ddf-a957-6137eeef93ba;description.raw;" беспилотный робот-доставщик «последней мили», предназначенный для автономной транспортировки заказов из ресторанов, магазинов и дарксторов до подъезда покупателя.

Модель R 4.0 заменила прошлые модификации роверов. В конце 2025 года компания запустила ее массовое серийное производство, начав развертывание в Москве, Санкт-Петербурге и Казани.";catalog_export_v4.csv;CSV;row 38 / описание;ORGANIZER_CSV;HIGH;Raw organizer description preserved without rewriting.
applicability;app-v4-row-0038;industries;Торговля и услуги;catalog_export_v4.csv;CSV;row 38 / Отрасль;ORGANIZER_CSV;HIGH;Raw organizer applicability value.
applicability;app-v4-row-0038;use_cases;Доставка последней мили;catalog_export_v4.csv;CSV;row 38 / Сценарий;ORGANIZER_CSV;HIGH;Raw organizer applicability value.
applicability;app-v4-row-0038;regions;Москва;catalog_export_v4.csv;CSV;row 38 / Регион;ORGANIZER_CSV;HIGH;Raw organizer applicability value.
applicability;app-v4-row-0038;case_evidence;Внедрение 300 роботов-доставщиков в Яндекс Еде и Лавке (Москва, СПБ, Ленобласть, Иннополис) позволило выполнить 1 млн заказов, снизить стоимость доставки на 66% и ускорить роботов на 10% за счёт новой нейросети.;catalog_export_v4.csv;CSV;row 38 / Кейсы;ORGANIZER_CSV;HIGH;Raw organizer case text.
price_offer;price-v4-row-0038;raw_price;700 000,00;catalog_export_v4.csv;CSV;row 38 / Цена изделия;ORGANIZER_CSV;HIGH;Raw price preserved exactly.
price_offer;price-v4-row-0038;normalized_amount;700000.00;catalog_export_v4.csv;CSV;row 38 / Цена изделия;NORMALIZED_FROM_ORGANIZER;HIGH;"Decimal comma/space normalization only; currency not inferred."
price_offer;price-v4-row-0038;vat_status;ORGANIZER_ASSUMPTION_INCLUDED;Дополнения для участников.pdf;page 4;prices assumed VAT-inclusive;ORGANIZER_ASSUMPTION;MEDIUM;Assumption from addendum, not confirmed per-offer fact.
price_offer;price-v4-row-0038;excluded_costs;delivery | commissioning/start-up | deep IT integration;Дополнения для участников.pdf;page 4;delivery, commissioning and deep integration excluded;ORGANIZER_ASSUMPTION;HIGH;Explicit addendum exclusion applied to each raw price offer.
product;fbd349c2-88c1-412f-95c2-96a8383217ed;name;Аркус;catalog_export_v4.csv;CSV;row 39 / Название;ORGANIZER_CSV;HIGH;Raw organizer value preserved.
product;fbd349c2-88c1-412f-95c2-96a8383217ed;manufacturer;НИУ ВШЭ;catalog_export_v4.csv;CSV;row 39 / компания;ORGANIZER_CSV;HIGH;Raw organizer value preserved.
product;fbd349c2-88c1-412f-95c2-96a8383217ed;system_family;BRS;catalog_export_v4.csv;CSV;row 39 / тип;ORGANIZER_CSV;HIGH;Normalized only from organizer token `brs`.
product;fbd349c2-88c1-412f-95c2-96a8383217ed;maturity_status;RND;catalog_export_v4.csv;CSV;row 39 / статус;ORGANIZER_CSV;HIGH;Normalized only from organizer token `rnd`.
product;fbd349c2-88c1-412f-95c2-96a8383217ed;trl;3;catalog_export_v4.csv;CSV;row 39 / УГТ;ORGANIZER_CSV;HIGH;Organizer value normalized to integer when possible.
product;fbd349c2-88c1-412f-95c2-96a8383217ed;market_potential;2.0;catalog_export_v4.csv;CSV;row 39 / Рын Потенциал;ORGANIZER_CSV;HIGH;Organizer value normalized to numeric representation.
product;fbd349c2-88c1-412f-95c2-96a8383217ed;type;Антропоморфные роботы;catalog_export_v4.csv;CSV;row 39 / Тип;ORGANIZER_CSV;HIGH;Raw organizer value preserved.
product;fbd349c2-88c1-412f-95c2-96a8383217ed;subtype;Антропоморфный робот;catalog_export_v4.csv;CSV;row 39 / Подтип;ORGANIZER_CSV;HIGH;Raw organizer value preserved.
applicability;app-v4-row-0039;industries;Торговля и услуги;catalog_export_v4.csv;CSV;row 39 / Отрасль;ORGANIZER_CSV;HIGH;Raw organizer applicability value.
applicability;app-v4-row-0039;use_cases;Доставка последней мили;catalog_export_v4.csv;CSV;row 39 / Сценарий;ORGANIZER_CSV;HIGH;Raw organizer applicability value.
applicability;app-v4-row-0039;regions;Москва;catalog_export_v4.csv;CSV;row 39 / Регион;ORGANIZER_CSV;HIGH;Raw organizer applicability value.
applicability;app-v4-row-0039;case_evidence;Компания «Эфко» в сотрудничестве с НИУ ВШЭ разработала пилотный проект человекоподобного робота-курьера «Аркус» (Arcus).;catalog_export_v4.csv;CSV;row 39 / Кейсы;ORGANIZER_CSV;HIGH;Raw organizer case text.
price_offer;price-v4-row-0039;raw_price;1 800 000,00;catalog_export_v4.csv;CSV;row 39 / Цена изделия;ORGANIZER_CSV;HIGH;Raw price preserved exactly.
price_offer;price-v4-row-0039;normalized_amount;1800000.00;catalog_export_v4.csv;CSV;row 39 / Цена изделия;NORMALIZED_FROM_ORGANIZER;HIGH;"Decimal comma/space normalization only; currency not inferred."
price_offer;price-v4-row-0039;vat_status;ORGANIZER_ASSUMPTION_INCLUDED;Дополнения для участников.pdf;page 4;prices assumed VAT-inclusive;ORGANIZER_ASSUMPTION;MEDIUM;Assumption from addendum, not confirmed per-offer fact.
price_offer;price-v4-row-0039;excluded_costs;delivery | commissioning/start-up | deep IT integration;Дополнения для участников.pdf;page 4;delivery, commissioning and deep integration excluded;ORGANIZER_ASSUMPTION;HIGH;Explicit addendum exclusion applied to each raw price offer.
product;fade5829-1946-4cf6-a0e6-8f8381d64312;name;Promobot V.4;catalog_export_v4.csv;CSV;row 40 / Название;ORGANIZER_CSV;HIGH;Raw organizer value preserved.
product;fade5829-1946-4cf6-a0e6-8f8381d64312;manufacturer;"ООО ""Промобот""";catalog_export_v4.csv;CSV;row 40 / компания;ORGANIZER_CSV;HIGH;Raw organizer value preserved.
product;fade5829-1946-4cf6-a0e6-8f8381d64312;system_family;BRS;catalog_export_v4.csv;CSV;row 40 / тип;ORGANIZER_CSV;HIGH;Normalized only from organizer token `brs`.
product;fade5829-1946-4cf6-a0e6-8f8381d64312;maturity_status;OPERATION;catalog_export_v4.csv;CSV;row 40 / статус;ORGANIZER_CSV;HIGH;Normalized only from organizer token `operation`.
product;fade5829-1946-4cf6-a0e6-8f8381d64312;trl;9;catalog_export_v4.csv;CSV;row 40 / УГТ;ORGANIZER_CSV;HIGH;Organizer value normalized to integer when possible.
product;fade5829-1946-4cf6-a0e6-8f8381d64312;market_potential;4.0;catalog_export_v4.csv;CSV;row 40 / Рын Потенциал;ORGANIZER_CSV;HIGH;Organizer value normalized to numeric representation.
product;fade5829-1946-4cf6-a0e6-8f8381d64312;type;Антропоморфные роботы;catalog_export_v4.csv;CSV;row 40 / Тип;ORGANIZER_CSV;HIGH;Raw organizer value preserved.
product;fade5829-1946-4cf6-a0e6-8f8381d64312;subtype;Антропоморфный робот;catalog_export_v4.csv;CSV;row 40 / Подтип;ORGANIZER_CSV;HIGH;Raw organizer value preserved.
product;fade5829-1946-4cf6-a0e6-8f8381d64312;description.raw;Автономный сервисный робот для бизнеса, разработанный российской компанией Promobot (г. Пермь). Робот предназначен для работы в местах повышенного скопления людей и выполняет функции живого сотрудника: консультанта, администратора, промоутера, гида или консьержа.;catalog_export_v4.csv;CSV;row 40 / описание;ORGANIZER_CSV;HIGH;Raw organizer description preserved without rewriting.
applicability;app-v4-row-0040;industries;Торговля и услуги;catalog_export_v4.csv;CSV;row 40 / Отрасль;ORGANIZER_CSV;HIGH;Raw organizer applicability value.
applicability;app-v4-row-0040;use_cases;Администрирование торгового зала;catalog_export_v4.csv;CSV;row 40 / Сценарий;ORGANIZER_CSV;HIGH;Raw organizer applicability value.
applicability;app-v4-row-0040;regions;Пермский край;catalog_export_v4.csv;CSV;row 40 / Регион;ORGANIZER_CSV;HIGH;Raw organizer applicability value.
applicability;app-v4-row-0040;case_evidence;Сеть гипермаркетов «Лента» внедрила несколько штук роботов-консультантов Promobot. Они предоставляют посетителям информацию об актуальных акциях, скидках, а также демонстрируют важные материалы и предлагают протестировать новую продукцию.;catalog_export_v4.csv;CSV;row 40 / Кейсы;ORGANIZER_CSV;HIGH;Raw organizer case text.
price_offer;price-v4-row-0040;raw_price;4 265 395,00;catalog_export_v4.csv;CSV;row 40 / Цена изделия;ORGANIZER_CSV;HIGH;Raw price preserved exactly.
price_offer;price-v4-row-0040;normalized_amount;4265395.00;catalog_export_v4.csv;CSV;row 40 / Цена изделия;NORMALIZED_FROM_ORGANIZER;HIGH;"Decimal comma/space normalization only; currency not inferred."
price_offer;price-v4-row-0040;vat_status;ORGANIZER_ASSUMPTION_INCLUDED;Дополнения для участников.pdf;page 4;prices assumed VAT-inclusive;ORGANIZER_ASSUMPTION;MEDIUM;Assumption from addendum, not confirmed per-offer fact.
price_offer;price-v4-row-0040;excluded_costs;delivery | commissioning/start-up | deep IT integration;Дополнения для участников.pdf;page 4;delivery, commissioning and deep integration excluded;ORGANIZER_ASSUMPTION;HIGH;Explicit addendum exclusion applied to each raw price offer.
product;80c41c98-283d-4a29-8fce-4b9e6a1afce3;name;Арди;catalog_export_v4.csv;CSV;row 41 / Название;ORGANIZER_CSV;HIGH;Raw organizer value preserved.
product;80c41c98-283d-4a29-8fce-4b9e6a1afce3;manufacturer;"ООО ""Промобот""";catalog_export_v4.csv;CSV;row 41 / компания;ORGANIZER_CSV;HIGH;Raw organizer value preserved.
product;80c41c98-283d-4a29-8fce-4b9e6a1afce3;system_family;BRS;catalog_export_v4.csv;CSV;row 41 / тип;ORGANIZER_CSV;HIGH;Normalized only from organizer token `brs`.
product;80c41c98-283d-4a29-8fce-4b9e6a1afce3;maturity_status;RND;catalog_export_v4.csv;CSV;row 41 / статус;ORGANIZER_CSV;HIGH;Normalized only from organizer token `rnd`.
product;80c41c98-283d-4a29-8fce-4b9e6a1afce3;trl;6;catalog_export_v4.csv;CSV;row 41 / УГТ;ORGANIZER_CSV;HIGH;Organizer value normalized to integer when possible.
product;80c41c98-283d-4a29-8fce-4b9e6a1afce3;market_potential;2.0;catalog_export_v4.csv;CSV;row 41 / Рын Потенциал;ORGANIZER_CSV;HIGH;Organizer value normalized to numeric representation.
product;80c41c98-283d-4a29-8fce-4b9e6a1afce3;type;Антропоморфные роботы;catalog_export_v4.csv;CSV;row 41 / Тип;ORGANIZER_CSV;HIGH;Raw organizer value preserved.
product;80c41c98-283d-4a29-8fce-4b9e6a1afce3;subtype;Антропоморфный робот;catalog_export_v4.csv;CSV;row 41 / Подтип;ORGANIZER_CSV;HIGH;Raw organizer value preserved.
product;80c41c98-283d-4a29-8fce-4b9e6a1afce3;description.raw;Антропоморфный (человекоподобный) робот-гуманоид нового поколения на базе искусственного интеллекта, созданный по заказу международной корпорации «Дабл Ю Экспо». В отличие от классических движущихся на колесах промоботов, Арди является статичным роботом-актером и собеседником. Его главная особенность — гиперреалистичная механика движений, эластичная силиконовая кожа и способность выражать тончайшие эмоции человека.;catalog_export_v4.csv;CSV;row 41 / описание;ORGANIZER_CSV;HIGH;Raw organizer description preserved without rewriting.
applicability;app-v4-row-0041;industries;Торговля и услуги;catalog_export_v4.csv;CSV;row 41 / Отрасль;ORGANIZER_CSV;HIGH;Raw organizer applicability value.
applicability;app-v4-row-0041;use_cases;Администрирование торгового зала;catalog_export_v4.csv;CSV;row 41 / Сценарий;ORGANIZER_CSV;HIGH;Raw organizer applicability value.
applicability;app-v4-row-0041;regions;Пермский край;catalog_export_v4.csv;CSV;row 41 / Регион;ORGANIZER_CSV;HIGH;Raw organizer applicability value.
applicability;app-v4-row-0041;case_evidence;Анонсирован первый сольный концерт человекоподобного робота Арди для демонстрации возможностей серийного робота писать, исполнять музыку и двигаться подобно человеку.;catalog_export_v4.csv;CSV;row 41 / Кейсы;ORGANIZER_CSV;HIGH;Raw organizer case text.
price_offer;price-v4-row-0041;raw_price;15 000 000,00;catalog_export_v4.csv;CSV;row 41 / Цена изделия;ORGANIZER_CSV;HIGH;Raw price preserved exactly.
price_offer;price-v4-row-0041;normalized_amount;15000000.00;catalog_export_v4.csv;CSV;row 41 / Цена изделия;NORMALIZED_FROM_ORGANIZER;HIGH;"Decimal comma/space normalization only; currency not inferred."
price_offer;price-v4-row-0041;vat_status;ORGANIZER_ASSUMPTION_INCLUDED;Дополнения для участников.pdf;page 4;prices assumed VAT-inclusive;ORGANIZER_ASSUMPTION;MEDIUM;Assumption from addendum, not confirmed per-offer fact.
price_offer;price-v4-row-0041;excluded_costs;delivery | commissioning/start-up | deep IT integration;Дополнения для участников.pdf;page 4;delivery, commissioning and deep integration excluded;ORGANIZER_ASSUMPTION;HIGH;Explicit addendum exclusion applied to each raw price offer.
product;a9c720bc-e618-4dcc-90e1-990c5a3d1ae2;name;Грин;catalog_export_v4.csv;CSV;row 42 / Название;ORGANIZER_CSV;HIGH;Raw organizer value preserved.
product;a9c720bc-e618-4dcc-90e1-990c5a3d1ae2;manufacturer;"ПАО ""Сбербанк""";catalog_export_v4.csv;CSV;row 42 / компания;ORGANIZER_CSV;HIGH;Raw organizer value preserved.
product;a9c720bc-e618-4dcc-90e1-990c5a3d1ae2;system_family;BRS;catalog_export_v4.csv;CSV;row 42 / тип;ORGANIZER_CSV;HIGH;Normalized only from organizer token `brs`.
product;a9c720bc-e618-4dcc-90e1-990c5a3d1ae2;maturity_status;RND;catalog_export_v4.csv;CSV;row 42 / статус;ORGANIZER_CSV;HIGH;Normalized only from organizer token `rnd`.
product;a9c720bc-e618-4dcc-90e1-990c5a3d1ae2;trl;4;catalog_export_v4.csv;CSV;row 42 / УГТ;ORGANIZER_CSV;HIGH;Organizer value normalized to integer when possible.
product;a9c720bc-e618-4dcc-90e1-990c5a3d1ae2;market_potential;3.0;catalog_export_v4.csv;CSV;row 42 / Рын Потенциал;ORGANIZER_CSV;HIGH;Organizer value normalized to numeric representation.
product;a9c720bc-e618-4dcc-90e1-990c5a3d1ae2;type;Антропоморфные роботы;catalog_export_v4.csv;CSV;row 42 / Тип;ORGANIZER_CSV;HIGH;Raw organizer value preserved.
product;a9c720bc-e618-4dcc-90e1-990c5a3d1ae2;subtype;Антропоморфный робот;catalog_export_v4.csv;CSV;row 42 / Подтип;ORGANIZER_CSV;HIGH;Raw organizer value preserved.
applicability;app-v4-row-0042;industries;Торговля и услуги;catalog_export_v4.csv;CSV;row 42 / Отрасль;ORGANIZER_CSV;HIGH;Raw organizer applicability value.
applicability;app-v4-row-0042;use_cases;Администрирование торгового зала;catalog_export_v4.csv;CSV;row 42 / Сценарий;ORGANIZER_CSV;HIGH;Raw organizer applicability value.
applicability;app-v4-row-0042;regions;Москва;catalog_export_v4.csv;CSV;row 42 / Регион;ORGANIZER_CSV;HIGH;Raw organizer applicability value.
applicability;app-v4-row-0042;case_evidence;Представлен первый антропоморфный робот Сбера на конференции AI Journey. Запланированы пилотные проекты по интеграции робота в различные бизнес-процессы.;catalog_export_v4.csv;CSV;row 42 / Кейсы;ORGANIZER_CSV;HIGH;Raw organizer case text.
price_offer;price-v4-row-0042;raw_price;7 000 000,00;catalog_export_v4.csv;CSV;row 42 / Цена изделия;ORGANIZER_CSV;HIGH;Raw price preserved exactly.
price_offer;price-v4-row-0042;normalized_amount;7000000.00;catalog_export_v4.csv;CSV;row 42 / Цена изделия;NORMALIZED_FROM_ORGANIZER;HIGH;"Decimal comma/space normalization only; currency not inferred."
price_offer;price-v4-row-0042;vat_status;ORGANIZER_ASSUMPTION_INCLUDED;Дополнения для участников.pdf;page 4;prices assumed VAT-inclusive;ORGANIZER_ASSUMPTION;MEDIUM;Assumption from addendum, not confirmed per-offer fact.
price_offer;price-v4-row-0042;excluded_costs;delivery | commissioning/start-up | deep IT integration;Дополнения для участников.pdf;page 4;delivery, commissioning and deep integration excluded;ORGANIZER_ASSUMPTION;HIGH;Explicit addendum exclusion applied to each raw price offer.
product;c70f67e1-8f70-4dff-a4e2-584f0ebaefa1;name;Айдол;catalog_export_v4.csv;CSV;row 43 / Название;ORGANIZER_CSV;HIGH;Raw organizer value preserved.
product;c70f67e1-8f70-4dff-a4e2-584f0ebaefa1;manufacturer;"ООО ""Айдол""";catalog_export_v4.csv;CSV;row 43 / компания;ORGANIZER_CSV;HIGH;Raw organizer value preserved.
product;c70f67e1-8f70-4dff-a4e2-584f0ebaefa1;system_family;BRS;catalog_export_v4.csv;CSV;row 43 / тип;ORGANIZER_CSV;HIGH;Normalized only from organizer token `brs`.
product;c70f67e1-8f70-4dff-a4e2-584f0ebaefa1;maturity_status;PILOTING;catalog_export_v4.csv;CSV;row 43 / статус;ORGANIZER_CSV;HIGH;Normalized only from organizer token `piloting`.
product;c70f67e1-8f70-4dff-a4e2-584f0ebaefa1;trl;7;catalog_export_v4.csv;CSV;row 43 / УГТ;ORGANIZER_CSV;HIGH;Organizer value normalized to integer when possible.
product;c70f67e1-8f70-4dff-a4e2-584f0ebaefa1;market_potential;3.0;catalog_export_v4.csv;CSV;row 43 / Рын Потенциал;ORGANIZER_CSV;HIGH;Organizer value normalized to numeric representation.
product;c70f67e1-8f70-4dff-a4e2-584f0ebaefa1;type;Антропоморфные роботы;catalog_export_v4.csv;CSV;row 43 / Тип;ORGANIZER_CSV;HIGH;Raw organizer value preserved.
product;c70f67e1-8f70-4dff-a4e2-584f0ebaefa1;subtype;Антропоморфный робот;catalog_export_v4.csv;CSV;row 43 / Подтип;ORGANIZER_CSV;HIGH;Raw organizer value preserved.
applicability;app-v4-row-0043;industries;Торговля и услуги;catalog_export_v4.csv;CSV;row 43 / Отрасль;ORGANIZER_CSV;HIGH;Raw organizer applicability value.
applicability;app-v4-row-0043;use_cases;Администрирование торгового зала;catalog_export_v4.csv;CSV;row 43 / Сценарий;ORGANIZER_CSV;HIGH;Raw organizer applicability value.
applicability;app-v4-row-0043;regions;Москва;catalog_export_v4.csv;CSV;row 43 / Регион;ORGANIZER_CSV;HIGH;Raw organizer applicability value.
applicability;app-v4-row-0043;case_evidence;С 1 июля 2026 года, робот Айдол проходит пилотирование на территории Ходынского поля. Робот занимается консультацией гостей и может просто с ними пообщаться на любые темы;catalog_export_v4.csv;CSV;row 43 / Кейсы;ORGANIZER_CSV;HIGH;Raw organizer case text.
price_offer;price-v4-row-0043;raw_price;7 000 000,00;catalog_export_v4.csv;CSV;row 43 / Цена изделия;ORGANIZER_CSV;HIGH;Raw price preserved exactly.
price_offer;price-v4-row-0043;normalized_amount;7000000.00;catalog_export_v4.csv;CSV;row 43 / Цена изделия;NORMALIZED_FROM_ORGANIZER;HIGH;"Decimal comma/space normalization only; currency not inferred."
price_offer;price-v4-row-0043;vat_status;ORGANIZER_ASSUMPTION_INCLUDED;Дополнения для участников.pdf;page 4;prices assumed VAT-inclusive;ORGANIZER_ASSUMPTION;MEDIUM;Assumption from addendum, not confirmed per-offer fact.
price_offer;price-v4-row-0043;excluded_costs;delivery | commissioning/start-up | deep IT integration;Дополнения для участников.pdf;page 4;delivery, commissioning and deep integration excluded;ORGANIZER_ASSUMPTION;HIGH;Explicit addendum exclusion applied to each raw price offer.
product;1615bcc8-7168-48b2-b2d3-99a9b89f54c0;name;R-Cafe 1.3;catalog_export_v4.csv;CSV;row 44 / Название;ORGANIZER_CSV;HIGH;Raw organizer value preserved.
product;1615bcc8-7168-48b2-b2d3-99a9b89f54c0;manufacturer;"ООО ""Робопро""";catalog_export_v4.csv;CSV;row 44 / компания;ORGANIZER_CSV;HIGH;Raw organizer value preserved.
product;1615bcc8-7168-48b2-b2d3-99a9b89f54c0;system_family;BRS;catalog_export_v4.csv;CSV;row 44 / тип;ORGANIZER_CSV;HIGH;Normalized only from organizer token `brs`.
product;1615bcc8-7168-48b2-b2d3-99a9b89f54c0;maturity_status;OPERATION;catalog_export_v4.csv;CSV;row 44 / статус;ORGANIZER_CSV;HIGH;Normalized only from organizer token `operation`.
product;1615bcc8-7168-48b2-b2d3-99a9b89f54c0;trl;9;catalog_export_v4.csv;CSV;row 44 / УГТ;ORGANIZER_CSV;HIGH;Organizer value normalized to integer when possible.
product;1615bcc8-7168-48b2-b2d3-99a9b89f54c0;market_potential;4.0;catalog_export_v4.csv;CSV;row 44 / Рын Потенциал;ORGANIZER_CSV;HIGH;Organizer value normalized to numeric representation.
product;1615bcc8-7168-48b2-b2d3-99a9b89f54c0;type;Стационарные роботизированные системы;catalog_export_v4.csv;CSV;row 44 / Тип;ORGANIZER_CSV;HIGH;Raw organizer value preserved.
product;1615bcc8-7168-48b2-b2d3-99a9b89f54c0;subtype;Робо-кафе;catalog_export_v4.csv;CSV;row 44 / Подтип;ORGANIZER_CSV;HIGH;Raw organizer value preserved.
applicability;app-v4-row-0044;industries;Торговля и услуги;catalog_export_v4.csv;CSV;row 44 / Отрасль;ORGANIZER_CSV;HIGH;Raw organizer applicability value.
applicability;app-v4-row-0044;use_cases;Приготовление напитков;catalog_export_v4.csv;CSV;row 44 / Сценарий;ORGANIZER_CSV;HIGH;Raw organizer applicability value.
applicability;app-v4-row-0044;regions;Москва;catalog_export_v4.csv;CSV;row 44 / Регион;ORGANIZER_CSV;HIGH;Raw organizer applicability value.
applicability;app-v4-row-0044;case_evidence;2 робокафе в Москве на станциях метро Нижегородская (функционирует с 20.05.24) и Курская (запуск с 30.12.2024). Специальный проект с изолированной зоной под требования московского метрополитена.;catalog_export_v4.csv;CSV;row 44 / Кейсы;ORGANIZER_CSV;HIGH;Raw organizer case text.
price_offer;price-v4-row-0044;raw_price;5 000 000,00;catalog_export_v4.csv;CSV;row 44 / Цена изделия;ORGANIZER_CSV;HIGH;Raw price preserved exactly.
price_offer;price-v4-row-0044;normalized_amount;5000000.00;catalog_export_v4.csv;CSV;row 44 / Цена изделия;NORMALIZED_FROM_ORGANIZER;HIGH;"Decimal comma/space normalization only; currency not inferred."
price_offer;price-v4-row-0044;vat_status;ORGANIZER_ASSUMPTION_INCLUDED;Дополнения для участников.pdf;page 4;prices assumed VAT-inclusive;ORGANIZER_ASSUMPTION;MEDIUM;Assumption from addendum, not confirmed per-offer fact.
price_offer;price-v4-row-0044;excluded_costs;delivery | commissioning/start-up | deep IT integration;Дополнения для участников.pdf;page 4;delivery, commissioning and deep integration excluded;ORGANIZER_ASSUMPTION;HIGH;Explicit addendum exclusion applied to each raw price offer.
product;7cd0705f-0615-4abd-9c1d-00ff384ffb51;name;Фудтрак;catalog_export_v4.csv;CSV;row 45 / Название;ORGANIZER_CSV;HIGH;Raw organizer value preserved.
product;7cd0705f-0615-4abd-9c1d-00ff384ffb51;manufacturer;"ООО ""Соло Кофе""";catalog_export_v4.csv;CSV;row 45 / компания;ORGANIZER_CSV;HIGH;Raw organizer value preserved.
product;7cd0705f-0615-4abd-9c1d-00ff384ffb51;system_family;BRS;catalog_export_v4.csv;CSV;row 45 / тип;ORGANIZER_CSV;HIGH;Normalized only from organizer token `brs`.
product;7cd0705f-0615-4abd-9c1d-00ff384ffb51;maturity_status;OPERATION;catalog_export_v4.csv;CSV;row 45 / статус;ORGANIZER_CSV;HIGH;Normalized only from organizer token `operation`.
product;7cd0705f-0615-4abd-9c1d-00ff384ffb51;trl;9;catalog_export_v4.csv;CSV;row 45 / УГТ;ORGANIZER_CSV;HIGH;Organizer value normalized to integer when possible.
product;7cd0705f-0615-4abd-9c1d-00ff384ffb51;market_potential;2.0;catalog_export_v4.csv;CSV;row 45 / Рын Потенциал;ORGANIZER_CSV;HIGH;Organizer value normalized to numeric representation.
product;7cd0705f-0615-4abd-9c1d-00ff384ffb51;type;Мобильные роботы;catalog_export_v4.csv;CSV;row 45 / Тип;ORGANIZER_CSV;HIGH;Raw organizer value preserved.
product;7cd0705f-0615-4abd-9c1d-00ff384ffb51;subtype;Робо-кафе;catalog_export_v4.csv;CSV;row 45 / Подтип;ORGANIZER_CSV;HIGH;Raw organizer value preserved.
applicability;app-v4-row-0045;industries;Торговля и услуги;catalog_export_v4.csv;CSV;row 45 / Отрасль;ORGANIZER_CSV;HIGH;Raw organizer applicability value.
applicability;app-v4-row-0045;use_cases;Приготовление напитков;catalog_export_v4.csv;CSV;row 45 / Сценарий;ORGANIZER_CSV;HIGH;Raw organizer applicability value.
applicability;app-v4-row-0045;regions;Москва;catalog_export_v4.csv;CSV;row 45 / Регион;ORGANIZER_CSV;HIGH;Raw organizer applicability value.
applicability;app-v4-row-0045;case_evidence;Компания SoloCoffee внедрила сеть роботизированных кафе различных форматов в общественных пространствах, включая парк Ветеранов и парк Мира.;catalog_export_v4.csv;CSV;row 45 / Кейсы;ORGANIZER_CSV;HIGH;Raw organizer case text.
price_offer;price-v4-row-0045;raw_price;2 800 000,00;catalog_export_v4.csv;CSV;row 45 / Цена изделия;ORGANIZER_CSV;HIGH;Raw price preserved exactly.
price_offer;price-v4-row-0045;normalized_amount;2800000.00;catalog_export_v4.csv;CSV;row 45 / Цена изделия;NORMALIZED_FROM_ORGANIZER;HIGH;"Decimal comma/space normalization only; currency not inferred."
price_offer;price-v4-row-0045;vat_status;ORGANIZER_ASSUMPTION_INCLUDED;Дополнения для участников.pdf;page 4;prices assumed VAT-inclusive;ORGANIZER_ASSUMPTION;MEDIUM;Assumption from addendum, not confirmed per-offer fact.
price_offer;price-v4-row-0045;excluded_costs;delivery | commissioning/start-up | deep IT integration;Дополнения для участников.pdf;page 4;delivery, commissioning and deep integration excluded;ORGANIZER_ASSUMPTION;HIGH;Explicit addendum exclusion applied to each raw price offer.
product;4dc9e1a3-441b-440c-931c-8011f7869dcf;name;Воркер;catalog_export_v4.csv;CSV;row 46 / Название;ORGANIZER_CSV;HIGH;Raw organizer value preserved.
product;4dc9e1a3-441b-440c-931c-8011f7869dcf;manufacturer;"ПАО ""Сбербанк""";catalog_export_v4.csv;CSV;row 46 / компания;ORGANIZER_CSV;HIGH;Raw organizer value preserved.
product;4dc9e1a3-441b-440c-931c-8011f7869dcf;system_family;BRS;catalog_export_v4.csv;CSV;row 46 / тип;ORGANIZER_CSV;HIGH;Normalized only from organizer token `brs`.
product;4dc9e1a3-441b-440c-931c-8011f7869dcf;maturity_status;PILOTING;catalog_export_v4.csv;CSV;row 46 / статус;ORGANIZER_CSV;HIGH;Normalized only from organizer token `piloting`.
product;4dc9e1a3-441b-440c-931c-8011f7869dcf;trl;7;catalog_export_v4.csv;CSV;row 46 / УГТ;ORGANIZER_CSV;HIGH;Organizer value normalized to integer when possible.
product;4dc9e1a3-441b-440c-931c-8011f7869dcf;market_potential;5.0;catalog_export_v4.csv;CSV;row 46 / Рын Потенциал;ORGANIZER_CSV;HIGH;Organizer value normalized to numeric representation.
product;4dc9e1a3-441b-440c-931c-8011f7869dcf;type;Мобильные манипуляторы;catalog_export_v4.csv;CSV;row 46 / Тип;ORGANIZER_CSV;HIGH;Raw organizer value preserved.
applicability;app-v4-row-0046;industries;Торговля и услуги;catalog_export_v4.csv;CSV;row 46 / Отрасль;ORGANIZER_CSV;HIGH;Raw organizer applicability value.
applicability;app-v4-row-0046;use_cases;Сборка товаров;catalog_export_v4.csv;CSV;row 46 / Сценарий;ORGANIZER_CSV;HIGH;Raw organizer applicability value.
applicability;app-v4-row-0046;regions;Москва;catalog_export_v4.csv;CSV;row 46 / Регион;ORGANIZER_CSV;HIGH;Raw organizer applicability value.
applicability;app-v4-row-0046;case_evidence;Робот «Воркер» уже проходит пилотные испытания на базе торговой сети «Перекрёсток». Ключевым преимуществом устройства является возможность интеграции в существующую инфраструктуру без необходимости перестройки среды.;catalog_export_v4.csv;CSV;row 46 / Кейсы;ORGANIZER_CSV;HIGH;Raw organizer case text.
price_offer;price-v4-row-0046;raw_price;4 500 000,00;catalog_export_v4.csv;CSV;row 46 / Цена изделия;ORGANIZER_CSV;HIGH;Raw price preserved exactly.
price_offer;price-v4-row-0046;normalized_amount;4500000.00;catalog_export_v4.csv;CSV;row 46 / Цена изделия;NORMALIZED_FROM_ORGANIZER;HIGH;"Decimal comma/space normalization only; currency not inferred."
price_offer;price-v4-row-0046;vat_status;ORGANIZER_ASSUMPTION_INCLUDED;Дополнения для участников.pdf;page 4;prices assumed VAT-inclusive;ORGANIZER_ASSUMPTION;MEDIUM;Assumption from addendum, not confirmed per-offer fact.
price_offer;price-v4-row-0046;excluded_costs;delivery | commissioning/start-up | deep IT integration;Дополнения для участников.pdf;page 4;delivery, commissioning and deep integration excluded;ORGANIZER_ASSUMPTION;HIGH;Explicit addendum exclusion applied to each raw price offer.
product;69437741-0523-499a-820a-cb375c1bf1ca;name;IQ-BUS V;catalog_export_v4.csv;CSV;row 47 / Название;ORGANIZER_CSV;HIGH;Raw organizer value preserved.
product;69437741-0523-499a-820a-cb375c1bf1ca;manufacturer;"ООО ""Аврора Роботикс""";catalog_export_v4.csv;CSV;row 47 / компания;ORGANIZER_CSV;HIGH;Raw organizer value preserved.
product;69437741-0523-499a-820a-cb375c1bf1ca;system_family;BRS;catalog_export_v4.csv;CSV;row 47 / тип;ORGANIZER_CSV;HIGH;Normalized only from organizer token `brs`.
product;69437741-0523-499a-820a-cb375c1bf1ca;maturity_status;PILOTING;catalog_export_v4.csv;CSV;row 47 / статус;ORGANIZER_CSV;HIGH;Normalized only from organizer token `piloting`.
product;69437741-0523-499a-820a-cb375c1bf1ca;trl;7;catalog_export_v4.csv;CSV;row 47 / УГТ;ORGANIZER_CSV;HIGH;Organizer value normalized to integer when possible.
product;69437741-0523-499a-820a-cb375c1bf1ca;market_potential;2.0;catalog_export_v4.csv;CSV;row 47 / Рын Потенциал;ORGANIZER_CSV;HIGH;Organizer value normalized to numeric representation.
product;69437741-0523-499a-820a-cb375c1bf1ca;type;Автономные наземные транспортные средства;catalog_export_v4.csv;CSV;row 47 / Тип;ORGANIZER_CSV;HIGH;Raw organizer value preserved.
product;69437741-0523-499a-820a-cb375c1bf1ca;subtype;Интеллектуальный автобус — вендинговый аппарат;catalog_export_v4.csv;CSV;row 47 / Подтип;ORGANIZER_CSV;HIGH;Raw organizer value preserved.
product;69437741-0523-499a-820a-cb375c1bf1ca;description.raw;Беспилотный автономный мобильный вендинговый автомат. Разработанный компанией «Аврора Роботикс» совместно с Robotplace, этот беспилотный робот выполняет функцию полностью автоматизированной торговой точки без кассира или оператора на борту.;catalog_export_v4.csv;CSV;row 47 / описание;ORGANIZER_CSV;HIGH;Raw organizer description preserved without rewriting.
applicability;app-v4-row-0047;industries;Торговля и услуги;catalog_export_v4.csv;CSV;row 47 / Отрасль;ORGANIZER_CSV;HIGH;Raw organizer applicability value.
applicability;app-v4-row-0047;use_cases;Нестационарная торговля;catalog_export_v4.csv;CSV;row 47 / Сценарий;ORGANIZER_CSV;HIGH;Raw organizer applicability value.
applicability;app-v4-row-0047;regions;Рязанская область;catalog_export_v4.csv;CSV;row 47 / Регион;ORGANIZER_CSV;HIGH;Raw organizer applicability value.
applicability;app-v4-row-0047;case_evidence;iQ-Bus использовался в качестве первого в мире автономного магазина без кассира. Робот самостоятельно двигался по заданному маршруту в парках Рязани и продавал кофе, мороженое или снеки.;catalog_export_v4.csv;CSV;row 47 / Кейсы;ORGANIZER_CSV;HIGH;Raw organizer case text.
price_offer;price-v4-row-0047;raw_price;7 800 000,00;catalog_export_v4.csv;CSV;row 47 / Цена изделия;ORGANIZER_CSV;HIGH;Raw price preserved exactly.
price_offer;price-v4-row-0047;normalized_amount;7800000.00;catalog_export_v4.csv;CSV;row 47 / Цена изделия;NORMALIZED_FROM_ORGANIZER;HIGH;"Decimal comma/space normalization only; currency not inferred."
price_offer;price-v4-row-0047;vat_status;ORGANIZER_ASSUMPTION_INCLUDED;Дополнения для участников.pdf;page 4;prices assumed VAT-inclusive;ORGANIZER_ASSUMPTION;MEDIUM;Assumption from addendum, not confirmed per-offer fact.
price_offer;price-v4-row-0047;excluded_costs;delivery | commissioning/start-up | deep IT integration;Дополнения для участников.pdf;page 4;delivery, commissioning and deep integration excluded;ORGANIZER_ASSUMPTION;HIGH;Explicit addendum exclusion applied to each raw price offer.
product;644aaab9-6ce1-4639-a60a-ed753f8bd589;name;Роботизированная передвижная зарядная станция для электромобилей;catalog_export_v4.csv;CSV;row 48 / Название;ORGANIZER_CSV;HIGH;Raw organizer value preserved.
product;644aaab9-6ce1-4639-a60a-ed753f8bd589;manufacturer;Росатом;catalog_export_v4.csv;CSV;row 48 / компания;ORGANIZER_CSV;HIGH;Raw organizer value preserved.
product;644aaab9-6ce1-4639-a60a-ed753f8bd589;system_family;BRS;catalog_export_v4.csv;CSV;row 48 / тип;ORGANIZER_CSV;HIGH;Normalized only from organizer token `brs`.
product;644aaab9-6ce1-4639-a60a-ed753f8bd589;maturity_status;RND;catalog_export_v4.csv;CSV;row 48 / статус;ORGANIZER_CSV;HIGH;Normalized only from organizer token `rnd`.
product;644aaab9-6ce1-4639-a60a-ed753f8bd589;trl;3;catalog_export_v4.csv;CSV;row 48 / УГТ;ORGANIZER_CSV;HIGH;Organizer value normalized to integer when possible.
product;644aaab9-6ce1-4639-a60a-ed753f8bd589;market_potential;2.0;catalog_export_v4.csv;CSV;row 48 / Рын Потенциал;ORGANIZER_CSV;HIGH;Organizer value normalized to numeric representation.
product;644aaab9-6ce1-4639-a60a-ed753f8bd589;type;Автономные наземные транспортные средства;catalog_export_v4.csv;CSV;row 48 / Тип;ORGANIZER_CSV;HIGH;Raw organizer value preserved.
applicability;app-v4-row-0048;industries;Торговля и услуги;catalog_export_v4.csv;CSV;row 48 / Отрасль;ORGANIZER_CSV;HIGH;Raw organizer applicability value.
applicability;app-v4-row-0048;use_cases;Зарядка электромобилей;catalog_export_v4.csv;CSV;row 48 / Сценарий;ORGANIZER_CSV;HIGH;Raw organizer applicability value.
applicability;app-v4-row-0048;regions;Москва;catalog_export_v4.csv;CSV;row 48 / Регион;ORGANIZER_CSV;HIGH;Raw organizer applicability value.
applicability;app-v4-row-0048;case_evidence;Представлена автономная передвижная станция «Росатома» для зарядки электромобилей — беспилотный робот-заправщик на колесной платформе, самостоятельно подъезжающий к машинам на парковке.;catalog_export_v4.csv;CSV;row 48 / Кейсы;ORGANIZER_CSV;HIGH;Raw organizer case text.
price_offer;price-v4-row-0048;raw_price;6 000 000,00;catalog_export_v4.csv;CSV;row 48 / Цена изделия;ORGANIZER_CSV;HIGH;Raw price preserved exactly.
price_offer;price-v4-row-0048;normalized_amount;6000000.00;catalog_export_v4.csv;CSV;row 48 / Цена изделия;NORMALIZED_FROM_ORGANIZER;HIGH;"Decimal comma/space normalization only; currency not inferred."
price_offer;price-v4-row-0048;vat_status;ORGANIZER_ASSUMPTION_INCLUDED;Дополнения для участников.pdf;page 4;prices assumed VAT-inclusive;ORGANIZER_ASSUMPTION;MEDIUM;Assumption from addendum, not confirmed per-offer fact.
price_offer;price-v4-row-0048;excluded_costs;delivery | commissioning/start-up | deep IT integration;Дополнения для участников.pdf;page 4;delivery, commissioning and deep integration excluded;ORGANIZER_ASSUMPTION;HIGH;Explicit addendum exclusion applied to each raw price offer.
product;cdf80f5b-c60a-447b-af30-2c8a44480f98;name;Белка;catalog_export_v4.csv;CSV;row 49 / Название;ORGANIZER_CSV;HIGH;Raw organizer value preserved.
product;cdf80f5b-c60a-447b-af30-2c8a44480f98;manufacturer;"ООО ""Дронсхаб""";catalog_export_v4.csv;CSV;row 49 / компания;ORGANIZER_CSV;HIGH;Raw organizer value preserved.
product;cdf80f5b-c60a-447b-af30-2c8a44480f98;system_family;BRS;catalog_export_v4.csv;CSV;row 49 / тип;ORGANIZER_CSV;HIGH;Normalized only from organizer token `brs`.
product;cdf80f5b-c60a-447b-af30-2c8a44480f98;maturity_status;RND;catalog_export_v4.csv;CSV;row 49 / статус;ORGANIZER_CSV;HIGH;Normalized only from organizer token `rnd`.
product;cdf80f5b-c60a-447b-af30-2c8a44480f98;trl;7;catalog_export_v4.csv;CSV;row 49 / УГТ;ORGANIZER_CSV;HIGH;Organizer value normalized to integer when possible.
product;cdf80f5b-c60a-447b-af30-2c8a44480f98;market_potential;2.0;catalog_export_v4.csv;CSV;row 49 / Рын Потенциал;ORGANIZER_CSV;HIGH;Organizer value normalized to numeric representation.
product;cdf80f5b-c60a-447b-af30-2c8a44480f98;type;Мобильные роботы;catalog_export_v4.csv;CSV;row 49 / Тип;ORGANIZER_CSV;HIGH;Raw organizer value preserved.
product;cdf80f5b-c60a-447b-af30-2c8a44480f98;subtype;Робот-курьер;catalog_export_v4.csv;CSV;row 49 / Подтип;ORGANIZER_CSV;HIGH;Raw organizer value preserved.
product;cdf80f5b-c60a-447b-af30-2c8a44480f98;description.raw;Первая отечественная логистическая роботизированная платформа, созданная для автоматизации доставки грузов на этапе «последнего метра» — от подъезда до двери конкретной квартиры.;catalog_export_v4.csv;CSV;row 49 / описание;ORGANIZER_CSV;HIGH;Raw organizer description preserved without rewriting.
applicability;app-v4-row-0049;industries;Торговля и услуги;catalog_export_v4.csv;CSV;row 49 / Отрасль;ORGANIZER_CSV;HIGH;Raw organizer applicability value.
applicability;app-v4-row-0049;use_cases;Доставка грузов;catalog_export_v4.csv;CSV;row 49 / Сценарий;ORGANIZER_CSV;HIGH;Raw organizer applicability value.
applicability;app-v4-row-0049;regions;Москва;catalog_export_v4.csv;CSV;row 49 / Регион;ORGANIZER_CSV;HIGH;Raw organizer applicability value.
applicability;app-v4-row-0049;case_evidence;"«Белка» — российский робот-доставщик выходит на рынок: мелкосерийное производство и тесты в московских ЖК
Дронсхаб Групп запустили производство первой отечественной логистической роботизированной платформы «Белка» для замены курьеров на этапе доставки товаров и продуктов от подъезда до квартир.";catalog_export_v4.csv;CSV;row 49 / Кейсы;ORGANIZER_CSV;HIGH;Raw organizer case text.
price_offer;price-v4-row-0049;raw_price;1 200 000,00;catalog_export_v4.csv;CSV;row 49 / Цена изделия;ORGANIZER_CSV;HIGH;Raw price preserved exactly.
price_offer;price-v4-row-0049;normalized_amount;1200000.00;catalog_export_v4.csv;CSV;row 49 / Цена изделия;NORMALIZED_FROM_ORGANIZER;HIGH;"Decimal comma/space normalization only; currency not inferred."
price_offer;price-v4-row-0049;vat_status;ORGANIZER_ASSUMPTION_INCLUDED;Дополнения для участников.pdf;page 4;prices assumed VAT-inclusive;ORGANIZER_ASSUMPTION;MEDIUM;Assumption from addendum, not confirmed per-offer fact.
price_offer;price-v4-row-0049;excluded_costs;delivery | commissioning/start-up | deep IT integration;Дополнения для участников.pdf;page 4;delivery, commissioning and deep integration excluded;ORGANIZER_ASSUMPTION;HIGH;Explicit addendum exclusion applied to each raw price offer.
product;0a4cab58-e194-4329-8f23-6074a5f7455f;name;RC5-16;catalog_export_v4.csv;CSV;row 50 / Название;ORGANIZER_CSV;HIGH;Raw organizer value preserved.
product;0a4cab58-e194-4329-8f23-6074a5f7455f;manufacturer;"ООО ""Робопро""";catalog_export_v4.csv;CSV;row 50 / компания;ORGANIZER_CSV;HIGH;Raw organizer value preserved.
product;0a4cab58-e194-4329-8f23-6074a5f7455f;system_family;BRS;catalog_export_v4.csv;CSV;row 50 / тип;ORGANIZER_CSV;HIGH;Normalized only from organizer token `brs`.
product;0a4cab58-e194-4329-8f23-6074a5f7455f;maturity_status;OPERATION;catalog_export_v4.csv;CSV;row 50 / статус;ORGANIZER_CSV;HIGH;Normalized only from organizer token `operation`.
product;0a4cab58-e194-4329-8f23-6074a5f7455f;trl;8;catalog_export_v4.csv;CSV;row 50 / УГТ;ORGANIZER_CSV;HIGH;Organizer value normalized to integer when possible.
product;0a4cab58-e194-4329-8f23-6074a5f7455f;market_potential;5.0;catalog_export_v4.csv;CSV;row 50 / Рын Потенциал;ORGANIZER_CSV;HIGH;Organizer value normalized to numeric representation.
product;0a4cab58-e194-4329-8f23-6074a5f7455f;type;Роботы-манипуляторы;catalog_export_v4.csv;CSV;row 50 / Тип;ORGANIZER_CSV;HIGH;Raw organizer value preserved.
product;0a4cab58-e194-4329-8f23-6074a5f7455f;subtype;Коллаборативный робот-манипулятор;catalog_export_v4.csv;CSV;row 50 / Подтип;ORGANIZER_CSV;HIGH;Raw organizer value preserved.
applicability;app-v4-row-0050;industries;Промышленность;catalog_export_v4.csv;CSV;row 50 / Отрасль;ORGANIZER_CSV;HIGH;Raw organizer applicability value.
applicability;app-v4-row-0050;use_cases;Производство изделий;catalog_export_v4.csv;CSV;row 50 / Сценарий;ORGANIZER_CSV;HIGH;Raw organizer applicability value.
applicability;app-v4-row-0050;regions;Москва;catalog_export_v4.csv;CSV;row 50 / Регион;ORGANIZER_CSV;HIGH;Raw organizer applicability value.
applicability;app-v4-row-0050;case_evidence;Внедрены коллаборативные роботы серии RC («РОБОПРО») на предприятиях машиностроения, металлообработки и пищевой промышленности.;catalog_export_v4.csv;CSV;row 50 / Кейсы;ORGANIZER_CSV;HIGH;Raw organizer case text.
price_offer;price-v4-row-0050;raw_price;2 500 000,00;catalog_export_v4.csv;CSV;row 50 / Цена изделия;ORGANIZER_CSV;HIGH;Raw price preserved exactly.
price_offer;price-v4-row-0050;normalized_amount;2500000.00;catalog_export_v4.csv;CSV;row 50 / Цена изделия;NORMALIZED_FROM_ORGANIZER;HIGH;"Decimal comma/space normalization only; currency not inferred."
price_offer;price-v4-row-0050;vat_status;ORGANIZER_ASSUMPTION_INCLUDED;Дополнения для участников.pdf;page 4;prices assumed VAT-inclusive;ORGANIZER_ASSUMPTION;MEDIUM;Assumption from addendum, not confirmed per-offer fact.
price_offer;price-v4-row-0050;excluded_costs;delivery | commissioning/start-up | deep IT integration;Дополнения для участников.pdf;page 4;delivery, commissioning and deep integration excluded;ORGANIZER_ASSUMPTION;HIGH;Explicit addendum exclusion applied to each raw price offer.
product;72acd18d-325d-4a3e-9472-093ecdcdbb4b;name;Берилл;catalog_export_v4.csv;CSV;row 51 / Название;ORGANIZER_CSV;HIGH;Raw organizer value preserved.
product;72acd18d-325d-4a3e-9472-093ecdcdbb4b;manufacturer;"ООО ""Валдай Роботы""";catalog_export_v4.csv;CSV;row 51 / компания;ORGANIZER_CSV;HIGH;Raw organizer value preserved.
product;72acd18d-325d-4a3e-9472-093ecdcdbb4b;system_family;BRS;catalog_export_v4.csv;CSV;row 51 / тип;ORGANIZER_CSV;HIGH;Normalized only from organizer token `brs`.
product;72acd18d-325d-4a3e-9472-093ecdcdbb4b;maturity_status;OPERATION;catalog_export_v4.csv;CSV;row 51 / статус;ORGANIZER_CSV;HIGH;Normalized only from organizer token `operation`.
product;72acd18d-325d-4a3e-9472-093ecdcdbb4b;trl;8;catalog_export_v4.csv;CSV;row 51 / УГТ;ORGANIZER_CSV;HIGH;Organizer value normalized to integer when possible.
product;72acd18d-325d-4a3e-9472-093ecdcdbb4b;market_potential;4.0;catalog_export_v4.csv;CSV;row 51 / Рын Потенциал;ORGANIZER_CSV;HIGH;Organizer value normalized to numeric representation.
product;72acd18d-325d-4a3e-9472-093ecdcdbb4b;type;Роботы-манипуляторы;catalog_export_v4.csv;CSV;row 51 / Тип;ORGANIZER_CSV;HIGH;Raw organizer value preserved.
product;72acd18d-325d-4a3e-9472-093ecdcdbb4b;subtype;Коллаборативный робот-манипулятор;catalog_export_v4.csv;CSV;row 51 / Подтип;ORGANIZER_CSV;HIGH;Raw organizer value preserved.
product;72acd18d-325d-4a3e-9472-093ecdcdbb4b;description.raw;6-осевой промышленный манипулятор в реестре МПТ РФ с российским процессором.;catalog_export_v4.csv;CSV;row 51 / описание;ORGANIZER_CSV;HIGH;Raw organizer description preserved without rewriting.
applicability;app-v4-row-0051;industries;Промышленность;catalog_export_v4.csv;CSV;row 51 / Отрасль;ORGANIZER_CSV;HIGH;Raw organizer applicability value.
applicability;app-v4-row-0051;use_cases;Производство изделий;catalog_export_v4.csv;CSV;row 51 / Сценарий;ORGANIZER_CSV;HIGH;Raw organizer applicability value.
applicability;app-v4-row-0051;regions;Москва;catalog_export_v4.csv;CSV;row 51 / Регион;ORGANIZER_CSV;HIGH;Raw organizer applicability value.
applicability;app-v4-row-0051;case_evidence;Внедрен робот-манипулятор «Берилл» («Валдай Роботы») в производственный процесс Московского центра SPARC-технологий (МЦСТ).;catalog_export_v4.csv;CSV;row 51 / Кейсы;ORGANIZER_CSV;HIGH;Raw organizer case text.
price_offer;price-v4-row-0051;raw_price;2 500 000,00;catalog_export_v4.csv;CSV;row 51 / Цена изделия;ORGANIZER_CSV;HIGH;Raw price preserved exactly.
price_offer;price-v4-row-0051;normalized_amount;2500000.00;catalog_export_v4.csv;CSV;row 51 / Цена изделия;NORMALIZED_FROM_ORGANIZER;HIGH;"Decimal comma/space normalization only; currency not inferred."
price_offer;price-v4-row-0051;vat_status;ORGANIZER_ASSUMPTION_INCLUDED;Дополнения для участников.pdf;page 4;prices assumed VAT-inclusive;ORGANIZER_ASSUMPTION;MEDIUM;Assumption from addendum, not confirmed per-offer fact.
price_offer;price-v4-row-0051;excluded_costs;delivery | commissioning/start-up | deep IT integration;Дополнения для участников.pdf;page 4;delivery, commissioning and deep integration excluded;ORGANIZER_ASSUMPTION;HIGH;Explicit addendum exclusion applied to each raw price offer.
product;0f4d3500-ce64-4525-a1c1-bfb542c022d3;name;RH06A2;catalog_export_v4.csv;CSV;row 52 / Название;ORGANIZER_CSV;HIGH;Raw organizer value preserved.
product;0f4d3500-ce64-4525-a1c1-bfb542c022d3;manufacturer;"ООО ""СМД""";catalog_export_v4.csv;CSV;row 52 / компания;ORGANIZER_CSV;HIGH;Raw organizer value preserved.
product;0f4d3500-ce64-4525-a1c1-bfb542c022d3;system_family;BRS;catalog_export_v4.csv;CSV;row 52 / тип;ORGANIZER_CSV;HIGH;Normalized only from organizer token `brs`.
product;0f4d3500-ce64-4525-a1c1-bfb542c022d3;maturity_status;OPERATION;catalog_export_v4.csv;CSV;row 52 / статус;ORGANIZER_CSV;HIGH;Normalized only from organizer token `operation`.
product;0f4d3500-ce64-4525-a1c1-bfb542c022d3;trl;8;catalog_export_v4.csv;CSV;row 52 / УГТ;ORGANIZER_CSV;HIGH;Organizer value normalized to integer when possible.
product;0f4d3500-ce64-4525-a1c1-bfb542c022d3;market_potential;4.0;catalog_export_v4.csv;CSV;row 52 / Рын Потенциал;ORGANIZER_CSV;HIGH;Organizer value normalized to numeric representation.
product;0f4d3500-ce64-4525-a1c1-bfb542c022d3;type;Роботы-манипуляторы;catalog_export_v4.csv;CSV;row 52 / Тип;ORGANIZER_CSV;HIGH;Raw organizer value preserved.
product;0f4d3500-ce64-4525-a1c1-bfb542c022d3;subtype;Сварочный робот;catalog_export_v4.csv;CSV;row 52 / Подтип;ORGANIZER_CSV;HIGH;Raw organizer value preserved.
applicability;app-v4-row-0052;industries;Промышленность;catalog_export_v4.csv;CSV;row 52 / Отрасль;ORGANIZER_CSV;HIGH;Raw organizer applicability value.
applicability;app-v4-row-0052;use_cases;Производство изделий;catalog_export_v4.csv;CSV;row 52 / Сценарий;ORGANIZER_CSV;HIGH;Raw organizer applicability value.
applicability;app-v4-row-0052;regions;Москва;catalog_export_v4.csv;CSV;row 52 / Регион;ORGANIZER_CSV;HIGH;Raw organizer applicability value.
applicability;app-v4-row-0052;case_evidence;Завод «ТОНАР» осуществляет переход на автоматизацию и роботизацию производства с целью обеспечения высокого уровня качества и производительности.;catalog_export_v4.csv;CSV;row 52 / Кейсы;ORGANIZER_CSV;HIGH;Raw organizer case text.
price_offer;price-v4-row-0052;raw_price;3 500 000,00;catalog_export_v4.csv;CSV;row 52 / Цена изделия;ORGANIZER_CSV;HIGH;Raw price preserved exactly.
price_offer;price-v4-row-0052;normalized_amount;3500000.00;catalog_export_v4.csv;CSV;row 52 / Цена изделия;NORMALIZED_FROM_ORGANIZER;HIGH;"Decimal comma/space normalization only; currency not inferred."
price_offer;price-v4-row-0052;vat_status;ORGANIZER_ASSUMPTION_INCLUDED;Дополнения для участников.pdf;page 4;prices assumed VAT-inclusive;ORGANIZER_ASSUMPTION;MEDIUM;Assumption from addendum, not confirmed per-offer fact.
price_offer;price-v4-row-0052;excluded_costs;delivery | commissioning/start-up | deep IT integration;Дополнения для участников.pdf;page 4;delivery, commissioning and deep integration excluded;ORGANIZER_ASSUMPTION;HIGH;Explicit addendum exclusion applied to each raw price offer.
product;d6f3eec1-61c1-40ac-98b1-0f5d80877cb7;name;ARM95-200 (грузоподъемность до 18 кг);catalog_export_v4.csv;CSV;row 53 / Название;ORGANIZER_CSV;HIGH;Raw organizer value preserved.
product;d6f3eec1-61c1-40ac-98b1-0f5d80877cb7;manufacturer;"ООО ""Прикладная Робототехника""";catalog_export_v4.csv;CSV;row 53 / компания;ORGANIZER_CSV;HIGH;Raw organizer value preserved.
product;d6f3eec1-61c1-40ac-98b1-0f5d80877cb7;system_family;BRS;catalog_export_v4.csv;CSV;row 53 / тип;ORGANIZER_CSV;HIGH;Normalized only from organizer token `brs`.
product;d6f3eec1-61c1-40ac-98b1-0f5d80877cb7;maturity_status;PILOTING;catalog_export_v4.csv;CSV;row 53 / статус;ORGANIZER_CSV;HIGH;Normalized only from organizer token `piloting`.
product;d6f3eec1-61c1-40ac-98b1-0f5d80877cb7;trl;7;catalog_export_v4.csv;CSV;row 53 / УГТ;ORGANIZER_CSV;HIGH;Organizer value normalized to integer when possible.
product;d6f3eec1-61c1-40ac-98b1-0f5d80877cb7;market_potential;4.0;catalog_export_v4.csv;CSV;row 53 / Рын Потенциал;ORGANIZER_CSV;HIGH;Organizer value normalized to numeric representation.
product;d6f3eec1-61c1-40ac-98b1-0f5d80877cb7;type;Роботы-манипуляторы;catalog_export_v4.csv;CSV;row 53 / Тип;ORGANIZER_CSV;HIGH;Raw organizer value preserved.
product;d6f3eec1-61c1-40ac-98b1-0f5d80877cb7;subtype;Робот-манипулятор;catalog_export_v4.csv;CSV;row 53 / Подтип;ORGANIZER_CSV;HIGH;Raw organizer value preserved.
product;d6f3eec1-61c1-40ac-98b1-0f5d80877cb7;specs.payload;"{""raw"":""грузоподъемность до 18 кг"",""values"":[18.0],""unit"":""kg"",""status"":""ORGANIZER_NAME""}";catalog_export_v4.csv;CSV;row 53 / Название;ORGANIZER_CSV;HIGH;Payload explicitly encoded in product name.
applicability;app-v4-row-0053;industries;Промышленность;catalog_export_v4.csv;CSV;row 53 / Отрасль;ORGANIZER_CSV;HIGH;Raw organizer applicability value.
applicability;app-v4-row-0053;use_cases;Производство изделий;catalog_export_v4.csv;CSV;row 53 / Сценарий;ORGANIZER_CSV;HIGH;Raw organizer applicability value.
applicability;app-v4-row-0053;regions;Москва;catalog_export_v4.csv;CSV;row 53 / Регион;ORGANIZER_CSV;HIGH;Raw organizer applicability value.
applicability;app-v4-row-0053;case_evidence;Сформирована линейка «Прикладной робототехники», включающая набор узкоспециализированных роботов для конкретных процессов: сборки, сварки и финишной обработки.;catalog_export_v4.csv;CSV;row 53 / Кейсы;ORGANIZER_CSV;HIGH;Raw organizer case text.
price_offer;price-v4-row-0053;raw_price;6 800 000,00;catalog_export_v4.csv;CSV;row 53 / Цена изделия;ORGANIZER_CSV;HIGH;Raw price preserved exactly.
price_offer;price-v4-row-0053;normalized_amount;6800000.00;catalog_export_v4.csv;CSV;row 53 / Цена изделия;NORMALIZED_FROM_ORGANIZER;HIGH;"Decimal comma/space normalization only; currency not inferred."
price_offer;price-v4-row-0053;vat_status;ORGANIZER_ASSUMPTION_INCLUDED;Дополнения для участников.pdf;page 4;prices assumed VAT-inclusive;ORGANIZER_ASSUMPTION;MEDIUM;Assumption from addendum, not confirmed per-offer fact.
price_offer;price-v4-row-0053;excluded_costs;delivery | commissioning/start-up | deep IT integration;Дополнения для участников.pdf;page 4;delivery, commissioning and deep integration excluded;ORGANIZER_ASSUMPTION;HIGH;Explicit addendum exclusion applied to each raw price offer.
product;7cd137fa-d946-4603-9ef3-e36914001ae8;name;Робототехнический комплекс REDLOAD PRO 10 COBOT;catalog_export_v4.csv;CSV;row 54 / Название;ORGANIZER_CSV;HIGH;Raw organizer value preserved.
product;7cd137fa-d946-4603-9ef3-e36914001ae8;manufacturer;"ООО ""Технорэд""";catalog_export_v4.csv;CSV;row 54 / компания;ORGANIZER_CSV;HIGH;Raw organizer value preserved.
product;7cd137fa-d946-4603-9ef3-e36914001ae8;system_family;BRS;catalog_export_v4.csv;CSV;row 54 / тип;ORGANIZER_CSV;HIGH;Normalized only from organizer token `brs`.
product;7cd137fa-d946-4603-9ef3-e36914001ae8;maturity_status;OPERATION;catalog_export_v4.csv;CSV;row 54 / статус;ORGANIZER_CSV;HIGH;Normalized only from organizer token `operation`.
product;7cd137fa-d946-4603-9ef3-e36914001ae8;trl;9;catalog_export_v4.csv;CSV;row 54 / УГТ;ORGANIZER_CSV;HIGH;Organizer value normalized to integer when possible.
product;7cd137fa-d946-4603-9ef3-e36914001ae8;market_potential;4.0;catalog_export_v4.csv;CSV;row 54 / Рын Потенциал;ORGANIZER_CSV;HIGH;Organizer value normalized to numeric representation.
product;7cd137fa-d946-4603-9ef3-e36914001ae8;type;Стационарные роботизированные системы;catalog_export_v4.csv;CSV;row 54 / Тип;ORGANIZER_CSV;HIGH;Raw organizer value preserved.
product;7cd137fa-d946-4603-9ef3-e36914001ae8;subtype;Роботизированная установка;catalog_export_v4.csv;CSV;row 54 / Подтип;ORGANIZER_CSV;HIGH;Raw organizer value preserved.
product;7cd137fa-d946-4603-9ef3-e36914001ae8;description.raw;Мобильный комплекс для автоматизации загрузки станков с коллаборативным роботом.;catalog_export_v4.csv;CSV;row 54 / описание;ORGANIZER_CSV;HIGH;Raw organizer description preserved without rewriting.
applicability;app-v4-row-0054;industries;Промышленность;catalog_export_v4.csv;CSV;row 54 / Отрасль;ORGANIZER_CSV;HIGH;Raw organizer applicability value.
applicability;app-v4-row-0054;use_cases;Производство изделий;catalog_export_v4.csv;CSV;row 54 / Сценарий;ORGANIZER_CSV;HIGH;Raw organizer applicability value.
applicability;app-v4-row-0054;regions;Москва;catalog_export_v4.csv;CSV;row 54 / Регион;ORGANIZER_CSV;HIGH;Raw organizer applicability value.
applicability;app-v4-row-0054;case_evidence;"Автоматизация механической обработки для ООО «Анвита»
Автоматизация станка с ЧПУ для ООО «Завод АМО Сталь»
Роботизация фрезерного участка для ООО «Олеон Технолоджи»
Увеличение производительности в два раза для НПП «Спецэлектромагнит»";catalog_export_v4.csv;CSV;row 54 / Кейсы;ORGANIZER_CSV;HIGH;Raw organizer case text.
price_offer;price-v4-row-0054;raw_price;3 500 000,00;catalog_export_v4.csv;CSV;row 54 / Цена изделия;ORGANIZER_CSV;HIGH;Raw price preserved exactly.
price_offer;price-v4-row-0054;normalized_amount;3500000.00;catalog_export_v4.csv;CSV;row 54 / Цена изделия;NORMALIZED_FROM_ORGANIZER;HIGH;"Decimal comma/space normalization only; currency not inferred."
price_offer;price-v4-row-0054;vat_status;ORGANIZER_ASSUMPTION_INCLUDED;Дополнения для участников.pdf;page 4;prices assumed VAT-inclusive;ORGANIZER_ASSUMPTION;MEDIUM;Assumption from addendum, not confirmed per-offer fact.
price_offer;price-v4-row-0054;excluded_costs;delivery | commissioning/start-up | deep IT integration;Дополнения для участников.pdf;page 4;delivery, commissioning and deep integration excluded;ORGANIZER_ASSUMPTION;HIGH;Explicit addendum exclusion applied to each raw price offer.
product;eb72e89f-014f-4583-903c-c03be3bcfa1d;name;Робототехнический комплекс REDWELD BASIC;catalog_export_v4.csv;CSV;row 55 / Название;ORGANIZER_CSV;HIGH;Raw organizer value preserved.
product;eb72e89f-014f-4583-903c-c03be3bcfa1d;manufacturer;"ООО ""Технорэд""";catalog_export_v4.csv;CSV;row 55 / компания;ORGANIZER_CSV;HIGH;Raw organizer value preserved.
product;eb72e89f-014f-4583-903c-c03be3bcfa1d;system_family;BRS;catalog_export_v4.csv;CSV;row 55 / тип;ORGANIZER_CSV;HIGH;Normalized only from organizer token `brs`.
product;eb72e89f-014f-4583-903c-c03be3bcfa1d;maturity_status;OPERATION;catalog_export_v4.csv;CSV;row 55 / статус;ORGANIZER_CSV;HIGH;Normalized only from organizer token `operation`.
product;eb72e89f-014f-4583-903c-c03be3bcfa1d;trl;9;catalog_export_v4.csv;CSV;row 55 / УГТ;ORGANIZER_CSV;HIGH;Organizer value normalized to integer when possible.
product;eb72e89f-014f-4583-903c-c03be3bcfa1d;market_potential;4.0;catalog_export_v4.csv;CSV;row 55 / Рын Потенциал;ORGANIZER_CSV;HIGH;Organizer value normalized to numeric representation.
product;eb72e89f-014f-4583-903c-c03be3bcfa1d;type;Стационарные роботизированные системы;catalog_export_v4.csv;CSV;row 55 / Тип;ORGANIZER_CSV;HIGH;Raw organizer value preserved.
product;eb72e89f-014f-4583-903c-c03be3bcfa1d;subtype;Роботизированная установка;catalog_export_v4.csv;CSV;row 55 / Подтип;ORGANIZER_CSV;HIGH;Raw organizer value preserved.
product;eb72e89f-014f-4583-903c-c03be3bcfa1d;description.raw;Компактное сварочное решение для автоматизации дуговой сварки.;catalog_export_v4.csv;CSV;row 55 / описание;ORGANIZER_CSV;HIGH;Raw organizer description preserved without rewriting.
applicability;app-v4-row-0055;industries;Промышленность;catalog_export_v4.csv;CSV;row 55 / Отрасль;ORGANIZER_CSV;HIGH;Raw organizer applicability value.
applicability;app-v4-row-0055;use_cases;Производство изделий;catalog_export_v4.csv;CSV;row 55 / Сценарий;ORGANIZER_CSV;HIGH;Raw organizer applicability value.
applicability;app-v4-row-0055;regions;Москва;catalog_export_v4.csv;CSV;row 55 / Регион;ORGANIZER_CSV;HIGH;Raw organizer applicability value.
applicability;app-v4-row-0055;case_evidence;"ООО «АЭСТЭ» — сварка деталей для автомобильной промышленности
Четырехкратное увеличение объема производства для компании GEFFEN";catalog_export_v4.csv;CSV;row 55 / Кейсы;ORGANIZER_CSV;HIGH;Raw organizer case text.
price_offer;price-v4-row-0055;raw_price;3 500 000,00;catalog_export_v4.csv;CSV;row 55 / Цена изделия;ORGANIZER_CSV;HIGH;Raw price preserved exactly.
price_offer;price-v4-row-0055;normalized_amount;3500000.00;catalog_export_v4.csv;CSV;row 55 / Цена изделия;NORMALIZED_FROM_ORGANIZER;HIGH;"Decimal comma/space normalization only; currency not inferred."
price_offer;price-v4-row-0055;vat_status;ORGANIZER_ASSUMPTION_INCLUDED;Дополнения для участников.pdf;page 4;prices assumed VAT-inclusive;ORGANIZER_ASSUMPTION;MEDIUM;Assumption from addendum, not confirmed per-offer fact.
price_offer;price-v4-row-0055;excluded_costs;delivery | commissioning/start-up | deep IT integration;Дополнения для участников.pdf;page 4;delivery, commissioning and deep integration excluded;ORGANIZER_ASSUMPTION;HIGH;Explicit addendum exclusion applied to each raw price offer.
product;8a0e653f-b151-46b9-8195-ab8c275a8007;name;Робототехнический комплекс REDWELD PRO 10 COBOT;catalog_export_v4.csv;CSV;row 56 / Название;ORGANIZER_CSV;HIGH;Raw organizer value preserved.
product;8a0e653f-b151-46b9-8195-ab8c275a8007;manufacturer;"ООО ""Технорэд""";catalog_export_v4.csv;CSV;row 56 / компания;ORGANIZER_CSV;HIGH;Raw organizer value preserved.
product;8a0e653f-b151-46b9-8195-ab8c275a8007;system_family;BRS;catalog_export_v4.csv;CSV;row 56 / тип;ORGANIZER_CSV;HIGH;Normalized only from organizer token `brs`.
product;8a0e653f-b151-46b9-8195-ab8c275a8007;maturity_status;OPERATION;catalog_export_v4.csv;CSV;row 56 / статус;ORGANIZER_CSV;HIGH;Normalized only from organizer token `operation`.
product;8a0e653f-b151-46b9-8195-ab8c275a8007;trl;8;catalog_export_v4.csv;CSV;row 56 / УГТ;ORGANIZER_CSV;HIGH;Organizer value normalized to integer when possible.
product;8a0e653f-b151-46b9-8195-ab8c275a8007;market_potential;4.0;catalog_export_v4.csv;CSV;row 56 / Рын Потенциал;ORGANIZER_CSV;HIGH;Organizer value normalized to numeric representation.
product;8a0e653f-b151-46b9-8195-ab8c275a8007;type;Стационарные роботизированные системы;catalog_export_v4.csv;CSV;row 56 / Тип;ORGANIZER_CSV;HIGH;Raw organizer value preserved.
product;8a0e653f-b151-46b9-8195-ab8c275a8007;subtype;Роботизированная установка;catalog_export_v4.csv;CSV;row 56 / Подтип;ORGANIZER_CSV;HIGH;Raw organizer value preserved.
product;8a0e653f-b151-46b9-8195-ab8c275a8007;description.raw;Мобильный комплекс для роботизированной сварки с коллаборативным роботом.;catalog_export_v4.csv;CSV;row 56 / описание;ORGANIZER_CSV;HIGH;Raw organizer description preserved without rewriting.
applicability;app-v4-row-0056;industries;Промышленность;catalog_export_v4.csv;CSV;row 56 / Отрасль;ORGANIZER_CSV;HIGH;Raw organizer applicability value.
applicability;app-v4-row-0056;use_cases;Производство изделий;catalog_export_v4.csv;CSV;row 56 / Сценарий;ORGANIZER_CSV;HIGH;Raw organizer applicability value.
applicability;app-v4-row-0056;regions;Москва;catalog_export_v4.csv;CSV;row 56 / Регион;ORGANIZER_CSV;HIGH;Raw organizer applicability value.
applicability;app-v4-row-0056;case_evidence;Решение REDWELD PRO на базе коллаборативного робота предназначено для мелко-серийных и штучных изделий;catalog_export_v4.csv;CSV;row 56 / Кейсы;ORGANIZER_CSV;HIGH;Raw organizer case text.
price_offer;price-v4-row-0056;raw_price;3 500 000,00;catalog_export_v4.csv;CSV;row 56 / Цена изделия;ORGANIZER_CSV;HIGH;Raw price preserved exactly.
price_offer;price-v4-row-0056;normalized_amount;3500000.00;catalog_export_v4.csv;CSV;row 56 / Цена изделия;NORMALIZED_FROM_ORGANIZER;HIGH;"Decimal comma/space normalization only; currency not inferred."
price_offer;price-v4-row-0056;vat_status;ORGANIZER_ASSUMPTION_INCLUDED;Дополнения для участников.pdf;page 4;prices assumed VAT-inclusive;ORGANIZER_ASSUMPTION;MEDIUM;Assumption from addendum, not confirmed per-offer fact.
price_offer;price-v4-row-0056;excluded_costs;delivery | commissioning/start-up | deep IT integration;Дополнения для участников.pdf;page 4;delivery, commissioning and deep integration excluded;ORGANIZER_ASSUMPTION;HIGH;Explicit addendum exclusion applied to each raw price offer.
product;1906efb4-3ed1-4882-ad33-2a527ef214ac;name;Модель А6-2000;catalog_export_v4.csv;CSV;row 57 / Название;ORGANIZER_CSV;HIGH;Raw organizer value preserved.
product;1906efb4-3ed1-4882-ad33-2a527ef214ac;manufacturer;"АО ""Эйдос Робототехника""";catalog_export_v4.csv;CSV;row 57 / компания;ORGANIZER_CSV;HIGH;Raw organizer value preserved.
product;1906efb4-3ed1-4882-ad33-2a527ef214ac;system_family;BRS;catalog_export_v4.csv;CSV;row 57 / тип;ORGANIZER_CSV;HIGH;Normalized only from organizer token `brs`.
product;1906efb4-3ed1-4882-ad33-2a527ef214ac;maturity_status;OPERATION;catalog_export_v4.csv;CSV;row 57 / статус;ORGANIZER_CSV;HIGH;Normalized only from organizer token `operation`.
product;1906efb4-3ed1-4882-ad33-2a527ef214ac;trl;9;catalog_export_v4.csv;CSV;row 57 / УГТ;ORGANIZER_CSV;HIGH;Organizer value normalized to integer when possible.
product;1906efb4-3ed1-4882-ad33-2a527ef214ac;market_potential;4.0;catalog_export_v4.csv;CSV;row 57 / Рын Потенциал;ORGANIZER_CSV;HIGH;Organizer value normalized to numeric representation.
product;1906efb4-3ed1-4882-ad33-2a527ef214ac;type;Роботы-манипуляторы;catalog_export_v4.csv;CSV;row 57 / Тип;ORGANIZER_CSV;HIGH;Raw organizer value preserved.
product;1906efb4-3ed1-4882-ad33-2a527ef214ac;subtype;Робот-манипулятор;catalog_export_v4.csv;CSV;row 57 / Подтип;ORGANIZER_CSV;HIGH;Raw organizer value preserved.
product;1906efb4-3ed1-4882-ad33-2a527ef214ac;description.raw;Универсальный робот для сварки, паллетирования и обслуживания станков.;catalog_export_v4.csv;CSV;row 57 / описание;ORGANIZER_CSV;HIGH;Raw organizer description preserved without rewriting.
applicability;app-v4-row-0057;industries;Промышленность;catalog_export_v4.csv;CSV;row 57 / Отрасль;ORGANIZER_CSV;HIGH;Raw organizer applicability value.
applicability;app-v4-row-0057;use_cases;Производство изделий;catalog_export_v4.csv;CSV;row 57 / Сценарий;ORGANIZER_CSV;HIGH;Raw organizer applicability value.
applicability;app-v4-row-0057;regions;Республика Татарстан;catalog_export_v4.csv;CSV;row 57 / Регион;ORGANIZER_CSV;HIGH;Raw organizer applicability value.
applicability;app-v4-row-0057;case_evidence;Робот-манипулятор А6-2000 предназначен для сварки, паллетирования и осуществления сборочных работ, максимальная грузоподъемность до 6 кг;catalog_export_v4.csv;CSV;row 57 / Кейсы;ORGANIZER_CSV;HIGH;Raw organizer case text.
price_offer;price-v4-row-0057;raw_price;2 500 000,00;catalog_export_v4.csv;CSV;row 57 / Цена изделия;ORGANIZER_CSV;HIGH;Raw price preserved exactly.
price_offer;price-v4-row-0057;normalized_amount;2500000.00;catalog_export_v4.csv;CSV;row 57 / Цена изделия;NORMALIZED_FROM_ORGANIZER;HIGH;"Decimal comma/space normalization only; currency not inferred."
price_offer;price-v4-row-0057;vat_status;ORGANIZER_ASSUMPTION_INCLUDED;Дополнения для участников.pdf;page 4;prices assumed VAT-inclusive;ORGANIZER_ASSUMPTION;MEDIUM;Assumption from addendum, not confirmed per-offer fact.
price_offer;price-v4-row-0057;excluded_costs;delivery | commissioning/start-up | deep IT integration;Дополнения для участников.pdf;page 4;delivery, commissioning and deep integration excluded;ORGANIZER_ASSUMPTION;HIGH;Explicit addendum exclusion applied to each raw price offer.
product;50005fcd-0788-4d5a-b133-bdb2f8ee0863;name;Учебная ячейка REDEDUCATION PRO;catalog_export_v4.csv;CSV;row 58 / Название;ORGANIZER_CSV;HIGH;Raw organizer value preserved.
product;50005fcd-0788-4d5a-b133-bdb2f8ee0863;manufacturer;"ООО ""Технорэд""";catalog_export_v4.csv;CSV;row 58 / компания;ORGANIZER_CSV;HIGH;Raw organizer value preserved.
product;50005fcd-0788-4d5a-b133-bdb2f8ee0863;system_family;BRS;catalog_export_v4.csv;CSV;row 58 / тип;ORGANIZER_CSV;HIGH;Normalized only from organizer token `brs`.
product;50005fcd-0788-4d5a-b133-bdb2f8ee0863;maturity_status;OPERATION;catalog_export_v4.csv;CSV;row 58 / статус;ORGANIZER_CSV;HIGH;Normalized only from organizer token `operation`.
product;50005fcd-0788-4d5a-b133-bdb2f8ee0863;trl;9;catalog_export_v4.csv;CSV;row 58 / УГТ;ORGANIZER_CSV;HIGH;Organizer value normalized to integer when possible.
product;50005fcd-0788-4d5a-b133-bdb2f8ee0863;market_potential;4.0;catalog_export_v4.csv;CSV;row 58 / Рын Потенциал;ORGANIZER_CSV;HIGH;Organizer value normalized to numeric representation.
product;50005fcd-0788-4d5a-b133-bdb2f8ee0863;type;Стационарные роботизированные системы;catalog_export_v4.csv;CSV;row 58 / Тип;ORGANIZER_CSV;HIGH;Raw organizer value preserved.
product;50005fcd-0788-4d5a-b133-bdb2f8ee0863;subtype;Роботизированная установка;catalog_export_v4.csv;CSV;row 58 / Подтип;ORGANIZER_CSV;HIGH;Raw organizer value preserved.
product;50005fcd-0788-4d5a-b133-bdb2f8ee0863;description.raw;Безопасная ячейка для практико-ориентированного образования в робототехнике.;catalog_export_v4.csv;CSV;row 58 / описание;ORGANIZER_CSV;HIGH;Raw organizer description preserved without rewriting.
applicability;app-v4-row-0058;industries;Промышленность;catalog_export_v4.csv;CSV;row 58 / Отрасль;ORGANIZER_CSV;HIGH;Raw organizer applicability value.
applicability;app-v4-row-0058;use_cases;Производство изделий;catalog_export_v4.csv;CSV;row 58 / Сценарий;ORGANIZER_CSV;HIGH;Raw organizer applicability value.
applicability;app-v4-row-0058;regions;Москва;catalog_export_v4.csv;CSV;row 58 / Регион;ORGANIZER_CSV;HIGH;Raw organizer applicability value.
applicability;app-v4-row-0058;case_evidence;"Применение двух комплексов REDEDUCATION PRO в МГТУ им. Н. Э. Баумана
Учебная и исследовательская эксплуатация REDEDUCATION PRO в Самарском университете имени академика С. П. Королёва 
Федеральный технопарк профессионального образования в Калуге — применение на чемпионате профессионального мастерства";catalog_export_v4.csv;CSV;row 58 / Кейсы;ORGANIZER_CSV;HIGH;Raw organizer case text.
price_offer;price-v4-row-0058;raw_price;2 500 000,00;catalog_export_v4.csv;CSV;row 58 / Цена изделия;ORGANIZER_CSV;HIGH;Raw price preserved exactly.
price_offer;price-v4-row-0058;normalized_amount;2500000.00;catalog_export_v4.csv;CSV;row 58 / Цена изделия;NORMALIZED_FROM_ORGANIZER;HIGH;"Decimal comma/space normalization only; currency not inferred."
price_offer;price-v4-row-0058;vat_status;ORGANIZER_ASSUMPTION_INCLUDED;Дополнения для участников.pdf;page 4;prices assumed VAT-inclusive;ORGANIZER_ASSUMPTION;MEDIUM;Assumption from addendum, not confirmed per-offer fact.
price_offer;price-v4-row-0058;excluded_costs;delivery | commissioning/start-up | deep IT integration;Дополнения для участников.pdf;page 4;delivery, commissioning and deep integration excluded;ORGANIZER_ASSUMPTION;HIGH;Explicit addendum exclusion applied to each raw price offer.
product;ce44017e-6ada-421d-bbce-6869b33c2cda;name;Модель А25-1720;catalog_export_v4.csv;CSV;row 59 / Название;ORGANIZER_CSV;HIGH;Raw organizer value preserved.
product;ce44017e-6ada-421d-bbce-6869b33c2cda;manufacturer;"АО ""Эйдос Робототехника""";catalog_export_v4.csv;CSV;row 59 / компания;ORGANIZER_CSV;HIGH;Raw organizer value preserved.
product;ce44017e-6ada-421d-bbce-6869b33c2cda;system_family;BRS;catalog_export_v4.csv;CSV;row 59 / тип;ORGANIZER_CSV;HIGH;Normalized only from organizer token `brs`.
product;ce44017e-6ada-421d-bbce-6869b33c2cda;maturity_status;OPERATION;catalog_export_v4.csv;CSV;row 59 / статус;ORGANIZER_CSV;HIGH;Normalized only from organizer token `operation`.
product;ce44017e-6ada-421d-bbce-6869b33c2cda;trl;9;catalog_export_v4.csv;CSV;row 59 / УГТ;ORGANIZER_CSV;HIGH;Organizer value normalized to integer when possible.
product;ce44017e-6ada-421d-bbce-6869b33c2cda;market_potential;4.0;catalog_export_v4.csv;CSV;row 59 / Рын Потенциал;ORGANIZER_CSV;HIGH;Organizer value normalized to numeric representation.
product;ce44017e-6ada-421d-bbce-6869b33c2cda;type;Роботы-манипуляторы;catalog_export_v4.csv;CSV;row 59 / Тип;ORGANIZER_CSV;HIGH;Raw organizer value preserved.
product;ce44017e-6ada-421d-bbce-6869b33c2cda;subtype;Робот-манипулятор;catalog_export_v4.csv;CSV;row 59 / Подтип;ORGANIZER_CSV;HIGH;Raw organizer value preserved.
product;ce44017e-6ada-421d-bbce-6869b33c2cda;description.raw;Робот повышенной грузоподъемности для погрузки-разгрузки и сборки.;catalog_export_v4.csv;CSV;row 59 / описание;ORGANIZER_CSV;HIGH;Raw organizer description preserved without rewriting.
applicability;app-v4-row-0059;industries;Промышленность;catalog_export_v4.csv;CSV;row 59 / Отрасль;ORGANIZER_CSV;HIGH;Raw organizer applicability value.
applicability;app-v4-row-0059;use_cases;Производство изделий;catalog_export_v4.csv;CSV;row 59 / Сценарий;ORGANIZER_CSV;HIGH;Raw organizer applicability value.
applicability;app-v4-row-0059;regions;Республика Татарстан;catalog_export_v4.csv;CSV;row 59 / Регион;ORGANIZER_CSV;HIGH;Raw organizer applicability value.
applicability;app-v4-row-0059;case_evidence;Робот-манипулятор А25-1720 предназначен для погрузки-разгрузки и осуществления сборочных работ, максимальная грузоподъемность до 25 кг;catalog_export_v4.csv;CSV;row 59 / Кейсы;ORGANIZER_CSV;HIGH;Raw organizer case text.
price_offer;price-v4-row-0059;raw_price;2 500 000,00;catalog_export_v4.csv;CSV;row 59 / Цена изделия;ORGANIZER_CSV;HIGH;Raw price preserved exactly.
price_offer;price-v4-row-0059;normalized_amount;2500000.00;catalog_export_v4.csv;CSV;row 59 / Цена изделия;NORMALIZED_FROM_ORGANIZER;HIGH;"Decimal comma/space normalization only; currency not inferred."
price_offer;price-v4-row-0059;vat_status;ORGANIZER_ASSUMPTION_INCLUDED;Дополнения для участников.pdf;page 4;prices assumed VAT-inclusive;ORGANIZER_ASSUMPTION;MEDIUM;Assumption from addendum, not confirmed per-offer fact.
price_offer;price-v4-row-0059;excluded_costs;delivery | commissioning/start-up | deep IT integration;Дополнения для участников.pdf;page 4;delivery, commissioning and deep integration excluded;ORGANIZER_ASSUMPTION;HIGH;Explicit addendum exclusion applied to each raw price offer.
product;b6b87828-0604-4874-8ea9-46c513840c23;name;Модель А220-2700;catalog_export_v4.csv;CSV;row 60 / Название;ORGANIZER_CSV;HIGH;Raw organizer value preserved.
product;b6b87828-0604-4874-8ea9-46c513840c23;manufacturer;"АО ""Эйдос Робототехника""";catalog_export_v4.csv;CSV;row 60 / компания;ORGANIZER_CSV;HIGH;Raw organizer value preserved.
product;b6b87828-0604-4874-8ea9-46c513840c23;system_family;BRS;catalog_export_v4.csv;CSV;row 60 / тип;ORGANIZER_CSV;HIGH;Normalized only from organizer token `brs`.
product;b6b87828-0604-4874-8ea9-46c513840c23;maturity_status;OPERATION;catalog_export_v4.csv;CSV;row 60 / статус;ORGANIZER_CSV;HIGH;Normalized only from organizer token `operation`.
product;b6b87828-0604-4874-8ea9-46c513840c23;trl;9;catalog_export_v4.csv;CSV;row 60 / УГТ;ORGANIZER_CSV;HIGH;Organizer value normalized to integer when possible.
product;b6b87828-0604-4874-8ea9-46c513840c23;market_potential;4.0;catalog_export_v4.csv;CSV;row 60 / Рын Потенциал;ORGANIZER_CSV;HIGH;Organizer value normalized to numeric representation.
product;b6b87828-0604-4874-8ea9-46c513840c23;type;Роботы-манипуляторы;catalog_export_v4.csv;CSV;row 60 / Тип;ORGANIZER_CSV;HIGH;Raw organizer value preserved.
product;b6b87828-0604-4874-8ea9-46c513840c23;subtype;Робот-манипулятор;catalog_export_v4.csv;CSV;row 60 / Подтип;ORGANIZER_CSV;HIGH;Raw organizer value preserved.
product;b6b87828-0604-4874-8ea9-46c513840c23;description.raw;Максимально мощный робот для точечной сварки и сборочных работ.;catalog_export_v4.csv;CSV;row 60 / описание;ORGANIZER_CSV;HIGH;Raw organizer description preserved without rewriting.
applicability;app-v4-row-0060;industries;Промышленность;catalog_export_v4.csv;CSV;row 60 / Отрасль;ORGANIZER_CSV;HIGH;Raw organizer applicability value.
applicability;app-v4-row-0060;use_cases;Производство изделий;catalog_export_v4.csv;CSV;row 60 / Сценарий;ORGANIZER_CSV;HIGH;Raw organizer applicability value.
applicability;app-v4-row-0060;regions;Республика Татарстан;catalog_export_v4.csv;CSV;row 60 / Регион;ORGANIZER_CSV;HIGH;Raw organizer applicability value.
applicability;app-v4-row-0060;case_evidence;Робот-манипулятор А220-2700 предназначен для погрузки-разгрузки, точечной сварки и осуществления сборочных работ, максимальная грузоподъемность до 220 кг;catalog_export_v4.csv;CSV;row 60 / Кейсы;ORGANIZER_CSV;HIGH;Raw organizer case text.
price_offer;price-v4-row-0060;raw_price;2 500 000,00;catalog_export_v4.csv;CSV;row 60 / Цена изделия;ORGANIZER_CSV;HIGH;Raw price preserved exactly.
price_offer;price-v4-row-0060;normalized_amount;2500000.00;catalog_export_v4.csv;CSV;row 60 / Цена изделия;NORMALIZED_FROM_ORGANIZER;HIGH;"Decimal comma/space normalization only; currency not inferred."
price_offer;price-v4-row-0060;vat_status;ORGANIZER_ASSUMPTION_INCLUDED;Дополнения для участников.pdf;page 4;prices assumed VAT-inclusive;ORGANIZER_ASSUMPTION;MEDIUM;Assumption from addendum, not confirmed per-offer fact.
price_offer;price-v4-row-0060;excluded_costs;delivery | commissioning/start-up | deep IT integration;Дополнения для участников.pdf;page 4;delivery, commissioning and deep integration excluded;ORGANIZER_ASSUMPTION;HIGH;Explicit addendum exclusion applied to each raw price offer.
product;fceeacf0-579f-46cc-92ff-2057fea5da7f;name;Модель А12-1450;catalog_export_v4.csv;CSV;row 61 / Название;ORGANIZER_CSV;HIGH;Raw organizer value preserved.
product;fceeacf0-579f-46cc-92ff-2057fea5da7f;manufacturer;"АО ""Эйдос Робототехника""";catalog_export_v4.csv;CSV;row 61 / компания;ORGANIZER_CSV;HIGH;Raw organizer value preserved.
product;fceeacf0-579f-46cc-92ff-2057fea5da7f;system_family;BRS;catalog_export_v4.csv;CSV;row 61 / тип;ORGANIZER_CSV;HIGH;Normalized only from organizer token `brs`.
product;fceeacf0-579f-46cc-92ff-2057fea5da7f;maturity_status;OPERATION;catalog_export_v4.csv;CSV;row 61 / статус;ORGANIZER_CSV;HIGH;Normalized only from organizer token `operation`.
product;fceeacf0-579f-46cc-92ff-2057fea5da7f;trl;9;catalog_export_v4.csv;CSV;row 61 / УГТ;ORGANIZER_CSV;HIGH;Organizer value normalized to integer when possible.
product;fceeacf0-579f-46cc-92ff-2057fea5da7f;market_potential;4.0;catalog_export_v4.csv;CSV;row 61 / Рын Потенциал;ORGANIZER_CSV;HIGH;Organizer value normalized to numeric representation.
product;fceeacf0-579f-46cc-92ff-2057fea5da7f;type;Роботы-манипуляторы;catalog_export_v4.csv;CSV;row 61 / Тип;ORGANIZER_CSV;HIGH;Raw organizer value preserved.
product;fceeacf0-579f-46cc-92ff-2057fea5da7f;subtype;Робот-манипулятор;catalog_export_v4.csv;CSV;row 61 / Подтип;ORGANIZER_CSV;HIGH;Raw organizer value preserved.
product;fceeacf0-579f-46cc-92ff-2057fea5da7f;description.raw;Промышленный робот в реестре МПТ РФ, субсидируемая скидка до 50%.;catalog_export_v4.csv;CSV;row 61 / описание;ORGANIZER_CSV;HIGH;Raw organizer description preserved without rewriting.
applicability;app-v4-row-0061;industries;Промышленность;catalog_export_v4.csv;CSV;row 61 / Отрасль;ORGANIZER_CSV;HIGH;Raw organizer applicability value.
applicability;app-v4-row-0061;use_cases;Производство изделий;catalog_export_v4.csv;CSV;row 61 / Сценарий;ORGANIZER_CSV;HIGH;Raw organizer applicability value.
applicability;app-v4-row-0061;regions;Республика Татарстан;catalog_export_v4.csv;CSV;row 61 / Регион;ORGANIZER_CSV;HIGH;Raw organizer applicability value.
applicability;app-v4-row-0061;case_evidence;"Как робот‑манипулятор А12 заменил бригаду сварщиков: кейс КАМАЗа
Создание учебных РТК на базе А12-1450 в Калужском филиале Института развития профессионального образования";catalog_export_v4.csv;CSV;row 61 / Кейсы;ORGANIZER_CSV;HIGH;Raw organizer case text.
price_offer;price-v4-row-0061;raw_price;2 500 000,00;catalog_export_v4.csv;CSV;row 61 / Цена изделия;ORGANIZER_CSV;HIGH;Raw price preserved exactly.
price_offer;price-v4-row-0061;normalized_amount;2500000.00;catalog_export_v4.csv;CSV;row 61 / Цена изделия;NORMALIZED_FROM_ORGANIZER;HIGH;"Decimal comma/space normalization only; currency not inferred."
price_offer;price-v4-row-0061;vat_status;ORGANIZER_ASSUMPTION_INCLUDED;Дополнения для участников.pdf;page 4;prices assumed VAT-inclusive;ORGANIZER_ASSUMPTION;MEDIUM;Assumption from addendum, not confirmed per-offer fact.
price_offer;price-v4-row-0061;excluded_costs;delivery | commissioning/start-up | deep IT integration;Дополнения для участников.pdf;page 4;delivery, commissioning and deep integration excluded;ORGANIZER_ASSUMPTION;HIGH;Explicit addendum exclusion applied to each raw price offer.
product;e11fd28e-58be-448d-b32d-236e4de8d6d8;name;D. Operator P;catalog_export_v4.csv;CSV;row 62 / Название;ORGANIZER_CSV;HIGH;Raw organizer value preserved.
product;e11fd28e-58be-448d-b32d-236e4de8d6d8;manufacturer;"ООО ""Диком-Сервис""";catalog_export_v4.csv;CSV;row 62 / компания;ORGANIZER_CSV;HIGH;Raw organizer value preserved.
product;e11fd28e-58be-448d-b32d-236e4de8d6d8;system_family;BRS;catalog_export_v4.csv;CSV;row 62 / тип;ORGANIZER_CSV;HIGH;Normalized only from organizer token `brs`.
product;e11fd28e-58be-448d-b32d-236e4de8d6d8;maturity_status;OPERATION;catalog_export_v4.csv;CSV;row 62 / статус;ORGANIZER_CSV;HIGH;Normalized only from organizer token `operation`.
product;e11fd28e-58be-448d-b32d-236e4de8d6d8;trl;8;catalog_export_v4.csv;CSV;row 62 / УГТ;ORGANIZER_CSV;HIGH;Organizer value normalized to integer when possible.
product;e11fd28e-58be-448d-b32d-236e4de8d6d8;market_potential;3.0;catalog_export_v4.csv;CSV;row 62 / Рын Потенциал;ORGANIZER_CSV;HIGH;Organizer value normalized to numeric representation.
product;e11fd28e-58be-448d-b32d-236e4de8d6d8;type;Стационарные роботизированные системы;catalog_export_v4.csv;CSV;row 62 / Тип;ORGANIZER_CSV;HIGH;Raw organizer value preserved.
product;e11fd28e-58be-448d-b32d-236e4de8d6d8;subtype;Роботизированная пристаночная ячейка;catalog_export_v4.csv;CSV;row 62 / Подтип;ORGANIZER_CSV;HIGH;Raw organizer value preserved.
product;e11fd28e-58be-448d-b32d-236e4de8d6d8;description.raw;Робототехнический комплекс обеспечивают непрерывность работы станков (фрезерных, токарных, лазерных и т.д.);catalog_export_v4.csv;CSV;row 62 / описание;ORGANIZER_CSV;HIGH;Raw organizer description preserved without rewriting.
applicability;app-v4-row-0062;industries;Промышленность;catalog_export_v4.csv;CSV;row 62 / Отрасль;ORGANIZER_CSV;HIGH;Raw organizer applicability value.
applicability;app-v4-row-0062;use_cases;Производство изделий;catalog_export_v4.csv;CSV;row 62 / Сценарий;ORGANIZER_CSV;HIGH;Raw organizer applicability value.
applicability;app-v4-row-0062;regions;Санкт-Петербург;catalog_export_v4.csv;CSV;row 62 / Регион;ORGANIZER_CSV;HIGH;Raw organizer applicability value.
applicability;app-v4-row-0062;case_evidence;Как D.Operator P вывел загрузку станков с 40 % до 100 %: кейс машиностроительного завода;catalog_export_v4.csv;CSV;row 62 / Кейсы;ORGANIZER_CSV;HIGH;Raw organizer case text.
price_offer;price-v4-row-0062;raw_price;9 400 000,00;catalog_export_v4.csv;CSV;row 62 / Цена изделия;ORGANIZER_CSV;HIGH;Raw price preserved exactly.
price_offer;price-v4-row-0062;normalized_amount;9400000.00;catalog_export_v4.csv;CSV;row 62 / Цена изделия;NORMALIZED_FROM_ORGANIZER;HIGH;"Decimal comma/space normalization only; currency not inferred."
price_offer;price-v4-row-0062;vat_status;ORGANIZER_ASSUMPTION_INCLUDED;Дополнения для участников.pdf;page 4;prices assumed VAT-inclusive;ORGANIZER_ASSUMPTION;MEDIUM;Assumption from addendum, not confirmed per-offer fact.
price_offer;price-v4-row-0062;excluded_costs;delivery | commissioning/start-up | deep IT integration;Дополнения для участников.pdf;page 4;delivery, commissioning and deep integration excluded;ORGANIZER_ASSUMPTION;HIGH;Explicit addendum exclusion applied to each raw price offer.
product;92c20e09-7763-4649-bc50-11381fe2818c;name;Дельта-робот;catalog_export_v4.csv;CSV;row 63 / Название;ORGANIZER_CSV;HIGH;Raw organizer value preserved.
product;92c20e09-7763-4649-bc50-11381fe2818c;manufacturer;"ООО ""Битроботикс""";catalog_export_v4.csv;CSV;row 63 / компания;ORGANIZER_CSV;HIGH;Raw organizer value preserved.
product;92c20e09-7763-4649-bc50-11381fe2818c;system_family;BRS;catalog_export_v4.csv;CSV;row 63 / тип;ORGANIZER_CSV;HIGH;Normalized only from organizer token `brs`.
product;92c20e09-7763-4649-bc50-11381fe2818c;maturity_status;OPERATION;catalog_export_v4.csv;CSV;row 63 / статус;ORGANIZER_CSV;HIGH;Normalized only from organizer token `operation`.
product;92c20e09-7763-4649-bc50-11381fe2818c;trl;9;catalog_export_v4.csv;CSV;row 63 / УГТ;ORGANIZER_CSV;HIGH;Organizer value normalized to integer when possible.
product;92c20e09-7763-4649-bc50-11381fe2818c;market_potential;3.0;catalog_export_v4.csv;CSV;row 63 / Рын Потенциал;ORGANIZER_CSV;HIGH;Organizer value normalized to numeric representation.
product;92c20e09-7763-4649-bc50-11381fe2818c;type;Стационарные роботизированные системы;catalog_export_v4.csv;CSV;row 63 / Тип;ORGANIZER_CSV;HIGH;Raw organizer value preserved.
product;92c20e09-7763-4649-bc50-11381fe2818c;subtype;Дельта-робот;catalog_export_v4.csv;CSV;row 63 / Подтип;ORGANIZER_CSV;HIGH;Raw organizer value preserved.
product;92c20e09-7763-4649-bc50-11381fe2818c;description.raw;Промышленный дельта-робот с высокой точностью и скоростью для производственных линий.;catalog_export_v4.csv;CSV;row 63 / описание;ORGANIZER_CSV;HIGH;Raw organizer description preserved without rewriting.
applicability;app-v4-row-0063;industries;Промышленность;catalog_export_v4.csv;CSV;row 63 / Отрасль;ORGANIZER_CSV;HIGH;Raw organizer applicability value.
applicability;app-v4-row-0063;use_cases;Производство изделий;catalog_export_v4.csv;CSV;row 63 / Сценарий;ORGANIZER_CSV;HIGH;Raw organizer applicability value.
applicability;app-v4-row-0063;regions;Москва;catalog_export_v4.csv;CSV;row 63 / Регион;ORGANIZER_CSV;HIGH;Raw organizer applicability value.
applicability;app-v4-row-0063;case_evidence;Агрогруппа «Хорошее дело» и птицефабрика «Чамзинская»: автоматизация укладки в гофротару;catalog_export_v4.csv;CSV;row 63 / Кейсы;ORGANIZER_CSV;HIGH;Raw organizer case text.
price_offer;price-v4-row-0063;raw_price;8 000 000,00;catalog_export_v4.csv;CSV;row 63 / Цена изделия;ORGANIZER_CSV;HIGH;Raw price preserved exactly.
price_offer;price-v4-row-0063;normalized_amount;8000000.00;catalog_export_v4.csv;CSV;row 63 / Цена изделия;NORMALIZED_FROM_ORGANIZER;HIGH;"Decimal comma/space normalization only; currency not inferred."
price_offer;price-v4-row-0063;vat_status;ORGANIZER_ASSUMPTION_INCLUDED;Дополнения для участников.pdf;page 4;prices assumed VAT-inclusive;ORGANIZER_ASSUMPTION;MEDIUM;Assumption from addendum, not confirmed per-offer fact.
price_offer;price-v4-row-0063;excluded_costs;delivery | commissioning/start-up | deep IT integration;Дополнения для участников.pdf;page 4;delivery, commissioning and deep integration excluded;ORGANIZER_ASSUMPTION;HIGH;Explicit addendum exclusion applied to each raw price offer.
product;a83abbfd-78ee-43dc-9111-f51db4938001;name;DMR 300 Carrier B;catalog_export_v4.csv;CSV;row 64 / Название;ORGANIZER_CSV;HIGH;Raw organizer value preserved.
product;a83abbfd-78ee-43dc-9111-f51db4938001;manufacturer;"ООО ""Диком-Сервис""";catalog_export_v4.csv;CSV;row 64 / компания;ORGANIZER_CSV;HIGH;Raw organizer value preserved.
product;a83abbfd-78ee-43dc-9111-f51db4938001;system_family;BRS;catalog_export_v4.csv;CSV;row 64 / тип;ORGANIZER_CSV;HIGH;Normalized only from organizer token `brs`.
product;a83abbfd-78ee-43dc-9111-f51db4938001;maturity_status;OPERATION;catalog_export_v4.csv;CSV;row 64 / статус;ORGANIZER_CSV;HIGH;Normalized only from organizer token `operation`.
product;a83abbfd-78ee-43dc-9111-f51db4938001;trl;8;catalog_export_v4.csv;CSV;row 64 / УГТ;ORGANIZER_CSV;HIGH;Organizer value normalized to integer when possible.
product;a83abbfd-78ee-43dc-9111-f51db4938001;market_potential;3.0;catalog_export_v4.csv;CSV;row 64 / Рын Потенциал;ORGANIZER_CSV;HIGH;Organizer value normalized to numeric representation.
product;a83abbfd-78ee-43dc-9111-f51db4938001;type;Мобильные роботы;catalog_export_v4.csv;CSV;row 64 / Тип;ORGANIZER_CSV;HIGH;Raw organizer value preserved.
product;a83abbfd-78ee-43dc-9111-f51db4938001;subtype;AMR;catalog_export_v4.csv;CSV;row 64 / Подтип;ORGANIZER_CSV;HIGH;Raw organizer value preserved.
product;a83abbfd-78ee-43dc-9111-f51db4938001;description.raw;Автономный мобильный робот с надстройкой для перевозки, загрузки и выгрузки материалов, заготовок и комплектующих в пластиковых ящиках KLT.;catalog_export_v4.csv;CSV;row 64 / описание;ORGANIZER_CSV;HIGH;Raw organizer description preserved without rewriting.
applicability;app-v4-row-0064;industries;Промышленность;catalog_export_v4.csv;CSV;row 64 / Отрасль;ORGANIZER_CSV;HIGH;Raw organizer applicability value.
applicability;app-v4-row-0064;use_cases;Внутрипроизводственная логистика;catalog_export_v4.csv;CSV;row 64 / Сценарий;ORGANIZER_CSV;HIGH;Raw organizer applicability value.
applicability;app-v4-row-0064;regions;Санкт-Петербург;catalog_export_v4.csv;CSV;row 64 / Регион;ORGANIZER_CSV;HIGH;Raw organizer applicability value.
applicability;app-v4-row-0064;case_evidence;"АО «Чепецкий механический завод» — закупка робота для внутрипроизводственной логистики
«Металлообработка-2025» — интеграция с автоматизированной системой хранения
Российская неделя роботизации — доставка комплектующих к роботизированной ячейке";catalog_export_v4.csv;CSV;row 64 / Кейсы;ORGANIZER_CSV;HIGH;Raw organizer case text.
price_offer;price-v4-row-0064;raw_price;10 800 000,00;catalog_export_v4.csv;CSV;row 64 / Цена изделия;ORGANIZER_CSV;HIGH;Raw price preserved exactly.
price_offer;price-v4-row-0064;normalized_amount;10800000.00;catalog_export_v4.csv;CSV;row 64 / Цена изделия;NORMALIZED_FROM_ORGANIZER;HIGH;"Decimal comma/space normalization only; currency not inferred."
price_offer;price-v4-row-0064;vat_status;ORGANIZER_ASSUMPTION_INCLUDED;Дополнения для участников.pdf;page 4;prices assumed VAT-inclusive;ORGANIZER_ASSUMPTION;MEDIUM;Assumption from addendum, not confirmed per-offer fact.
price_offer;price-v4-row-0064;excluded_costs;delivery | commissioning/start-up | deep IT integration;Дополнения для участников.pdf;page 4;delivery, commissioning and deep integration excluded;ORGANIZER_ASSUMPTION;HIGH;Explicit addendum exclusion applied to each raw price offer.
product;be814758-3616-4b94-befa-9848be2ac604;name;DMR 600 (грузоподъемность до 600 кг);catalog_export_v4.csv;CSV;row 65 / Название;ORGANIZER_CSV;HIGH;Raw organizer value preserved.
product;be814758-3616-4b94-befa-9848be2ac604;manufacturer;"ООО ""Диком-Сервис""";catalog_export_v4.csv;CSV;row 65 / компания;ORGANIZER_CSV;HIGH;Raw organizer value preserved.
product;be814758-3616-4b94-befa-9848be2ac604;system_family;BRS;catalog_export_v4.csv;CSV;row 65 / тип;ORGANIZER_CSV;HIGH;Normalized only from organizer token `brs`.
product;be814758-3616-4b94-befa-9848be2ac604;maturity_status;PILOTING;catalog_export_v4.csv;CSV;row 65 / статус;ORGANIZER_CSV;HIGH;Normalized only from organizer token `piloting`.
product;be814758-3616-4b94-befa-9848be2ac604;trl;7;catalog_export_v4.csv;CSV;row 65 / УГТ;ORGANIZER_CSV;HIGH;Organizer value normalized to integer when possible.
product;be814758-3616-4b94-befa-9848be2ac604;market_potential;3.0;catalog_export_v4.csv;CSV;row 65 / Рын Потенциал;ORGANIZER_CSV;HIGH;Organizer value normalized to numeric representation.
product;be814758-3616-4b94-befa-9848be2ac604;type;Мобильные роботы;catalog_export_v4.csv;CSV;row 65 / Тип;ORGANIZER_CSV;HIGH;Raw organizer value preserved.
product;be814758-3616-4b94-befa-9848be2ac604;subtype;AMR;catalog_export_v4.csv;CSV;row 65 / Подтип;ORGANIZER_CSV;HIGH;Raw organizer value preserved.
product;be814758-3616-4b94-befa-9848be2ac604;specs.payload;"{""raw"":""грузоподъемность до 600 кг"",""values"":[600.0],""unit"":""kg"",""status"":""ORGANIZER_NAME""}";catalog_export_v4.csv;CSV;row 65 / Название;ORGANIZER_CSV;HIGH;Payload explicitly encoded in product name.
applicability;app-v4-row-0065;industries;Промышленность;catalog_export_v4.csv;CSV;row 65 / Отрасль;ORGANIZER_CSV;HIGH;Raw organizer applicability value.
applicability;app-v4-row-0065;use_cases;Внутрипроизводственная логистика;catalog_export_v4.csv;CSV;row 65 / Сценарий;ORGANIZER_CSV;HIGH;Raw organizer applicability value.
applicability;app-v4-row-0065;regions;Санкт-Петербург;catalog_export_v4.csv;CSV;row 65 / Регион;ORGANIZER_CSV;HIGH;Raw organizer applicability value.
applicability;app-v4-row-0065;case_evidence;Внедрено два робота DMR 600 на «Заводе ВРК Сапфир» для межоперационной транспортировки тяжелых заготовок между складом и ЧПУ-станками. В результате процесс подачи деталей к манипуляторам полностью автоматизирован, скорость обеспечения станков сырьем выросла на треть.;catalog_export_v4.csv;CSV;row 65 / Кейсы;ORGANIZER_CSV;HIGH;Raw organizer case text.
price_offer;price-v4-row-0065;raw_price;3 750 000,00;catalog_export_v4.csv;CSV;row 65 / Цена изделия;ORGANIZER_CSV;HIGH;Raw price preserved exactly.
price_offer;price-v4-row-0065;normalized_amount;3750000.00;catalog_export_v4.csv;CSV;row 65 / Цена изделия;NORMALIZED_FROM_ORGANIZER;HIGH;"Decimal comma/space normalization only; currency not inferred."
price_offer;price-v4-row-0065;vat_status;ORGANIZER_ASSUMPTION_INCLUDED;Дополнения для участников.pdf;page 4;prices assumed VAT-inclusive;ORGANIZER_ASSUMPTION;MEDIUM;Assumption from addendum, not confirmed per-offer fact.
price_offer;price-v4-row-0065;excluded_costs;delivery | commissioning/start-up | deep IT integration;Дополнения для участников.pdf;page 4;delivery, commissioning and deep integration excluded;ORGANIZER_ASSUMPTION;HIGH;Explicit addendum exclusion applied to each raw price offer.
product;5b43b013-3a2e-42ca-9013-33d0a9c39b05;name;DMP 15000;catalog_export_v4.csv;CSV;row 66 / Название;ORGANIZER_CSV;HIGH;Raw organizer value preserved.
product;5b43b013-3a2e-42ca-9013-33d0a9c39b05;manufacturer;"ООО ""Диком-Сервис""";catalog_export_v4.csv;CSV;row 66 / компания;ORGANIZER_CSV;HIGH;Raw organizer value preserved.
product;5b43b013-3a2e-42ca-9013-33d0a9c39b05;system_family;BRS;catalog_export_v4.csv;CSV;row 66 / тип;ORGANIZER_CSV;HIGH;Normalized only from organizer token `brs`.
product;5b43b013-3a2e-42ca-9013-33d0a9c39b05;maturity_status;OPERATION;catalog_export_v4.csv;CSV;row 66 / статус;ORGANIZER_CSV;HIGH;Normalized only from organizer token `operation`.
product;5b43b013-3a2e-42ca-9013-33d0a9c39b05;trl;6;catalog_export_v4.csv;CSV;row 66 / УГТ;ORGANIZER_CSV;HIGH;Organizer value normalized to integer when possible.
product;5b43b013-3a2e-42ca-9013-33d0a9c39b05;market_potential;3.0;catalog_export_v4.csv;CSV;row 66 / Рын Потенциал;ORGANIZER_CSV;HIGH;Organizer value normalized to numeric representation.
product;5b43b013-3a2e-42ca-9013-33d0a9c39b05;type;Мобильные роботы;catalog_export_v4.csv;CSV;row 66 / Тип;ORGANIZER_CSV;HIGH;Raw organizer value preserved.
product;5b43b013-3a2e-42ca-9013-33d0a9c39b05;description.raw;Высокоманевренные автономные платформы для перевозки крупногабаритных сборочных единиц с участка на участок (например, от сварочного участка до покрасочной линии и между ее этапами).;catalog_export_v4.csv;CSV;row 66 / описание;ORGANIZER_CSV;HIGH;Raw organizer description preserved without rewriting.
applicability;app-v4-row-0066;industries;Промышленность;catalog_export_v4.csv;CSV;row 66 / Отрасль;ORGANIZER_CSV;HIGH;Raw organizer applicability value.
applicability;app-v4-row-0066;use_cases;Внутрипроизводственная логистика;catalog_export_v4.csv;CSV;row 66 / Сценарий;ORGANIZER_CSV;HIGH;Raw organizer applicability value.
applicability;app-v4-row-0066;regions;Санкт-Петербург;catalog_export_v4.csv;CSV;row 66 / Регион;ORGANIZER_CSV;HIGH;Raw organizer applicability value.
applicability;app-v4-row-0066;case_evidence;Планируется поставить 2 тяжелые мобильные платформы грузоподъемностью 15 тонн, рассчитанные на перемещение крупногабаритных деталей по производственным цехам, на предприятия авиационной промышленности.;catalog_export_v4.csv;CSV;row 66 / Кейсы;ORGANIZER_CSV;HIGH;Raw organizer case text.
price_offer;price-v4-row-0066;raw_price;4 500 000,00;catalog_export_v4.csv;CSV;row 66 / Цена изделия;ORGANIZER_CSV;HIGH;Raw price preserved exactly.
price_offer;price-v4-row-0066;normalized_amount;4500000.00;catalog_export_v4.csv;CSV;row 66 / Цена изделия;NORMALIZED_FROM_ORGANIZER;HIGH;"Decimal comma/space normalization only; currency not inferred."
price_offer;price-v4-row-0066;vat_status;ORGANIZER_ASSUMPTION_INCLUDED;Дополнения для участников.pdf;page 4;prices assumed VAT-inclusive;ORGANIZER_ASSUMPTION;MEDIUM;Assumption from addendum, not confirmed per-offer fact.
price_offer;price-v4-row-0066;excluded_costs;delivery | commissioning/start-up | deep IT integration;Дополнения для участников.pdf;page 4;delivery, commissioning and deep integration excluded;ORGANIZER_ASSUMPTION;HIGH;Explicit addendum exclusion applied to each raw price offer.
product;5760e938-9a43-45a7-b8e8-f4f2e6383930;name;Ronavi H1500 (грузоподъемность до 1 500 кг);catalog_export_v4.csv;CSV;row 67 / Название;ORGANIZER_CSV;HIGH;Raw organizer value preserved.
product;5760e938-9a43-45a7-b8e8-f4f2e6383930;manufacturer;"ООО ""Ронави Роботикс""";catalog_export_v4.csv;CSV;row 67 / компания;ORGANIZER_CSV;HIGH;Raw organizer value preserved.
product;5760e938-9a43-45a7-b8e8-f4f2e6383930;system_family;BRS;catalog_export_v4.csv;CSV;row 67 / тип;ORGANIZER_CSV;HIGH;Normalized only from organizer token `brs`.
product;5760e938-9a43-45a7-b8e8-f4f2e6383930;maturity_status;OPERATION;catalog_export_v4.csv;CSV;row 67 / статус;ORGANIZER_CSV;HIGH;Normalized only from organizer token `operation`.
product;5760e938-9a43-45a7-b8e8-f4f2e6383930;trl;8;catalog_export_v4.csv;CSV;row 67 / УГТ;ORGANIZER_CSV;HIGH;Organizer value normalized to integer when possible.
product;5760e938-9a43-45a7-b8e8-f4f2e6383930;market_potential;4.0;catalog_export_v4.csv;CSV;row 67 / Рын Потенциал;ORGANIZER_CSV;HIGH;Organizer value normalized to numeric representation.
product;5760e938-9a43-45a7-b8e8-f4f2e6383930;type;Мобильные роботы;catalog_export_v4.csv;CSV;row 67 / Тип;ORGANIZER_CSV;HIGH;Raw organizer value preserved.
product;5760e938-9a43-45a7-b8e8-f4f2e6383930;subtype;AMR;catalog_export_v4.csv;CSV;row 67 / Подтип;ORGANIZER_CSV;HIGH;Raw organizer value preserved.
product;5760e938-9a43-45a7-b8e8-f4f2e6383930;description.raw;Автономный мобильный робот (AMR), разработанный отечественной компанией Ronavi Robotics (входит в контур группы «ТехноСпарк» инвестиционной сети РОСНАНО). Он спроектирован для автоматизации складской и производственной логистики и предназначен для перемещения паллет, тележек и конвейерных модулей.;catalog_export_v4.csv;CSV;row 67 / описание;ORGANIZER_CSV;HIGH;Raw organizer description preserved without rewriting.
product;5760e938-9a43-45a7-b8e8-f4f2e6383930;specs.payload;"{""raw"":""грузоподъемность до 1 500 кг"",""values"":[1500.0],""unit"":""kg"",""status"":""ORGANIZER_NAME""}";catalog_export_v4.csv;CSV;row 67 / Название;ORGANIZER_CSV_CORROBORATING;HIGH;"Payload explicitly encoded in product name. Same normalized payload is independently present in DOCX; canonical status is CORROBORATED."
applicability;app-v4-row-0067;industries;Промышленность;catalog_export_v4.csv;CSV;row 67 / Отрасль;ORGANIZER_CSV;HIGH;Raw organizer applicability value.
applicability;app-v4-row-0067;use_cases;Внутрипроизводственная логистика;catalog_export_v4.csv;CSV;row 67 / Сценарий;ORGANIZER_CSV;HIGH;Raw organizer applicability value.
applicability;app-v4-row-0067;regions;Москва;catalog_export_v4.csv;CSV;row 67 / Регион;ORGANIZER_CSV;HIGH;Raw organizer applicability value.
applicability;app-v4-row-0067;case_evidence;Внедрено 2 робота Ronavi H1500 на автосборочном заводе для межоперационной транспортировки кузовных деталей между сборочным и покрасочным цехами. В результате классическая конвейерная лента заменена на гибкий маршрут, полностью исключены простои смежных зон, а время перемещения крупногабаритных узлов сократилось на 20%.;catalog_export_v4.csv;CSV;row 67 / Кейсы;ORGANIZER_CSV;HIGH;Raw organizer case text.
price_offer;price-v4-row-0067;raw_price;2 700 000,00;catalog_export_v4.csv;CSV;row 67 / Цена изделия;ORGANIZER_CSV;HIGH;Raw price preserved exactly.
price_offer;price-v4-row-0067;normalized_amount;2700000.00;catalog_export_v4.csv;CSV;row 67 / Цена изделия;NORMALIZED_FROM_ORGANIZER;HIGH;"Decimal comma/space normalization only; currency not inferred."
price_offer;price-v4-row-0067;vat_status;ORGANIZER_ASSUMPTION_INCLUDED;Дополнения для участников.pdf;page 4;prices assumed VAT-inclusive;ORGANIZER_ASSUMPTION;MEDIUM;Assumption from addendum, not confirmed per-offer fact.
price_offer;price-v4-row-0067;excluded_costs;delivery | commissioning/start-up | deep IT integration;Дополнения для участников.pdf;page 4;delivery, commissioning and deep integration excluded;ORGANIZER_ASSUMPTION;HIGH;Explicit addendum exclusion applied to each raw price offer.
product;6f3da854-41da-4363-8496-5487f37c845a;name;Ronavi H2000 (грузоподъемность до 2 000 кг);catalog_export_v4.csv;CSV;row 68 / Название;ORGANIZER_CSV;HIGH;Raw organizer value preserved.
product;6f3da854-41da-4363-8496-5487f37c845a;manufacturer;"ООО ""Ронави Роботикс""";catalog_export_v4.csv;CSV;row 68 / компания;ORGANIZER_CSV;HIGH;Raw organizer value preserved.
product;6f3da854-41da-4363-8496-5487f37c845a;system_family;BRS;catalog_export_v4.csv;CSV;row 68 / тип;ORGANIZER_CSV;HIGH;Normalized only from organizer token `brs`.
product;6f3da854-41da-4363-8496-5487f37c845a;maturity_status;OPERATION;catalog_export_v4.csv;CSV;row 68 / статус;ORGANIZER_CSV;HIGH;Normalized only from organizer token `operation`.
product;6f3da854-41da-4363-8496-5487f37c845a;trl;8;catalog_export_v4.csv;CSV;row 68 / УГТ;ORGANIZER_CSV;HIGH;Organizer value normalized to integer when possible.
product;6f3da854-41da-4363-8496-5487f37c845a;market_potential;3.0;catalog_export_v4.csv;CSV;row 68 / Рын Потенциал;ORGANIZER_CSV;HIGH;Organizer value normalized to numeric representation.
product;6f3da854-41da-4363-8496-5487f37c845a;type;Мобильные роботы;catalog_export_v4.csv;CSV;row 68 / Тип;ORGANIZER_CSV;HIGH;Raw organizer value preserved.
product;6f3da854-41da-4363-8496-5487f37c845a;subtype;AMR;catalog_export_v4.csv;CSV;row 68 / Подтип;ORGANIZER_CSV;HIGH;Raw organizer value preserved.
product;6f3da854-41da-4363-8496-5487f37c845a;description.raw;Автономный мобильный робот. Платформа специально спроектирована для перемещения тяжелых крупногабаритных грузов массой до 2000 кг (2 тонн). В отличие от модели H1500, которая оптимизирована под классические паллетные склады, Ronavi H2000 создан для производственной логистики. Его главное назначение — автоматизация перемещений в цехах, создание гибких сборочных линий и «компенсация конвейерных разрывов» (перевозка заготовок и узлов между участками, где невозможно проложить стационарный конвейер).;catalog_export_v4.csv;CSV;row 68 / описание;ORGANIZER_CSV;HIGH;Raw organizer description preserved without rewriting.
product;6f3da854-41da-4363-8496-5487f37c845a;specs.payload;"{""raw"":""грузоподъемность до 2 000 кг"",""values"":[2000.0],""unit"":""kg"",""status"":""ORGANIZER_NAME""}";catalog_export_v4.csv;CSV;row 68 / Название;ORGANIZER_CSV;HIGH;Payload explicitly encoded in product name.
applicability;app-v4-row-0068;industries;Промышленность;catalog_export_v4.csv;CSV;row 68 / Отрасль;ORGANIZER_CSV;HIGH;Raw organizer applicability value.
applicability;app-v4-row-0068;use_cases;Внутрипроизводственная логистика;catalog_export_v4.csv;CSV;row 68 / Сценарий;ORGANIZER_CSV;HIGH;Raw organizer applicability value.
applicability;app-v4-row-0068;regions;Москва;catalog_export_v4.csv;CSV;row 68 / Регион;ORGANIZER_CSV;HIGH;Raw organizer applicability value.
applicability;app-v4-row-0068;case_evidence;На предприятии автопрома реализована компенсация конвейерного разрыва на базе AMR Ronavi H2000: синхронизированы производственные процессы, уменьшено количество пилотируемой техники на участке;catalog_export_v4.csv;CSV;row 68 / Кейсы;ORGANIZER_CSV;HIGH;Raw organizer case text.
price_offer;price-v4-row-0068;raw_price;2 640 000,00;catalog_export_v4.csv;CSV;row 68 / Цена изделия;ORGANIZER_CSV;HIGH;Raw price preserved exactly.
price_offer;price-v4-row-0068;normalized_amount;2640000.00;catalog_export_v4.csv;CSV;row 68 / Цена изделия;NORMALIZED_FROM_ORGANIZER;HIGH;"Decimal comma/space normalization only; currency not inferred."
price_offer;price-v4-row-0068;vat_status;ORGANIZER_ASSUMPTION_INCLUDED;Дополнения для участников.pdf;page 4;prices assumed VAT-inclusive;ORGANIZER_ASSUMPTION;MEDIUM;Assumption from addendum, not confirmed per-offer fact.
price_offer;price-v4-row-0068;excluded_costs;delivery | commissioning/start-up | deep IT integration;Дополнения для участников.pdf;page 4;delivery, commissioning and deep integration excluded;ORGANIZER_ASSUMPTION;HIGH;Explicit addendum exclusion applied to each raw price offer.
product;c9e9517c-18f0-47b4-aa05-4344566aa885;name;Tagarka (грузоподъемность до 6 000 кг);catalog_export_v4.csv;CSV;row 69 / Название;ORGANIZER_CSV;HIGH;Raw organizer value preserved.
product;c9e9517c-18f0-47b4-aa05-4344566aa885;manufacturer;"ООО ""Семаргл""";catalog_export_v4.csv;CSV;row 69 / компания;ORGANIZER_CSV;HIGH;Raw organizer value preserved.
product;c9e9517c-18f0-47b4-aa05-4344566aa885;system_family;BRS;catalog_export_v4.csv;CSV;row 69 / тип;ORGANIZER_CSV;HIGH;Normalized only from organizer token `brs`.
product;c9e9517c-18f0-47b4-aa05-4344566aa885;maturity_status;PILOTING;catalog_export_v4.csv;CSV;row 69 / статус;ORGANIZER_CSV;HIGH;Normalized only from organizer token `piloting`.
product;c9e9517c-18f0-47b4-aa05-4344566aa885;trl;8;catalog_export_v4.csv;CSV;row 69 / УГТ;ORGANIZER_CSV;HIGH;Organizer value normalized to integer when possible.
product;c9e9517c-18f0-47b4-aa05-4344566aa885;market_potential;3.0;catalog_export_v4.csv;CSV;row 69 / Рын Потенциал;ORGANIZER_CSV;HIGH;Organizer value normalized to numeric representation.
product;c9e9517c-18f0-47b4-aa05-4344566aa885;type;Мобильные роботы;catalog_export_v4.csv;CSV;row 69 / Тип;ORGANIZER_CSV;HIGH;Raw organizer value preserved.
product;c9e9517c-18f0-47b4-aa05-4344566aa885;subtype;AMR;catalog_export_v4.csv;CSV;row 69 / Подтип;ORGANIZER_CSV;HIGH;Raw organizer value preserved.
product;c9e9517c-18f0-47b4-aa05-4344566aa885;specs.payload;"{""raw"":""грузоподъемность до 6 000 кг"",""values"":[6000.0],""unit"":""kg"",""status"":""ORGANIZER_NAME""}";catalog_export_v4.csv;CSV;row 69 / Название;ORGANIZER_CSV;HIGH;Payload explicitly encoded in product name.
applicability;app-v4-row-0069;industries;Промышленность;catalog_export_v4.csv;CSV;row 69 / Отрасль;ORGANIZER_CSV;HIGH;Raw organizer applicability value.
applicability;app-v4-row-0069;use_cases;Внутрипроизводственная логистика;catalog_export_v4.csv;CSV;row 69 / Сценарий;ORGANIZER_CSV;HIGH;Raw organizer applicability value.
applicability;app-v4-row-0069;regions;Санкт-Петербург;catalog_export_v4.csv;CSV;row 69 / Регион;ORGANIZER_CSV;HIGH;Raw organizer applicability value.
applicability;app-v4-row-0069;case_evidence;Внедрен флот транспортных роботов «Сёмабот» на собственном заводе промышленных роботов компании «Семаргл» для межоперационной доставки компонентов ;catalog_export_v4.csv;CSV;row 69 / Кейсы;ORGANIZER_CSV;HIGH;Raw organizer case text.
price_offer;price-v4-row-0069;raw_price;8 000 000,00;catalog_export_v4.csv;CSV;row 69 / Цена изделия;ORGANIZER_CSV;HIGH;Raw price preserved exactly.
price_offer;price-v4-row-0069;normalized_amount;8000000.00;catalog_export_v4.csv;CSV;row 69 / Цена изделия;NORMALIZED_FROM_ORGANIZER;HIGH;"Decimal comma/space normalization only; currency not inferred."
price_offer;price-v4-row-0069;vat_status;ORGANIZER_ASSUMPTION_INCLUDED;Дополнения для участников.pdf;page 4;prices assumed VAT-inclusive;ORGANIZER_ASSUMPTION;MEDIUM;Assumption from addendum, not confirmed per-offer fact.
price_offer;price-v4-row-0069;excluded_costs;delivery | commissioning/start-up | deep IT integration;Дополнения для участников.pdf;page 4;delivery, commissioning and deep integration excluded;ORGANIZER_ASSUMPTION;HIGH;Explicit addendum exclusion applied to each raw price offer.
product;3f2a1265-3c35-4823-9d20-1978c86e424b;name;Tagarka (грузоподъемность до 35 000 кг);catalog_export_v4.csv;CSV;row 70 / Название;ORGANIZER_CSV;HIGH;Raw organizer value preserved.
product;3f2a1265-3c35-4823-9d20-1978c86e424b;manufacturer;"ООО ""Семаргл""";catalog_export_v4.csv;CSV;row 70 / компания;ORGANIZER_CSV;HIGH;Raw organizer value preserved.
product;3f2a1265-3c35-4823-9d20-1978c86e424b;system_family;BRS;catalog_export_v4.csv;CSV;row 70 / тип;ORGANIZER_CSV;HIGH;Normalized only from organizer token `brs`.
product;3f2a1265-3c35-4823-9d20-1978c86e424b;maturity_status;PILOTING;catalog_export_v4.csv;CSV;row 70 / статус;ORGANIZER_CSV;HIGH;Normalized only from organizer token `piloting`.
product;3f2a1265-3c35-4823-9d20-1978c86e424b;trl;8;catalog_export_v4.csv;CSV;row 70 / УГТ;ORGANIZER_CSV;HIGH;Organizer value normalized to integer when possible.
product;3f2a1265-3c35-4823-9d20-1978c86e424b;market_potential;3.0;catalog_export_v4.csv;CSV;row 70 / Рын Потенциал;ORGANIZER_CSV;HIGH;Organizer value normalized to numeric representation.
product;3f2a1265-3c35-4823-9d20-1978c86e424b;type;Мобильные роботы;catalog_export_v4.csv;CSV;row 70 / Тип;ORGANIZER_CSV;HIGH;Raw organizer value preserved.
product;3f2a1265-3c35-4823-9d20-1978c86e424b;specs.payload;"{""raw"":""грузоподъемность до 35 000 кг"",""values"":[35000.0],""unit"":""kg"",""status"":""ORGANIZER_NAME""}";catalog_export_v4.csv;CSV;row 70 / Название;ORGANIZER_CSV;HIGH;Payload explicitly encoded in product name.
applicability;app-v4-row-0070;industries;Промышленность;catalog_export_v4.csv;CSV;row 70 / Отрасль;ORGANIZER_CSV;HIGH;Raw organizer applicability value.
applicability;app-v4-row-0070;use_cases;Внутрипроизводственная логистика;catalog_export_v4.csv;CSV;row 70 / Сценарий;ORGANIZER_CSV;HIGH;Raw organizer applicability value.
applicability;app-v4-row-0070;regions;Санкт-Петербург;catalog_export_v4.csv;CSV;row 70 / Регион;ORGANIZER_CSV;HIGH;Raw organizer applicability value.
applicability;app-v4-row-0070;case_evidence;Грузовые роверы TAGARKA успешно работают в авиастроительной промышленности;catalog_export_v4.csv;CSV;row 70 / Кейсы;ORGANIZER_CSV;HIGH;Raw organizer case text.
price_offer;price-v4-row-0070;raw_price;5 000 000,00;catalog_export_v4.csv;CSV;row 70 / Цена изделия;ORGANIZER_CSV;HIGH;Raw price preserved exactly.
price_offer;price-v4-row-0070;normalized_amount;5000000.00;catalog_export_v4.csv;CSV;row 70 / Цена изделия;NORMALIZED_FROM_ORGANIZER;HIGH;"Decimal comma/space normalization only; currency not inferred."
price_offer;price-v4-row-0070;vat_status;ORGANIZER_ASSUMPTION_INCLUDED;Дополнения для участников.pdf;page 4;prices assumed VAT-inclusive;ORGANIZER_ASSUMPTION;MEDIUM;Assumption from addendum, not confirmed per-offer fact.
price_offer;price-v4-row-0070;excluded_costs;delivery | commissioning/start-up | deep IT integration;Дополнения для участников.pdf;page 4;delivery, commissioning and deep integration excluded;ORGANIZER_ASSUMPTION;HIGH;Explicit addendum exclusion applied to each raw price offer.
product;0265d700-534e-417e-8fde-47de88fc3ebb;name;Робот для транспортировки деталей и инструментов;catalog_export_v4.csv;CSV;row 71 / Название;ORGANIZER_CSV;HIGH;Raw organizer value preserved.
product;0265d700-534e-417e-8fde-47de88fc3ebb;manufacturer;"АО ""ОДК-СТАР""";catalog_export_v4.csv;CSV;row 71 / компания;ORGANIZER_CSV;HIGH;Raw organizer value preserved.
product;0265d700-534e-417e-8fde-47de88fc3ebb;system_family;BRS;catalog_export_v4.csv;CSV;row 71 / тип;ORGANIZER_CSV;HIGH;Normalized only from organizer token `brs`.
product;0265d700-534e-417e-8fde-47de88fc3ebb;maturity_status;RND;catalog_export_v4.csv;CSV;row 71 / статус;ORGANIZER_CSV;HIGH;Normalized only from organizer token `rnd`.
product;0265d700-534e-417e-8fde-47de88fc3ebb;trl;5;catalog_export_v4.csv;CSV;row 71 / УГТ;ORGANIZER_CSV;HIGH;Organizer value normalized to integer when possible.
product;0265d700-534e-417e-8fde-47de88fc3ebb;market_potential;2.0;catalog_export_v4.csv;CSV;row 71 / Рын Потенциал;ORGANIZER_CSV;HIGH;Organizer value normalized to numeric representation.
product;0265d700-534e-417e-8fde-47de88fc3ebb;type;Мобильные роботы;catalog_export_v4.csv;CSV;row 71 / Тип;ORGANIZER_CSV;HIGH;Raw organizer value preserved.
product;0265d700-534e-417e-8fde-47de88fc3ebb;subtype;Роботизированная тележка;catalog_export_v4.csv;CSV;row 71 / Подтип;ORGANIZER_CSV;HIGH;Raw organizer value preserved.
applicability;app-v4-row-0071;industries;Промышленность;catalog_export_v4.csv;CSV;row 71 / Отрасль;ORGANIZER_CSV;HIGH;Raw organizer applicability value.
applicability;app-v4-row-0071;use_cases;Внутрипроизводственная логистика;catalog_export_v4.csv;CSV;row 71 / Сценарий;ORGANIZER_CSV;HIGH;Raw organizer applicability value.
applicability;app-v4-row-0071;regions;Пермский край;catalog_export_v4.csv;CSV;row 71 / Регион;ORGANIZER_CSV;HIGH;Raw organizer applicability value.
applicability;app-v4-row-0071;case_evidence;Разработан робот для транспортировки деталей и инструментов в ОДК-СТАР, устройство необходимо испытать на реальном производстве для принятия решения о серийном запуске.;catalog_export_v4.csv;CSV;row 71 / Кейсы;ORGANIZER_CSV;HIGH;Raw organizer case text.
price_offer;price-v4-row-0071;raw_price;7 500 000,00;catalog_export_v4.csv;CSV;row 71 / Цена изделия;ORGANIZER_CSV;HIGH;Raw price preserved exactly.
price_offer;price-v4-row-0071;normalized_amount;7500000.00;catalog_export_v4.csv;CSV;row 71 / Цена изделия;NORMALIZED_FROM_ORGANIZER;HIGH;"Decimal comma/space normalization only; currency not inferred."
price_offer;price-v4-row-0071;vat_status;ORGANIZER_ASSUMPTION_INCLUDED;Дополнения для участников.pdf;page 4;prices assumed VAT-inclusive;ORGANIZER_ASSUMPTION;MEDIUM;Assumption from addendum, not confirmed per-offer fact.
price_offer;price-v4-row-0071;excluded_costs;delivery | commissioning/start-up | deep IT integration;Дополнения для участников.pdf;page 4;delivery, commissioning and deep integration excluded;ORGANIZER_ASSUMPTION;HIGH;Explicit addendum exclusion applied to each raw price offer.
product;d55f507b-b3f2-4666-b3f4-dd3d48813e9d;name;ARIPIX А1;catalog_export_v4.csv;CSV;row 72 / Название;ORGANIZER_CSV;HIGH;Raw organizer value preserved.
product;d55f507b-b3f2-4666-b3f4-dd3d48813e9d;manufacturer;"ООО ""Арипикс Роботикс""";catalog_export_v4.csv;CSV;row 72 / компания;ORGANIZER_CSV;HIGH;Raw organizer value preserved.
product;d55f507b-b3f2-4666-b3f4-dd3d48813e9d;system_family;BRS;catalog_export_v4.csv;CSV;row 72 / тип;ORGANIZER_CSV;HIGH;Normalized only from organizer token `brs`.
product;d55f507b-b3f2-4666-b3f4-dd3d48813e9d;maturity_status;OPERATION;catalog_export_v4.csv;CSV;row 72 / статус;ORGANIZER_CSV;HIGH;Normalized only from organizer token `operation`.
product;d55f507b-b3f2-4666-b3f4-dd3d48813e9d;trl;9;catalog_export_v4.csv;CSV;row 72 / УГТ;ORGANIZER_CSV;HIGH;Organizer value normalized to integer when possible.
product;d55f507b-b3f2-4666-b3f4-dd3d48813e9d;market_potential;2.0;catalog_export_v4.csv;CSV;row 72 / Рын Потенциал;ORGANIZER_CSV;HIGH;Organizer value normalized to numeric representation.
product;d55f507b-b3f2-4666-b3f4-dd3d48813e9d;type;Роботы-манипуляторы;catalog_export_v4.csv;CSV;row 72 / Тип;ORGANIZER_CSV;HIGH;Raw organizer value preserved.
product;d55f507b-b3f2-4666-b3f4-dd3d48813e9d;subtype;Робот-укладчик;catalog_export_v4.csv;CSV;row 72 / Подтип;ORGANIZER_CSV;HIGH;Raw organizer value preserved.
product;d55f507b-b3f2-4666-b3f4-dd3d48813e9d;description.raw;Серийный универсальный российский промышленный робот-манипулятор с искусственным интеллектом. Устройство спроектировано специального для автоматизации тяжелых, опасных и монотонных циклических операций класса Pick and Place (взять и положить) на малых, средних и крупных фабриках и заводах.;catalog_export_v4.csv;CSV;row 72 / описание;ORGANIZER_CSV;HIGH;Raw organizer description preserved without rewriting.
applicability;app-v4-row-0072;industries;Промышленность;catalog_export_v4.csv;CSV;row 72 / Отрасль;ORGANIZER_CSV;HIGH;Raw organizer applicability value.
applicability;app-v4-row-0072;use_cases;Укладка заготовок;catalog_export_v4.csv;CSV;row 72 / Сценарий;ORGANIZER_CSV;HIGH;Raw organizer applicability value.
applicability;app-v4-row-0072;regions;Москва;catalog_export_v4.csv;CSV;row 72 / Регион;ORGANIZER_CSV;HIGH;Raw organizer applicability value.
applicability;app-v4-row-0072;case_evidence;Внедрен робот ARIPIX А1 на линию укладки заготовок (HAAS) в «Гидроэл инжиниринг». В результате ручной труд снижен на 50%, производительность выросла на 40%.;catalog_export_v4.csv;CSV;row 72 / Кейсы;ORGANIZER_CSV;HIGH;Raw organizer case text.
price_offer;price-v4-row-0072;raw_price;2 000 000,00;catalog_export_v4.csv;CSV;row 72 / Цена изделия;ORGANIZER_CSV;HIGH;Raw price preserved exactly.
price_offer;price-v4-row-0072;normalized_amount;2000000.00;catalog_export_v4.csv;CSV;row 72 / Цена изделия;NORMALIZED_FROM_ORGANIZER;HIGH;"Decimal comma/space normalization only; currency not inferred."
price_offer;price-v4-row-0072;vat_status;ORGANIZER_ASSUMPTION_INCLUDED;Дополнения для участников.pdf;page 4;prices assumed VAT-inclusive;ORGANIZER_ASSUMPTION;MEDIUM;Assumption from addendum, not confirmed per-offer fact.
price_offer;price-v4-row-0072;excluded_costs;delivery | commissioning/start-up | deep IT integration;Дополнения для участников.pdf;page 4;delivery, commissioning and deep integration excluded;ORGANIZER_ASSUMPTION;HIGH;Explicit addendum exclusion applied to each raw price offer.
product;22b5ba99-bc4f-46a7-9a9b-e4475ecd9fc7;name;Роботизированный комплекс по укладке заготовок;catalog_export_v4.csv;CSV;row 73 / Название;ORGANIZER_CSV;HIGH;Raw organizer value preserved.
product;22b5ba99-bc4f-46a7-9a9b-e4475ecd9fc7;manufacturer;"ООО ""Битроботикс""";catalog_export_v4.csv;CSV;row 73 / компания;ORGANIZER_CSV;HIGH;Raw organizer value preserved.
product;22b5ba99-bc4f-46a7-9a9b-e4475ecd9fc7;system_family;BRS;catalog_export_v4.csv;CSV;row 73 / тип;ORGANIZER_CSV;HIGH;Normalized only from organizer token `brs`.
product;22b5ba99-bc4f-46a7-9a9b-e4475ecd9fc7;maturity_status;OPERATION;catalog_export_v4.csv;CSV;row 73 / статус;ORGANIZER_CSV;HIGH;Normalized only from organizer token `operation`.
product;22b5ba99-bc4f-46a7-9a9b-e4475ecd9fc7;trl;8;catalog_export_v4.csv;CSV;row 73 / УГТ;ORGANIZER_CSV;HIGH;Organizer value normalized to integer when possible.
product;22b5ba99-bc4f-46a7-9a9b-e4475ecd9fc7;market_potential;2.0;catalog_export_v4.csv;CSV;row 73 / Рын Потенциал;ORGANIZER_CSV;HIGH;Organizer value normalized to numeric representation.
product;22b5ba99-bc4f-46a7-9a9b-e4475ecd9fc7;type;Роботы-манипуляторы;catalog_export_v4.csv;CSV;row 73 / Тип;ORGANIZER_CSV;HIGH;Raw organizer value preserved.
product;22b5ba99-bc4f-46a7-9a9b-e4475ecd9fc7;subtype;Робот-укладчик;catalog_export_v4.csv;CSV;row 73 / Подтип;ORGANIZER_CSV;HIGH;Raw organizer value preserved.
product;22b5ba99-bc4f-46a7-9a9b-e4475ecd9fc7;description.raw;Высокоскоростные промышленные системы на базе дельта-роботов собственной разработки, созданные для автоматической укладки, сортировки, отбраковки и упаковки заготовок и готовой продукции.;catalog_export_v4.csv;CSV;row 73 / описание;ORGANIZER_CSV;HIGH;Raw organizer description preserved without rewriting.
applicability;app-v4-row-0073;industries;Промышленность;catalog_export_v4.csv;CSV;row 73 / Отрасль;ORGANIZER_CSV;HIGH;Raw organizer applicability value.
applicability;app-v4-row-0073;use_cases;Укладка заготовок;catalog_export_v4.csv;CSV;row 73 / Сценарий;ORGANIZER_CSV;HIGH;Raw organizer applicability value.
applicability;app-v4-row-0073;regions;Москва;catalog_export_v4.csv;CSV;row 73 / Регион;ORGANIZER_CSV;HIGH;Raw organizer applicability value.
applicability;app-v4-row-0073;case_evidence;Внедрен роботизированный комплекс на производстве основ для пицц компании «Вкусилия».;catalog_export_v4.csv;CSV;row 73 / Кейсы;ORGANIZER_CSV;HIGH;Raw organizer case text.
price_offer;price-v4-row-0073;raw_price;12 000 000,00;catalog_export_v4.csv;CSV;row 73 / Цена изделия;ORGANIZER_CSV;HIGH;Raw price preserved exactly.
price_offer;price-v4-row-0073;normalized_amount;12000000.00;catalog_export_v4.csv;CSV;row 73 / Цена изделия;NORMALIZED_FROM_ORGANIZER;HIGH;"Decimal comma/space normalization only; currency not inferred."
price_offer;price-v4-row-0073;vat_status;ORGANIZER_ASSUMPTION_INCLUDED;Дополнения для участников.pdf;page 4;prices assumed VAT-inclusive;ORGANIZER_ASSUMPTION;MEDIUM;Assumption from addendum, not confirmed per-offer fact.
price_offer;price-v4-row-0073;excluded_costs;delivery | commissioning/start-up | deep IT integration;Дополнения для участников.pdf;page 4;delivery, commissioning and deep integration excluded;ORGANIZER_ASSUMPTION;HIGH;Explicit addendum exclusion applied to each raw price offer.
product;937da5de-b4a1-4a88-ac6d-a97206bdbe98;name;Робот-паук;catalog_export_v4.csv;CSV;row 74 / Название;ORGANIZER_CSV;HIGH;Raw organizer value preserved.
product;937da5de-b4a1-4a88-ac6d-a97206bdbe98;manufacturer;"ООО ""Атоммаш""";catalog_export_v4.csv;CSV;row 74 / компания;ORGANIZER_CSV;HIGH;Raw organizer value preserved.
product;937da5de-b4a1-4a88-ac6d-a97206bdbe98;system_family;BRS;catalog_export_v4.csv;CSV;row 74 / тип;ORGANIZER_CSV;HIGH;Normalized only from organizer token `brs`.
product;937da5de-b4a1-4a88-ac6d-a97206bdbe98;maturity_status;OPERATION;catalog_export_v4.csv;CSV;row 74 / статус;ORGANIZER_CSV;HIGH;Normalized only from organizer token `operation`.
product;937da5de-b4a1-4a88-ac6d-a97206bdbe98;trl;7;catalog_export_v4.csv;CSV;row 74 / УГТ;ORGANIZER_CSV;HIGH;Organizer value normalized to integer when possible.
product;937da5de-b4a1-4a88-ac6d-a97206bdbe98;market_potential;4.0;catalog_export_v4.csv;CSV;row 74 / Рын Потенциал;ORGANIZER_CSV;HIGH;Organizer value normalized to numeric representation.
product;937da5de-b4a1-4a88-ac6d-a97206bdbe98;type;Мобильные роботы;catalog_export_v4.csv;CSV;row 74 / Тип;ORGANIZER_CSV;HIGH;Raw organizer value preserved.
product;937da5de-b4a1-4a88-ac6d-a97206bdbe98;subtype;Робот-паук;catalog_export_v4.csv;CSV;row 74 / Подтип;ORGANIZER_CSV;HIGH;Raw organizer value preserved.
applicability;app-v4-row-0074;industries;Промышленность;catalog_export_v4.csv;CSV;row 74 / Отрасль;ORGANIZER_CSV;HIGH;Raw organizer applicability value.
applicability;app-v4-row-0074;use_cases;Мониторинг состояния инфраструктуры;catalog_export_v4.csv;CSV;row 74 / Сценарий;ORGANIZER_CSV;HIGH;Raw organizer applicability value.
applicability;app-v4-row-0074;regions;Пензенская область;catalog_export_v4.csv;CSV;row 74 / Регион;ORGANIZER_CSV;HIGH;Raw organizer applicability value.
applicability;app-v4-row-0074;case_evidence;Завод в Волгодонске запустил роботизированный комплекс для ультразвукового контроля сварных швов реакторов («робот-паук»), ускоряющий процесс проверки в три раза.;catalog_export_v4.csv;CSV;row 74 / Кейсы;ORGANIZER_CSV;HIGH;Raw organizer case text.
price_offer;price-v4-row-0074;raw_price;2 000 000,00;catalog_export_v4.csv;CSV;row 74 / Цена изделия;ORGANIZER_CSV;HIGH;Raw price preserved exactly.
price_offer;price-v4-row-0074;normalized_amount;2000000.00;catalog_export_v4.csv;CSV;row 74 / Цена изделия;NORMALIZED_FROM_ORGANIZER;HIGH;"Decimal comma/space normalization only; currency not inferred."
price_offer;price-v4-row-0074;vat_status;ORGANIZER_ASSUMPTION_INCLUDED;Дополнения для участников.pdf;page 4;prices assumed VAT-inclusive;ORGANIZER_ASSUMPTION;MEDIUM;Assumption from addendum, not confirmed per-offer fact.
price_offer;price-v4-row-0074;excluded_costs;delivery | commissioning/start-up | deep IT integration;Дополнения для участников.pdf;page 4;delivery, commissioning and deep integration excluded;ORGANIZER_ASSUMPTION;HIGH;Explicit addendum exclusion applied to each raw price offer.
product;7dcb35ee-d630-408a-a3d7-54797ac162db;name;Яша;catalog_export_v4.csv;CSV;row 75 / Название;ORGANIZER_CSV;HIGH;Raw organizer value preserved.
product;7dcb35ee-d630-408a-a3d7-54797ac162db;manufacturer;"ООО ""Свеза-Лес""";catalog_export_v4.csv;CSV;row 75 / компания;ORGANIZER_CSV;HIGH;Raw organizer value preserved.
product;7dcb35ee-d630-408a-a3d7-54797ac162db;system_family;BRS;catalog_export_v4.csv;CSV;row 75 / тип;ORGANIZER_CSV;HIGH;Normalized only from organizer token `brs`.
product;7dcb35ee-d630-408a-a3d7-54797ac162db;maturity_status;PILOTING;catalog_export_v4.csv;CSV;row 75 / статус;ORGANIZER_CSV;HIGH;Normalized only from organizer token `piloting`.
product;7dcb35ee-d630-408a-a3d7-54797ac162db;trl;7;catalog_export_v4.csv;CSV;row 75 / УГТ;ORGANIZER_CSV;HIGH;Organizer value normalized to integer when possible.
product;7dcb35ee-d630-408a-a3d7-54797ac162db;market_potential;4.0;catalog_export_v4.csv;CSV;row 75 / Рын Потенциал;ORGANIZER_CSV;HIGH;Organizer value normalized to numeric representation.
product;7dcb35ee-d630-408a-a3d7-54797ac162db;type;Стационарные роботизированные системы;catalog_export_v4.csv;CSV;row 75 / Тип;ORGANIZER_CSV;HIGH;Raw organizer value preserved.
product;7dcb35ee-d630-408a-a3d7-54797ac162db;subtype;Робот-сортировщик;catalog_export_v4.csv;CSV;row 75 / Подтип;ORGANIZER_CSV;HIGH;Raw organizer value preserved.
applicability;app-v4-row-0075;industries;Промышленность;catalog_export_v4.csv;CSV;row 75 / Отрасль;ORGANIZER_CSV;HIGH;Raw organizer applicability value.
applicability;app-v4-row-0075;use_cases;Сортировка грузов на производстве;catalog_export_v4.csv;CSV;row 75 / Сценарий;ORGANIZER_CSV;HIGH;Raw organizer applicability value.
applicability;app-v4-row-0075;regions;Санкт-Петербург;catalog_export_v4.csv;CSV;row 75 / Регион;ORGANIZER_CSV;HIGH;Raw organizer applicability value.
applicability;app-v4-row-0075;case_evidence;На комбинате лесопромышленной группы «Свеза» начал работу робот-сортировщик Яша для автоматизации сортировки фанерных листов весом до 80 кг.;catalog_export_v4.csv;CSV;row 75 / Кейсы;ORGANIZER_CSV;HIGH;Raw organizer case text.
price_offer;price-v4-row-0075;raw_price;2 000 000,00;catalog_export_v4.csv;CSV;row 75 / Цена изделия;ORGANIZER_CSV;HIGH;Raw price preserved exactly.
price_offer;price-v4-row-0075;normalized_amount;2000000.00;catalog_export_v4.csv;CSV;row 75 / Цена изделия;NORMALIZED_FROM_ORGANIZER;HIGH;"Decimal comma/space normalization only; currency not inferred."
price_offer;price-v4-row-0075;vat_status;ORGANIZER_ASSUMPTION_INCLUDED;Дополнения для участников.pdf;page 4;prices assumed VAT-inclusive;ORGANIZER_ASSUMPTION;MEDIUM;Assumption from addendum, not confirmed per-offer fact.
price_offer;price-v4-row-0075;excluded_costs;delivery | commissioning/start-up | deep IT integration;Дополнения для участников.pdf;page 4;delivery, commissioning and deep integration excluded;ORGANIZER_ASSUMPTION;HIGH;Explicit addendum exclusion applied to each raw price offer.
product;c9c11d90-43b8-450f-b778-65d4f02db031;name;Робот-лаборант;catalog_export_v4.csv;CSV;row 76 / Название;ORGANIZER_CSV;HIGH;Raw organizer value preserved.
product;c9c11d90-43b8-450f-b778-65d4f02db031;manufacturer;"ПАО ""Газпром Нефть""";catalog_export_v4.csv;CSV;row 76 / компания;ORGANIZER_CSV;HIGH;Raw organizer value preserved.
product;c9c11d90-43b8-450f-b778-65d4f02db031;system_family;BRS;catalog_export_v4.csv;CSV;row 76 / тип;ORGANIZER_CSV;HIGH;Normalized only from organizer token `brs`.
product;c9c11d90-43b8-450f-b778-65d4f02db031;maturity_status;RND;catalog_export_v4.csv;CSV;row 76 / статус;ORGANIZER_CSV;HIGH;Normalized only from organizer token `rnd`.
product;c9c11d90-43b8-450f-b778-65d4f02db031;trl;7;catalog_export_v4.csv;CSV;row 76 / УГТ;ORGANIZER_CSV;HIGH;Organizer value normalized to integer when possible.
product;c9c11d90-43b8-450f-b778-65d4f02db031;market_potential;2.0;catalog_export_v4.csv;CSV;row 76 / Рын Потенциал;ORGANIZER_CSV;HIGH;Organizer value normalized to numeric representation.
product;c9c11d90-43b8-450f-b778-65d4f02db031;type;Роботы-манипуляторы;catalog_export_v4.csv;CSV;row 76 / Тип;ORGANIZER_CSV;HIGH;Raw organizer value preserved.
applicability;app-v4-row-0076;industries;Промышленность;catalog_export_v4.csv;CSV;row 76 / Отрасль;ORGANIZER_CSV;HIGH;Raw organizer applicability value.
applicability;app-v4-row-0076;use_cases;Автоматизированный лабораторный анализ пластовых вод;catalog_export_v4.csv;CSV;row 76 / Сценарий;ORGANIZER_CSV;HIGH;Raw organizer applicability value.
applicability;app-v4-row-0076;regions;Санкт-Петербург;catalog_export_v4.csv;CSV;row 76 / Регион;ORGANIZER_CSV;HIGH;Raw organizer applicability value.
applicability;app-v4-row-0076;case_evidence;На Восточно-Мессояхском нефтепромысле робот-лаборант получил обновление ПО для определения шестикомпонентного ионного состава пластовой воды.;catalog_export_v4.csv;CSV;row 76 / Кейсы;ORGANIZER_CSV;HIGH;Raw organizer case text.
price_offer;price-v4-row-0076;raw_price;2 000 000,00;catalog_export_v4.csv;CSV;row 76 / Цена изделия;ORGANIZER_CSV;HIGH;Raw price preserved exactly.
price_offer;price-v4-row-0076;normalized_amount;2000000.00;catalog_export_v4.csv;CSV;row 76 / Цена изделия;NORMALIZED_FROM_ORGANIZER;HIGH;"Decimal comma/space normalization only; currency not inferred."
price_offer;price-v4-row-0076;vat_status;ORGANIZER_ASSUMPTION_INCLUDED;Дополнения для участников.pdf;page 4;prices assumed VAT-inclusive;ORGANIZER_ASSUMPTION;MEDIUM;Assumption from addendum, not confirmed per-offer fact.
price_offer;price-v4-row-0076;excluded_costs;delivery | commissioning/start-up | deep IT integration;Дополнения для участников.pdf;page 4;delivery, commissioning and deep integration excluded;ORGANIZER_ASSUMPTION;HIGH;Explicit addendum exclusion applied to each raw price offer.
product;0073d0bb-54cd-40f0-897b-75b22d3e9f8c;name;Легат Патрол;catalog_export_v4.csv;CSV;row 77 / Название;ORGANIZER_CSV;HIGH;Raw organizer value preserved.
product;0073d0bb-54cd-40f0-897b-75b22d3e9f8c;manufacturer;"ООО ""Дронсхаб""";catalog_export_v4.csv;CSV;row 77 / компания;ORGANIZER_CSV;HIGH;Raw organizer value preserved.
product;0073d0bb-54cd-40f0-897b-75b22d3e9f8c;system_family;BRS;catalog_export_v4.csv;CSV;row 77 / тип;ORGANIZER_CSV;HIGH;Normalized only from organizer token `brs`.
product;0073d0bb-54cd-40f0-897b-75b22d3e9f8c;maturity_status;OPERATION;catalog_export_v4.csv;CSV;row 77 / статус;ORGANIZER_CSV;HIGH;Normalized only from organizer token `operation`.
product;0073d0bb-54cd-40f0-897b-75b22d3e9f8c;trl;6;catalog_export_v4.csv;CSV;row 77 / УГТ;ORGANIZER_CSV;HIGH;Organizer value normalized to integer when possible.
product;0073d0bb-54cd-40f0-897b-75b22d3e9f8c;market_potential;3.0;catalog_export_v4.csv;CSV;row 77 / Рын Потенциал;ORGANIZER_CSV;HIGH;Organizer value normalized to numeric representation.
product;0073d0bb-54cd-40f0-897b-75b22d3e9f8c;type;Мобильные роботы;catalog_export_v4.csv;CSV;row 77 / Тип;ORGANIZER_CSV;HIGH;Raw organizer value preserved.
product;0073d0bb-54cd-40f0-897b-75b22d3e9f8c;subtype;Робот-ровер;catalog_export_v4.csv;CSV;row 77 / Подтип;ORGANIZER_CSV;HIGH;Raw organizer value preserved.
product;0073d0bb-54cd-40f0-897b-75b22d3e9f8c;description.raw;Автономный колесный робот-эколог и обходчик, разработанный столичной компанией «Дронсхаб групп» (Droneshub). Устройство представляет собой многофункциональную всепогодную платформу для химической разведки, онлайн-мониторинга качества воздуха и охраны промышленных объектов.;catalog_export_v4.csv;CSV;row 77 / описание;ORGANIZER_CSV;HIGH;Raw organizer description preserved without rewriting.
applicability;app-v4-row-0077;industries;Промышленность;catalog_export_v4.csv;CSV;row 77 / Отрасль;ORGANIZER_CSV;HIGH;Raw organizer applicability value.
applicability;app-v4-row-0077;use_cases;Мониторинг;catalog_export_v4.csv;CSV;row 77 / Сценарий;ORGANIZER_CSV;HIGH;Raw organizer applicability value.
applicability;app-v4-row-0077;regions;Москва;catalog_export_v4.csv;CSV;row 77 / Регион;ORGANIZER_CSV;HIGH;Raw organizer applicability value.
applicability;app-v4-row-0077;case_evidence;"В Москве представлен новый робот-патрульный «Легат Патрол», предназначенный для контроля качества воздуха на промышленных объектах.
Экологический мониторинг на промышленных объектах";catalog_export_v4.csv;CSV;row 77 / Кейсы;ORGANIZER_CSV;HIGH;Raw organizer case text.
price_offer;price-v4-row-0077;raw_price;4 500 000,00;catalog_export_v4.csv;CSV;row 77 / Цена изделия;ORGANIZER_CSV;HIGH;Raw price preserved exactly.
price_offer;price-v4-row-0077;normalized_amount;4500000.00;catalog_export_v4.csv;CSV;row 77 / Цена изделия;NORMALIZED_FROM_ORGANIZER;HIGH;"Decimal comma/space normalization only; currency not inferred."
price_offer;price-v4-row-0077;vat_status;ORGANIZER_ASSUMPTION_INCLUDED;Дополнения для участников.pdf;page 4;prices assumed VAT-inclusive;ORGANIZER_ASSUMPTION;MEDIUM;Assumption from addendum, not confirmed per-offer fact.
price_offer;price-v4-row-0077;excluded_costs;delivery | commissioning/start-up | deep IT integration;Дополнения для участников.pdf;page 4;delivery, commissioning and deep integration excluded;ORGANIZER_ASSUMPTION;HIGH;Explicit addendum exclusion applied to each raw price offer.
product;6c0df6e9-ea39-40d2-93af-7aec13d629c7;name;Геоскан 401;catalog_export_v4.csv;CSV;row 78 / Название;ORGANIZER_CSV;HIGH;Raw organizer value preserved.
product;6c0df6e9-ea39-40d2-93af-7aec13d629c7;manufacturer;"ООО ""Геоскан""";catalog_export_v4.csv;CSV;row 78 / компания;ORGANIZER_CSV;HIGH;Raw organizer value preserved.
product;6c0df6e9-ea39-40d2-93af-7aec13d629c7;system_family;BAS;catalog_export_v4.csv;CSV;row 78 / тип;ORGANIZER_CSV;HIGH;Normalized only from organizer token `bas`.
product;6c0df6e9-ea39-40d2-93af-7aec13d629c7;maturity_status;OPERATION;catalog_export_v4.csv;CSV;row 78 / статус;ORGANIZER_CSV;HIGH;Normalized only from organizer token `operation`.
product;6c0df6e9-ea39-40d2-93af-7aec13d629c7;trl;9;catalog_export_v4.csv;CSV;row 78 / УГТ;ORGANIZER_CSV;HIGH;Organizer value normalized to integer when possible.
product;6c0df6e9-ea39-40d2-93af-7aec13d629c7;market_potential;4.0;catalog_export_v4.csv;CSV;row 78 / Рын Потенциал;ORGANIZER_CSV;HIGH;Organizer value normalized to numeric representation.
applicability;app-v4-row-0078;industries;Сельское хозяйство;catalog_export_v4.csv;CSV;row 78 / Отрасль;ORGANIZER_CSV;HIGH;Raw organizer applicability value.
applicability;app-v4-row-0078;use_cases;Мониторинг и контроль внутренних водных объектов для выявления незаконного вылова рыбы;catalog_export_v4.csv;CSV;row 78 / Сценарий;ORGANIZER_CSV;HIGH;Raw organizer applicability value.
applicability;app-v4-row-0078;regions;Санкт-Петербург;catalog_export_v4.csv;CSV;row 78 / Регион;ORGANIZER_CSV;HIGH;Raw organizer applicability value.
applicability;app-v4-row-0078;case_evidence;БАС применяется для мониторинговых задач;catalog_export_v4.csv;CSV;row 78 / Кейсы;ORGANIZER_CSV;HIGH;Raw organizer case text.
price_offer;price-v4-row-0078;raw_price;4 000 000,00;catalog_export_v4.csv;CSV;row 78 / Цена изделия;ORGANIZER_CSV;HIGH;Raw price preserved exactly.
price_offer;price-v4-row-0078;normalized_amount;4000000.00;catalog_export_v4.csv;CSV;row 78 / Цена изделия;NORMALIZED_FROM_ORGANIZER;HIGH;"Decimal comma/space normalization only; currency not inferred."
price_offer;price-v4-row-0078;vat_status;ORGANIZER_ASSUMPTION_INCLUDED;Дополнения для участников.pdf;page 4;prices assumed VAT-inclusive;ORGANIZER_ASSUMPTION;MEDIUM;Assumption from addendum, not confirmed per-offer fact.
price_offer;price-v4-row-0078;excluded_costs;delivery | commissioning/start-up | deep IT integration;Дополнения для участников.pdf;page 4;delivery, commissioning and deep integration excluded;ORGANIZER_ASSUMPTION;HIGH;Explicit addendum exclusion applied to each raw price offer.
product;8dbe4684-18ef-49f7-bced-95969703a49a;name;Supercam X4E;catalog_export_v4.csv;CSV;row 79 / Название;ORGANIZER_CSV;HIGH;Raw organizer value preserved.
product;8dbe4684-18ef-49f7-bced-95969703a49a;manufacturer;"ООО ""Финко""";catalog_export_v4.csv;CSV;row 79 / компания;ORGANIZER_CSV;HIGH;Raw organizer value preserved.
product;8dbe4684-18ef-49f7-bced-95969703a49a;system_family;BAS;catalog_export_v4.csv;CSV;row 79 / тип;ORGANIZER_CSV;HIGH;Normalized only from organizer token `bas`.
product;8dbe4684-18ef-49f7-bced-95969703a49a;maturity_status;OPERATION;catalog_export_v4.csv;CSV;row 79 / статус;ORGANIZER_CSV;HIGH;Normalized only from organizer token `operation`.
product;8dbe4684-18ef-49f7-bced-95969703a49a;trl;8;catalog_export_v4.csv;CSV;row 79 / УГТ;ORGANIZER_CSV;HIGH;Organizer value normalized to integer when possible.
product;8dbe4684-18ef-49f7-bced-95969703a49a;market_potential;4.0;catalog_export_v4.csv;CSV;row 79 / Рын Потенциал;ORGANIZER_CSV;HIGH;Organizer value normalized to numeric representation.
product;8dbe4684-18ef-49f7-bced-95969703a49a;description.raw;Профессиональный беспилотный летательный аппарат (БПЛА) мультироторного типа, разработанный группой компаний Беспилотные системы, который предназначен для высокоточного мониторинга, геодезии и картографирования в любое время суток.;catalog_export_v4.csv;CSV;row 79 / описание;ORGANIZER_CSV;HIGH;Raw organizer description preserved without rewriting.
applicability;app-v4-row-0079;industries;Сельское хозяйство;catalog_export_v4.csv;CSV;row 79 / Отрасль;ORGANIZER_CSV;HIGH;Raw organizer applicability value.
applicability;app-v4-row-0079;use_cases;Мониторинг и контроль внутренних водных объектов для выявления незаконного вылова рыбы;catalog_export_v4.csv;CSV;row 79 / Сценарий;ORGANIZER_CSV;HIGH;Raw organizer applicability value.
applicability;app-v4-row-0079;regions;Удмуртская Республика;catalog_export_v4.csv;CSV;row 79 / Регион;ORGANIZER_CSV;HIGH;Raw organizer applicability value.
applicability;app-v4-row-0079;case_evidence;БАС применяется для мониторинговых задач;catalog_export_v4.csv;CSV;row 79 / Кейсы;ORGANIZER_CSV;HIGH;Raw organizer case text.
price_offer;price-v4-row-0079;raw_price;5 038 000,00;catalog_export_v4.csv;CSV;row 79 / Цена изделия;ORGANIZER_CSV;HIGH;Raw price preserved exactly.
price_offer;price-v4-row-0079;normalized_amount;5038000.00;catalog_export_v4.csv;CSV;row 79 / Цена изделия;NORMALIZED_FROM_ORGANIZER;HIGH;"Decimal comma/space normalization only; currency not inferred."
price_offer;price-v4-row-0079;vat_status;ORGANIZER_ASSUMPTION_INCLUDED;Дополнения для участников.pdf;page 4;prices assumed VAT-inclusive;ORGANIZER_ASSUMPTION;MEDIUM;Assumption from addendum, not confirmed per-offer fact.
price_offer;price-v4-row-0079;excluded_costs;delivery | commissioning/start-up | deep IT integration;Дополнения для участников.pdf;page 4;delivery, commissioning and deep integration excluded;ORGANIZER_ASSUMPTION;HIGH;Explicit addendum exclusion applied to each raw price offer.
product;6d9890b0-d95a-4bae-8947-0a09d23c30e5;name;Supercam Х6М2;catalog_export_v4.csv;CSV;row 80 / Название;ORGANIZER_CSV;HIGH;Raw organizer value preserved.
product;6d9890b0-d95a-4bae-8947-0a09d23c30e5;manufacturer;"ООО ""Финко""";catalog_export_v4.csv;CSV;row 80 / компания;ORGANIZER_CSV;HIGH;Raw organizer value preserved.
product;6d9890b0-d95a-4bae-8947-0a09d23c30e5;system_family;BAS;catalog_export_v4.csv;CSV;row 80 / тип;ORGANIZER_CSV;HIGH;Normalized only from organizer token `bas`.
product;6d9890b0-d95a-4bae-8947-0a09d23c30e5;maturity_status;RND;catalog_export_v4.csv;CSV;row 80 / статус;ORGANIZER_CSV;HIGH;Normalized only from organizer token `rnd`.
product;6d9890b0-d95a-4bae-8947-0a09d23c30e5;trl;7;catalog_export_v4.csv;CSV;row 80 / УГТ;ORGANIZER_CSV;HIGH;Organizer value normalized to integer when possible.
product;6d9890b0-d95a-4bae-8947-0a09d23c30e5;market_potential;4.0;catalog_export_v4.csv;CSV;row 80 / Рын Потенциал;ORGANIZER_CSV;HIGH;Organizer value normalized to numeric representation.
applicability;app-v4-row-0080;industries;Сельское хозяйство;catalog_export_v4.csv;CSV;row 80 / Отрасль;ORGANIZER_CSV;HIGH;Raw organizer applicability value.
applicability;app-v4-row-0080;use_cases;Мониторинг и контроль внутренних водных объектов для выявления незаконного вылова рыбы;catalog_export_v4.csv;CSV;row 80 / Сценарий;ORGANIZER_CSV;HIGH;Raw organizer applicability value.
applicability;app-v4-row-0080;regions;Удмуртская Республика;catalog_export_v4.csv;CSV;row 80 / Регион;ORGANIZER_CSV;HIGH;Raw organizer applicability value.
applicability;app-v4-row-0080;case_evidence;БАС применяется для мониторинговых задач;catalog_export_v4.csv;CSV;row 80 / Кейсы;ORGANIZER_CSV;HIGH;Raw organizer case text.
price_offer;price-v4-row-0080;raw_price;5 500 000,00;catalog_export_v4.csv;CSV;row 80 / Цена изделия;ORGANIZER_CSV;HIGH;Raw price preserved exactly.
price_offer;price-v4-row-0080;normalized_amount;5500000.00;catalog_export_v4.csv;CSV;row 80 / Цена изделия;NORMALIZED_FROM_ORGANIZER;HIGH;"Decimal comma/space normalization only; currency not inferred."
price_offer;price-v4-row-0080;vat_status;ORGANIZER_ASSUMPTION_INCLUDED;Дополнения для участников.pdf;page 4;prices assumed VAT-inclusive;ORGANIZER_ASSUMPTION;MEDIUM;Assumption from addendum, not confirmed per-offer fact.
price_offer;price-v4-row-0080;excluded_costs;delivery | commissioning/start-up | deep IT integration;Дополнения для участников.pdf;page 4;delivery, commissioning and deep integration excluded;ORGANIZER_ASSUMPTION;HIGH;Explicit addendum exclusion applied to each raw price offer.
product;93ad5785-a2bb-47a2-b611-1b9b857cea48;name;ДИАМ 20К;catalog_export_v4.csv;CSV;row 81 / Название;ORGANIZER_CSV;HIGH;Raw organizer value preserved.
product;93ad5785-a2bb-47a2-b611-1b9b857cea48;manufacturer;"АО ГК ""Икар""";catalog_export_v4.csv;CSV;row 81 / компания;ORGANIZER_CSV;HIGH;Raw organizer value preserved.
product;93ad5785-a2bb-47a2-b611-1b9b857cea48;system_family;BAS;catalog_export_v4.csv;CSV;row 81 / тип;ORGANIZER_CSV;HIGH;Normalized only from organizer token `bas`.
product;93ad5785-a2bb-47a2-b611-1b9b857cea48;maturity_status;OPERATION;catalog_export_v4.csv;CSV;row 81 / статус;ORGANIZER_CSV;HIGH;Normalized only from organizer token `operation`.
product;93ad5785-a2bb-47a2-b611-1b9b857cea48;trl;7;catalog_export_v4.csv;CSV;row 81 / УГТ;ORGANIZER_CSV;HIGH;Organizer value normalized to integer when possible.
product;93ad5785-a2bb-47a2-b611-1b9b857cea48;market_potential;4.0;catalog_export_v4.csv;CSV;row 81 / Рын Потенциал;ORGANIZER_CSV;HIGH;Organizer value normalized to numeric representation.
applicability;app-v4-row-0081;industries;Сельское хозяйство;catalog_export_v4.csv;CSV;row 81 / Отрасль;ORGANIZER_CSV;HIGH;Raw organizer applicability value.
applicability;app-v4-row-0081;use_cases;Мониторинг и контроль внутренних водных объектов для выявления незаконного вылова рыбы;catalog_export_v4.csv;CSV;row 81 / Сценарий;ORGANIZER_CSV;HIGH;Raw organizer applicability value.
applicability;app-v4-row-0081;regions;Москва;catalog_export_v4.csv;CSV;row 81 / Регион;ORGANIZER_CSV;HIGH;Raw organizer applicability value.
applicability;app-v4-row-0081;case_evidence;БАС применяется для мониторинговых задач;catalog_export_v4.csv;CSV;row 81 / Кейсы;ORGANIZER_CSV;HIGH;Raw organizer case text.
price_offer;price-v4-row-0081;raw_price;13 000 000,00;catalog_export_v4.csv;CSV;row 81 / Цена изделия;ORGANIZER_CSV;HIGH;Raw price preserved exactly.
price_offer;price-v4-row-0081;normalized_amount;13000000.00;catalog_export_v4.csv;CSV;row 81 / Цена изделия;NORMALIZED_FROM_ORGANIZER;HIGH;"Decimal comma/space normalization only; currency not inferred."
price_offer;price-v4-row-0081;vat_status;ORGANIZER_ASSUMPTION_INCLUDED;Дополнения для участников.pdf;page 4;prices assumed VAT-inclusive;ORGANIZER_ASSUMPTION;MEDIUM;Assumption from addendum, not confirmed per-offer fact.
price_offer;price-v4-row-0081;excluded_costs;delivery | commissioning/start-up | deep IT integration;Дополнения для участников.pdf;page 4;delivery, commissioning and deep integration excluded;ORGANIZER_ASSUMPTION;HIGH;Explicit addendum exclusion applied to each raw price offer.
product;f1c8478c-86c2-4381-96db-08e0ae889b41;name;Геоскан 701;catalog_export_v4.csv;CSV;row 82 / Название;ORGANIZER_CSV;HIGH;Raw organizer value preserved.
product;f1c8478c-86c2-4381-96db-08e0ae889b41;manufacturer;"ООО ""Геоскан""";catalog_export_v4.csv;CSV;row 82 / компания;ORGANIZER_CSV;HIGH;Raw organizer value preserved.
product;f1c8478c-86c2-4381-96db-08e0ae889b41;system_family;BAS;catalog_export_v4.csv;CSV;row 82 / тип;ORGANIZER_CSV;HIGH;Normalized only from organizer token `bas`.
product;f1c8478c-86c2-4381-96db-08e0ae889b41;maturity_status;OPERATION;catalog_export_v4.csv;CSV;row 82 / статус;ORGANIZER_CSV;HIGH;Normalized only from organizer token `operation`.
product;f1c8478c-86c2-4381-96db-08e0ae889b41;trl;7;catalog_export_v4.csv;CSV;row 82 / УГТ;ORGANIZER_CSV;HIGH;Organizer value normalized to integer when possible.
product;f1c8478c-86c2-4381-96db-08e0ae889b41;market_potential;5.0;catalog_export_v4.csv;CSV;row 82 / Рын Потенциал;ORGANIZER_CSV;HIGH;Organizer value normalized to numeric representation.
product;f1c8478c-86c2-4381-96db-08e0ae889b41;description.raw;Комплекс для аэрофотосъемки максимальной производительности.;catalog_export_v4.csv;CSV;row 82 / описание;ORGANIZER_CSV;HIGH;Raw organizer description preserved without rewriting.
applicability;app-v4-row-0082;industries;Сельское хозяйство;catalog_export_v4.csv;CSV;row 82 / Отрасль;ORGANIZER_CSV;HIGH;Raw organizer applicability value.
applicability;app-v4-row-0082;use_cases;Мониторинг и контроль внутренних водных объектов для выявления незаконного вылова рыбы;catalog_export_v4.csv;CSV;row 82 / Сценарий;ORGANIZER_CSV;HIGH;Raw organizer applicability value.
applicability;app-v4-row-0082;regions;Санкт-Петербург;catalog_export_v4.csv;CSV;row 82 / Регион;ORGANIZER_CSV;HIGH;Raw organizer applicability value.
applicability;app-v4-row-0082;case_evidence;БАС применяется для мониторинговых задач;catalog_export_v4.csv;CSV;row 82 / Кейсы;ORGANIZER_CSV;HIGH;Raw organizer case text.
price_offer;price-v4-row-0082;raw_price;13 000 000,00;catalog_export_v4.csv;CSV;row 82 / Цена изделия;ORGANIZER_CSV;HIGH;Raw price preserved exactly.
price_offer;price-v4-row-0082;normalized_amount;13000000.00;catalog_export_v4.csv;CSV;row 82 / Цена изделия;NORMALIZED_FROM_ORGANIZER;HIGH;"Decimal comma/space normalization only; currency not inferred."
price_offer;price-v4-row-0082;vat_status;ORGANIZER_ASSUMPTION_INCLUDED;Дополнения для участников.pdf;page 4;prices assumed VAT-inclusive;ORGANIZER_ASSUMPTION;MEDIUM;Assumption from addendum, not confirmed per-offer fact.
price_offer;price-v4-row-0082;excluded_costs;delivery | commissioning/start-up | deep IT integration;Дополнения для участников.pdf;page 4;delivery, commissioning and deep integration excluded;ORGANIZER_ASSUMPTION;HIGH;Explicit addendum exclusion applied to each raw price offer.
product;3d8ff7d4-19fb-4a21-bc4a-15fb13ad3393;name;Геоскан 201;catalog_export_v4.csv;CSV;row 83 / Название;ORGANIZER_CSV;HIGH;Raw organizer value preserved.
product;3d8ff7d4-19fb-4a21-bc4a-15fb13ad3393;manufacturer;"ООО ""Геоскан""";catalog_export_v4.csv;CSV;row 83 / компания;ORGANIZER_CSV;HIGH;Raw organizer value preserved.
product;3d8ff7d4-19fb-4a21-bc4a-15fb13ad3393;system_family;BAS;catalog_export_v4.csv;CSV;row 83 / тип;ORGANIZER_CSV;HIGH;Normalized only from organizer token `bas`.
product;3d8ff7d4-19fb-4a21-bc4a-15fb13ad3393;maturity_status;OPERATION;catalog_export_v4.csv;CSV;row 83 / статус;ORGANIZER_CSV;HIGH;Normalized only from organizer token `operation`.
product;3d8ff7d4-19fb-4a21-bc4a-15fb13ad3393;trl;9;catalog_export_v4.csv;CSV;row 83 / УГТ;ORGANIZER_CSV;HIGH;Organizer value normalized to integer when possible.
product;3d8ff7d4-19fb-4a21-bc4a-15fb13ad3393;market_potential;4.0;catalog_export_v4.csv;CSV;row 83 / Рын Потенциал;ORGANIZER_CSV;HIGH;Organizer value normalized to numeric representation.
product;3d8ff7d4-19fb-4a21-bc4a-15fb13ad3393;subtype;Самолет;catalog_export_v4.csv;CSV;row 83 / Подтип;ORGANIZER_CSV;HIGH;Raw organizer value preserved.
product;3d8ff7d4-19fb-4a21-bc4a-15fb13ad3393;description.raw;Беспилотный авиационный комплекс (БАС) самолетного типа («летающее крыло»). Он спроектирован для высокоточной аэрофотосъемки, 3D-моделирования и мониторинга обширных территорий или линейно-протяженных объектов (ЛЭП, трубопроводов, дорог). Это один из самых массовых и востребованных промышленных дронов в России.;catalog_export_v4.csv;CSV;row 83 / описание;ORGANIZER_CSV;HIGH;Raw organizer description preserved without rewriting.
applicability;app-v4-row-0083;industries;Сельское хозяйство;catalog_export_v4.csv;CSV;row 83 / Отрасль;ORGANIZER_CSV;HIGH;Raw organizer applicability value.
applicability;app-v4-row-0083;use_cases;Мониторинг состояния посевов и полей;catalog_export_v4.csv;CSV;row 83 / Сценарий;ORGANIZER_CSV;HIGH;Raw organizer applicability value.
applicability;app-v4-row-0083;regions;Санкт-Петербург;catalog_export_v4.csv;CSV;row 83 / Регион;ORGANIZER_CSV;HIGH;Raw organizer applicability value.
applicability;app-v4-row-0083;case_evidence;Комплекс «Геоскан 201» внедрен «Агрофирмой АНК» в Амурской области с 2022 года для всестороннего обследования сельскохозяйственных полей.;catalog_export_v4.csv;CSV;row 83 / Кейсы;ORGANIZER_CSV;HIGH;Raw organizer case text.
price_offer;price-v4-row-0083;raw_price;3 200 000,00;catalog_export_v4.csv;CSV;row 83 / Цена изделия;ORGANIZER_CSV;HIGH;Raw price preserved exactly.
price_offer;price-v4-row-0083;normalized_amount;3200000.00;catalog_export_v4.csv;CSV;row 83 / Цена изделия;NORMALIZED_FROM_ORGANIZER;HIGH;"Decimal comma/space normalization only; currency not inferred."
price_offer;price-v4-row-0083;vat_status;ORGANIZER_ASSUMPTION_INCLUDED;Дополнения для участников.pdf;page 4;prices assumed VAT-inclusive;ORGANIZER_ASSUMPTION;MEDIUM;Assumption from addendum, not confirmed per-offer fact.
price_offer;price-v4-row-0083;excluded_costs;delivery | commissioning/start-up | deep IT integration;Дополнения для участников.pdf;page 4;delivery, commissioning and deep integration excluded;ORGANIZER_ASSUMPTION;HIGH;Explicit addendum exclusion applied to each raw price offer.
product;19283c8d-abfd-41a4-a4dd-846392728ea9;name;Геоскан 201 Агро;catalog_export_v4.csv;CSV;row 84 / Название;ORGANIZER_CSV;HIGH;Raw organizer value preserved.
product;19283c8d-abfd-41a4-a4dd-846392728ea9;manufacturer;"ООО ""Геоскан""";catalog_export_v4.csv;CSV;row 84 / компания;ORGANIZER_CSV;HIGH;Raw organizer value preserved.
product;19283c8d-abfd-41a4-a4dd-846392728ea9;system_family;BAS;catalog_export_v4.csv;CSV;row 84 / тип;ORGANIZER_CSV;HIGH;Normalized only from organizer token `bas`.
product;19283c8d-abfd-41a4-a4dd-846392728ea9;maturity_status;OPERATION;catalog_export_v4.csv;CSV;row 84 / статус;ORGANIZER_CSV;HIGH;Normalized only from organizer token `operation`.
product;19283c8d-abfd-41a4-a4dd-846392728ea9;trl;9;catalog_export_v4.csv;CSV;row 84 / УГТ;ORGANIZER_CSV;HIGH;Organizer value normalized to integer when possible.
product;19283c8d-abfd-41a4-a4dd-846392728ea9;market_potential;4.0;catalog_export_v4.csv;CSV;row 84 / Рын Потенциал;ORGANIZER_CSV;HIGH;Organizer value normalized to numeric representation.
applicability;app-v4-row-0084;industries;Сельское хозяйство;catalog_export_v4.csv;CSV;row 84 / Отрасль;ORGANIZER_CSV;HIGH;Raw organizer applicability value.
applicability;app-v4-row-0084;use_cases;Мониторинг и анализ состояния посевов и полей;catalog_export_v4.csv;CSV;row 84 / Сценарий;ORGANIZER_CSV;HIGH;Raw organizer applicability value.
applicability;app-v4-row-0084;regions;Санкт-Петербург;catalog_export_v4.csv;CSV;row 84 / Регион;ORGANIZER_CSV;HIGH;Raw organizer applicability value.
applicability;app-v4-row-0084;case_evidence;БАС применяется для мониторинговых задач;catalog_export_v4.csv;CSV;row 84 / Кейсы;ORGANIZER_CSV;HIGH;Raw organizer case text.
price_offer;price-v4-row-0084;raw_price;6 422 000,00;catalog_export_v4.csv;CSV;row 84 / Цена изделия;ORGANIZER_CSV;HIGH;Raw price preserved exactly.
price_offer;price-v4-row-0084;normalized_amount;6422000.00;catalog_export_v4.csv;CSV;row 84 / Цена изделия;NORMALIZED_FROM_ORGANIZER;HIGH;"Decimal comma/space normalization only; currency not inferred."
price_offer;price-v4-row-0084;vat_status;ORGANIZER_ASSUMPTION_INCLUDED;Дополнения для участников.pdf;page 4;prices assumed VAT-inclusive;ORGANIZER_ASSUMPTION;MEDIUM;Assumption from addendum, not confirmed per-offer fact.
price_offer;price-v4-row-0084;excluded_costs;delivery | commissioning/start-up | deep IT integration;Дополнения для участников.pdf;page 4;delivery, commissioning and deep integration excluded;ORGANIZER_ASSUMPTION;HIGH;Explicit addendum exclusion applied to each raw price offer.
product;79b43d24-a12d-4852-a1b2-db6090f3c824;name;Кати;catalog_export_v4.csv;CSV;row 85 / Название;ORGANIZER_CSV;HIGH;Raw organizer value preserved.
product;79b43d24-a12d-4852-a1b2-db6090f3c824;manufacturer;"ООО ""Агробит""";catalog_export_v4.csv;CSV;row 85 / компания;ORGANIZER_CSV;HIGH;Raw organizer value preserved.
product;79b43d24-a12d-4852-a1b2-db6090f3c824;system_family;BRS;catalog_export_v4.csv;CSV;row 85 / тип;ORGANIZER_CSV;HIGH;Normalized only from organizer token `brs`.
product;79b43d24-a12d-4852-a1b2-db6090f3c824;maturity_status;OPERATION;catalog_export_v4.csv;CSV;row 85 / статус;ORGANIZER_CSV;HIGH;Normalized only from organizer token `operation`.
product;79b43d24-a12d-4852-a1b2-db6090f3c824;trl;8;catalog_export_v4.csv;CSV;row 85 / УГТ;ORGANIZER_CSV;HIGH;Organizer value normalized to integer when possible.
product;79b43d24-a12d-4852-a1b2-db6090f3c824;market_potential;2.0;catalog_export_v4.csv;CSV;row 85 / Рын Потенциал;ORGANIZER_CSV;HIGH;Organizer value normalized to numeric representation.
product;79b43d24-a12d-4852-a1b2-db6090f3c824;type;Стационарные роботизированные системы;catalog_export_v4.csv;CSV;row 85 / Тип;ORGANIZER_CSV;HIGH;Raw organizer value preserved.
product;79b43d24-a12d-4852-a1b2-db6090f3c824;subtype;Конвейер автоматизированной вакцинации;catalog_export_v4.csv;CSV;row 85 / Подтип;ORGANIZER_CSV;HIGH;Raw organizer value preserved.
applicability;app-v4-row-0085;industries;Сельское хозяйство;catalog_export_v4.csv;CSV;row 85 / Отрасль;ORGANIZER_CSV;HIGH;Raw organizer applicability value.
applicability;app-v4-row-0085;use_cases;Птицеводство;catalog_export_v4.csv;CSV;row 85 / Сценарий;ORGANIZER_CSV;HIGH;Raw organizer applicability value.
applicability;app-v4-row-0085;regions;Москва;catalog_export_v4.csv;CSV;row 85 / Регион;ORGANIZER_CSV;HIGH;Raw organizer applicability value.
applicability;app-v4-row-0085;case_evidence;Внедрена робототехника для скоростной вакцинации птицы.;catalog_export_v4.csv;CSV;row 85 / Кейсы;ORGANIZER_CSV;HIGH;Raw organizer case text.
price_offer;price-v4-row-0085;raw_price;7 500 000,00;catalog_export_v4.csv;CSV;row 85 / Цена изделия;ORGANIZER_CSV;HIGH;Raw price preserved exactly.
price_offer;price-v4-row-0085;normalized_amount;7500000.00;catalog_export_v4.csv;CSV;row 85 / Цена изделия;NORMALIZED_FROM_ORGANIZER;HIGH;"Decimal comma/space normalization only; currency not inferred."
price_offer;price-v4-row-0085;vat_status;ORGANIZER_ASSUMPTION_INCLUDED;Дополнения для участников.pdf;page 4;prices assumed VAT-inclusive;ORGANIZER_ASSUMPTION;MEDIUM;Assumption from addendum, not confirmed per-offer fact.
price_offer;price-v4-row-0085;excluded_costs;delivery | commissioning/start-up | deep IT integration;Дополнения для участников.pdf;page 4;delivery, commissioning and deep integration excluded;ORGANIZER_ASSUMPTION;HIGH;Explicit addendum exclusion applied to each raw price offer.
product;f381872e-d6aa-43b6-be2a-ba36cc9eb90a;name;Колесный робот;catalog_export_v4.csv;CSV;row 86 / Название;ORGANIZER_CSV;HIGH;Raw organizer value preserved.
product;f381872e-d6aa-43b6-be2a-ba36cc9eb90a;manufacturer;"ООО ""Агробит""";catalog_export_v4.csv;CSV;row 86 / компания;ORGANIZER_CSV;HIGH;Raw organizer value preserved.
product;f381872e-d6aa-43b6-be2a-ba36cc9eb90a;system_family;BRS;catalog_export_v4.csv;CSV;row 86 / тип;ORGANIZER_CSV;HIGH;Normalized only from organizer token `brs`.
product;f381872e-d6aa-43b6-be2a-ba36cc9eb90a;maturity_status;RND;catalog_export_v4.csv;CSV;row 86 / статус;ORGANIZER_CSV;HIGH;Normalized only from organizer token `rnd`.
product;f381872e-d6aa-43b6-be2a-ba36cc9eb90a;trl;7;catalog_export_v4.csv;CSV;row 86 / УГТ;ORGANIZER_CSV;HIGH;Organizer value normalized to integer when possible.
product;f381872e-d6aa-43b6-be2a-ba36cc9eb90a;market_potential;2.0;catalog_export_v4.csv;CSV;row 86 / Рын Потенциал;ORGANIZER_CSV;HIGH;Organizer value normalized to numeric representation.
product;f381872e-d6aa-43b6-be2a-ba36cc9eb90a;type;Мобильные роботы;catalog_export_v4.csv;CSV;row 86 / Тип;ORGANIZER_CSV;HIGH;Raw organizer value preserved.
product;f381872e-d6aa-43b6-be2a-ba36cc9eb90a;subtype;Колесный робот;catalog_export_v4.csv;CSV;row 86 / Подтип;ORGANIZER_CSV;HIGH;Raw organizer value preserved.
applicability;app-v4-row-0086;industries;Сельское хозяйство;catalog_export_v4.csv;CSV;row 86 / Отрасль;ORGANIZER_CSV;HIGH;Raw organizer applicability value.
applicability;app-v4-row-0086;use_cases;Птицеводство;catalog_export_v4.csv;CSV;row 86 / Сценарий;ORGANIZER_CSV;HIGH;Raw organizer applicability value.
applicability;app-v4-row-0086;regions;Москва;catalog_export_v4.csv;CSV;row 86 / Регион;ORGANIZER_CSV;HIGH;Raw organizer applicability value.
applicability;app-v4-row-0086;case_evidence;Разработан робот для птицеводства, обеспечивающий автоматическое распознавание и сбор павшей птицы и напольного яйца.;catalog_export_v4.csv;CSV;row 86 / Кейсы;ORGANIZER_CSV;HIGH;Raw organizer case text.
price_offer;price-v4-row-0086;raw_price;3 500 000,00;catalog_export_v4.csv;CSV;row 86 / Цена изделия;ORGANIZER_CSV;HIGH;Raw price preserved exactly.
price_offer;price-v4-row-0086;normalized_amount;3500000.00;catalog_export_v4.csv;CSV;row 86 / Цена изделия;NORMALIZED_FROM_ORGANIZER;HIGH;"Decimal comma/space normalization only; currency not inferred."
price_offer;price-v4-row-0086;vat_status;ORGANIZER_ASSUMPTION_INCLUDED;Дополнения для участников.pdf;page 4;prices assumed VAT-inclusive;ORGANIZER_ASSUMPTION;MEDIUM;Assumption from addendum, not confirmed per-offer fact.
price_offer;price-v4-row-0086;excluded_costs;delivery | commissioning/start-up | deep IT integration;Дополнения для участников.pdf;page 4;delivery, commissioning and deep integration excluded;ORGANIZER_ASSUMPTION;HIGH;Explicit addendum exclusion applied to each raw price offer.
product;aa8e3b27-df64-4a6a-9248-b1eedb41dd4e;name;Волшебник;catalog_export_v4.csv;CSV;row 87 / Название;ORGANIZER_CSV;HIGH;Raw organizer value preserved.
product;aa8e3b27-df64-4a6a-9248-b1eedb41dd4e;manufacturer;"ООО ""Промтехника-Приволжье""";catalog_export_v4.csv;CSV;row 87 / компания;ORGANIZER_CSV;HIGH;Raw organizer value preserved.
product;aa8e3b27-df64-4a6a-9248-b1eedb41dd4e;system_family;BRS;catalog_export_v4.csv;CSV;row 87 / тип;ORGANIZER_CSV;HIGH;Normalized only from organizer token `brs`.
product;aa8e3b27-df64-4a6a-9248-b1eedb41dd4e;maturity_status;OPERATION;catalog_export_v4.csv;CSV;row 87 / статус;ORGANIZER_CSV;HIGH;Normalized only from organizer token `operation`.
product;aa8e3b27-df64-4a6a-9248-b1eedb41dd4e;trl;9;catalog_export_v4.csv;CSV;row 87 / УГТ;ORGANIZER_CSV;HIGH;Organizer value normalized to integer when possible.
product;aa8e3b27-df64-4a6a-9248-b1eedb41dd4e;market_potential;4.0;catalog_export_v4.csv;CSV;row 87 / Рын Потенциал;ORGANIZER_CSV;HIGH;Organizer value normalized to numeric representation.
product;aa8e3b27-df64-4a6a-9248-b1eedb41dd4e;type;Стационарные роботизированные системы;catalog_export_v4.csv;CSV;row 87 / Тип;ORGANIZER_CSV;HIGH;Raw organizer value preserved.
product;aa8e3b27-df64-4a6a-9248-b1eedb41dd4e;subtype;Роботизированная доильная установка;catalog_export_v4.csv;CSV;row 87 / Подтип;ORGANIZER_CSV;HIGH;Raw organizer value preserved.
applicability;app-v4-row-0087;industries;Сельское хозяйство;catalog_export_v4.csv;CSV;row 87 / Отрасль;ORGANIZER_CSV;HIGH;Raw organizer applicability value.
applicability;app-v4-row-0087;use_cases;Сбор молока;catalog_export_v4.csv;CSV;row 87 / Сценарий;ORGANIZER_CSV;HIGH;Raw organizer applicability value.
applicability;app-v4-row-0087;regions;Нижегородская область;catalog_export_v4.csv;CSV;row 87 / Регион;ORGANIZER_CSV;HIGH;Raw organizer applicability value.
applicability;app-v4-row-0087;case_evidence;Наращено серийное производство роботов с 2022 года с мощностью завода от 8 единиц в месяц. С 2025 года начаты поставки в Беларусь.;catalog_export_v4.csv;CSV;row 87 / Кейсы;ORGANIZER_CSV;HIGH;Raw organizer case text.
price_offer;price-v4-row-0087;raw_price;12 000 000,00;catalog_export_v4.csv;CSV;row 87 / Цена изделия;ORGANIZER_CSV;HIGH;Raw price preserved exactly.
price_offer;price-v4-row-0087;normalized_amount;12000000.00;catalog_export_v4.csv;CSV;row 87 / Цена изделия;NORMALIZED_FROM_ORGANIZER;HIGH;"Decimal comma/space normalization only; currency not inferred."
price_offer;price-v4-row-0087;vat_status;ORGANIZER_ASSUMPTION_INCLUDED;Дополнения для участников.pdf;page 4;prices assumed VAT-inclusive;ORGANIZER_ASSUMPTION;MEDIUM;Assumption from addendum, not confirmed per-offer fact.
price_offer;price-v4-row-0087;excluded_costs;delivery | commissioning/start-up | deep IT integration;Дополнения для участников.pdf;page 4;delivery, commissioning and deep integration excluded;ORGANIZER_ASSUMPTION;HIGH;Explicit addendum exclusion applied to each raw price offer.
product;6a8c6254-6885-42bd-afb7-b3b4095fb972;name;Роботизированный автономный минитрактор CP;catalog_export_v4.csv;CSV;row 88 / Название;ORGANIZER_CSV;HIGH;Raw organizer value preserved.
product;6a8c6254-6885-42bd-afb7-b3b4095fb972;manufacturer;"АО ""Когнитив Пилот""";catalog_export_v4.csv;CSV;row 88 / компания;ORGANIZER_CSV;HIGH;Raw organizer value preserved.
product;6a8c6254-6885-42bd-afb7-b3b4095fb972;system_family;BRS;catalog_export_v4.csv;CSV;row 88 / тип;ORGANIZER_CSV;HIGH;Normalized only from organizer token `brs`.
product;6a8c6254-6885-42bd-afb7-b3b4095fb972;maturity_status;PILOTING;catalog_export_v4.csv;CSV;row 88 / статус;ORGANIZER_CSV;HIGH;Normalized only from organizer token `piloting`.
product;6a8c6254-6885-42bd-afb7-b3b4095fb972;trl;7;catalog_export_v4.csv;CSV;row 88 / УГТ;ORGANIZER_CSV;HIGH;Organizer value normalized to integer when possible.
product;6a8c6254-6885-42bd-afb7-b3b4095fb972;market_potential;3.0;catalog_export_v4.csv;CSV;row 88 / Рын Потенциал;ORGANIZER_CSV;HIGH;Organizer value normalized to numeric representation.
product;6a8c6254-6885-42bd-afb7-b3b4095fb972;type;Автономные наземные транспортные средства;catalog_export_v4.csv;CSV;row 88 / Тип;ORGANIZER_CSV;HIGH;Raw organizer value preserved.
product;6a8c6254-6885-42bd-afb7-b3b4095fb972;subtype;Беспилотный трактор;catalog_export_v4.csv;CSV;row 88 / Подтип;ORGANIZER_CSV;HIGH;Raw organizer value preserved.
product;6a8c6254-6885-42bd-afb7-b3b4095fb972;description.raw;Первый в мире многоцелевой полностью беспилотный и бескабинный минитрактор на базе искусственного интеллекта, разработанный и серийно выпускаемый российской компанией Cognitive Pilot на собственной фабрике в Томске. Робот создан как универсальная независимая платформа для круглосуточной автоматизации процессов в сельском хозяйстве, сфере ЖКХ, аэропортах и промышленной логистике.;catalog_export_v4.csv;CSV;row 88 / описание;ORGANIZER_CSV;HIGH;Raw organizer description preserved without rewriting.
applicability;app-v4-row-0088;industries;Сельское хозяйство;catalog_export_v4.csv;CSV;row 88 / Отрасль;ORGANIZER_CSV;HIGH;Raw organizer applicability value.
applicability;app-v4-row-0088;use_cases;Вспашка;catalog_export_v4.csv;CSV;row 88 / Сценарий;ORGANIZER_CSV;HIGH;Raw organizer applicability value.
applicability;app-v4-row-0088;regions;Москва;catalog_export_v4.csv;CSV;row 88 / Регион;ORGANIZER_CSV;HIGH;Raw organizer applicability value.
applicability;app-v4-row-0088;case_evidence;Запущен пилотный этап проекта с парком из 70–80 автономных тракторов в Амурской области для обработки до 15 тысяч гектаров полей.;catalog_export_v4.csv;CSV;row 88 / Кейсы;ORGANIZER_CSV;HIGH;Raw organizer case text.
price_offer;price-v4-row-0088;raw_price;4 000 000,00;catalog_export_v4.csv;CSV;row 88 / Цена изделия;ORGANIZER_CSV;HIGH;Raw price preserved exactly.
price_offer;price-v4-row-0088;normalized_amount;4000000.00;catalog_export_v4.csv;CSV;row 88 / Цена изделия;NORMALIZED_FROM_ORGANIZER;HIGH;"Decimal comma/space normalization only; currency not inferred."
price_offer;price-v4-row-0088;vat_status;ORGANIZER_ASSUMPTION_INCLUDED;Дополнения для участников.pdf;page 4;prices assumed VAT-inclusive;ORGANIZER_ASSUMPTION;MEDIUM;Assumption from addendum, not confirmed per-offer fact.
price_offer;price-v4-row-0088;excluded_costs;delivery | commissioning/start-up | deep IT integration;Дополнения для участников.pdf;page 4;delivery, commissioning and deep integration excluded;ORGANIZER_ASSUMPTION;HIGH;Explicit addendum exclusion applied to each raw price offer.
product;c8331668-727b-4b5f-a39f-bff2248beb5e;name;85ТК;catalog_export_v4.csv;CSV;row 89 / Название;ORGANIZER_CSV;HIGH;Raw organizer value preserved.
product;c8331668-727b-4b5f-a39f-bff2248beb5e;manufacturer;"ООО ""Завод Агромаш""";catalog_export_v4.csv;CSV;row 89 / компания;ORGANIZER_CSV;HIGH;Raw organizer value preserved.
product;c8331668-727b-4b5f-a39f-bff2248beb5e;system_family;BRS;catalog_export_v4.csv;CSV;row 89 / тип;ORGANIZER_CSV;HIGH;Normalized only from organizer token `brs`.
product;c8331668-727b-4b5f-a39f-bff2248beb5e;maturity_status;PILOTING;catalog_export_v4.csv;CSV;row 89 / статус;ORGANIZER_CSV;HIGH;Normalized only from organizer token `piloting`.
product;c8331668-727b-4b5f-a39f-bff2248beb5e;trl;7;catalog_export_v4.csv;CSV;row 89 / УГТ;ORGANIZER_CSV;HIGH;Organizer value normalized to integer when possible.
product;c8331668-727b-4b5f-a39f-bff2248beb5e;market_potential;4.0;catalog_export_v4.csv;CSV;row 89 / Рын Потенциал;ORGANIZER_CSV;HIGH;Organizer value normalized to numeric representation.
product;c8331668-727b-4b5f-a39f-bff2248beb5e;type;Автономные наземные транспортные средства;catalog_export_v4.csv;CSV;row 89 / Тип;ORGANIZER_CSV;HIGH;Raw organizer value preserved.
product;c8331668-727b-4b5f-a39f-bff2248beb5e;subtype;Беспилотный трактор;catalog_export_v4.csv;CSV;row 89 / Подтип;ORGANIZER_CSV;HIGH;Raw organizer value preserved.
product;c8331668-727b-4b5f-a39f-bff2248beb5e;description.raw;Универсальный колесный трактор. Автономная версия оснащена системой, позволяющей технике работать без водителя в кабине: маршрут задается через планшет, а оператор с земли или из удаленного центра концентрируется только на управлении навесным оборудованием.;catalog_export_v4.csv;CSV;row 89 / описание;ORGANIZER_CSV;HIGH;Raw organizer description preserved without rewriting.
applicability;app-v4-row-0089;industries;Сельское хозяйство;catalog_export_v4.csv;CSV;row 89 / Отрасль;ORGANIZER_CSV;HIGH;Raw organizer applicability value.
applicability;app-v4-row-0089;use_cases;Вспашка;catalog_export_v4.csv;CSV;row 89 / Сценарий;ORGANIZER_CSV;HIGH;Raw organizer applicability value.
applicability;app-v4-row-0089;regions;Чувашская Республика;catalog_export_v4.csv;CSV;row 89 / Регион;ORGANIZER_CSV;HIGH;Raw organizer applicability value.
applicability;app-v4-row-0089;case_evidence;Минтранс России сообщил об успешном завершении испытаний нового беспилотного трактора «Агромаш 85ТК», подтвердившего свои технические характеристики.;catalog_export_v4.csv;CSV;row 89 / Кейсы;ORGANIZER_CSV;HIGH;Raw organizer case text.
price_offer;price-v4-row-0089;raw_price;12 000 000,00;catalog_export_v4.csv;CSV;row 89 / Цена изделия;ORGANIZER_CSV;HIGH;Raw price preserved exactly.
price_offer;price-v4-row-0089;normalized_amount;12000000.00;catalog_export_v4.csv;CSV;row 89 / Цена изделия;NORMALIZED_FROM_ORGANIZER;HIGH;"Decimal comma/space normalization only; currency not inferred."
price_offer;price-v4-row-0089;vat_status;ORGANIZER_ASSUMPTION_INCLUDED;Дополнения для участников.pdf;page 4;prices assumed VAT-inclusive;ORGANIZER_ASSUMPTION;MEDIUM;Assumption from addendum, not confirmed per-offer fact.
price_offer;price-v4-row-0089;excluded_costs;delivery | commissioning/start-up | deep IT integration;Дополнения для участников.pdf;page 4;delivery, commissioning and deep integration excluded;ORGANIZER_ASSUMPTION;HIGH;Explicit addendum exclusion applied to each raw price offer.
product;9186592a-aa17-47a3-b1bb-1477d71cf28d;name;Агробот;catalog_export_v4.csv;CSV;row 90 / Название;ORGANIZER_CSV;HIGH;Raw organizer value preserved.
product;9186592a-aa17-47a3-b1bb-1477d71cf28d;manufacturer;"ООО ""Аврора Роботикс""";catalog_export_v4.csv;CSV;row 90 / компания;ORGANIZER_CSV;HIGH;Raw organizer value preserved.
product;9186592a-aa17-47a3-b1bb-1477d71cf28d;system_family;BRS;catalog_export_v4.csv;CSV;row 90 / тип;ORGANIZER_CSV;HIGH;Normalized only from organizer token `brs`.
product;9186592a-aa17-47a3-b1bb-1477d71cf28d;maturity_status;PILOTING;catalog_export_v4.csv;CSV;row 90 / статус;ORGANIZER_CSV;HIGH;Normalized only from organizer token `piloting`.
product;9186592a-aa17-47a3-b1bb-1477d71cf28d;trl;7;catalog_export_v4.csv;CSV;row 90 / УГТ;ORGANIZER_CSV;HIGH;Organizer value normalized to integer when possible.
product;9186592a-aa17-47a3-b1bb-1477d71cf28d;market_potential;2.0;catalog_export_v4.csv;CSV;row 90 / Рын Потенциал;ORGANIZER_CSV;HIGH;Organizer value normalized to numeric representation.
product;9186592a-aa17-47a3-b1bb-1477d71cf28d;type;Автономные наземные транспортные средства;catalog_export_v4.csv;CSV;row 90 / Тип;ORGANIZER_CSV;HIGH;Raw organizer value preserved.
product;9186592a-aa17-47a3-b1bb-1477d71cf28d;subtype;Агробот;catalog_export_v4.csv;CSV;row 90 / Подтип;ORGANIZER_CSV;HIGH;Raw organizer value preserved.
applicability;app-v4-row-0090;industries;Сельское хозяйство;catalog_export_v4.csv;CSV;row 90 / Отрасль;ORGANIZER_CSV;HIGH;Raw organizer applicability value.
applicability;app-v4-row-0090;use_cases;Вспашка;catalog_export_v4.csv;CSV;row 90 / Сценарий;ORGANIZER_CSV;HIGH;Raw organizer applicability value.
applicability;app-v4-row-0090;regions;Рязанская область;catalog_export_v4.csv;CSV;row 90 / Регион;ORGANIZER_CSV;HIGH;Raw organizer applicability value.
applicability;app-v4-row-0090;case_evidence;В Рязанской области проведены полевые испытания беспилотного трактора «АгроБот».;catalog_export_v4.csv;CSV;row 90 / Кейсы;ORGANIZER_CSV;HIGH;Raw organizer case text.
price_offer;price-v4-row-0090;raw_price;3 500 000,00;catalog_export_v4.csv;CSV;row 90 / Цена изделия;ORGANIZER_CSV;HIGH;Raw price preserved exactly.
price_offer;price-v4-row-0090;normalized_amount;3500000.00;catalog_export_v4.csv;CSV;row 90 / Цена изделия;NORMALIZED_FROM_ORGANIZER;HIGH;"Decimal comma/space normalization only; currency not inferred."
price_offer;price-v4-row-0090;vat_status;ORGANIZER_ASSUMPTION_INCLUDED;Дополнения для участников.pdf;page 4;prices assumed VAT-inclusive;ORGANIZER_ASSUMPTION;MEDIUM;Assumption from addendum, not confirmed per-offer fact.
price_offer;price-v4-row-0090;excluded_costs;delivery | commissioning/start-up | deep IT integration;Дополнения для участников.pdf;page 4;delivery, commissioning and deep integration excluded;ORGANIZER_ASSUMPTION;HIGH;Explicit addendum exclusion applied to each raw price offer.
product;3d96dcc2-134a-4f9c-85d1-51963038edab;name;Роботизированный трактор с гибридной силовой установкой;catalog_export_v4.csv;CSV;row 91 / Название;ORGANIZER_CSV;HIGH;Raw organizer value preserved.
product;3d96dcc2-134a-4f9c-85d1-51963038edab;manufacturer;Донской государственный технический университет (ДГТУ);catalog_export_v4.csv;CSV;row 91 / компания;ORGANIZER_CSV;HIGH;Raw organizer value preserved.
product;3d96dcc2-134a-4f9c-85d1-51963038edab;system_family;BRS;catalog_export_v4.csv;CSV;row 91 / тип;ORGANIZER_CSV;HIGH;Normalized only from organizer token `brs`.
product;3d96dcc2-134a-4f9c-85d1-51963038edab;maturity_status;RND;catalog_export_v4.csv;CSV;row 91 / статус;ORGANIZER_CSV;HIGH;Normalized only from organizer token `rnd`.
product;3d96dcc2-134a-4f9c-85d1-51963038edab;trl;7;catalog_export_v4.csv;CSV;row 91 / УГТ;ORGANIZER_CSV;HIGH;Organizer value normalized to integer when possible.
product;3d96dcc2-134a-4f9c-85d1-51963038edab;market_potential;4.0;catalog_export_v4.csv;CSV;row 91 / Рын Потенциал;ORGANIZER_CSV;HIGH;Organizer value normalized to numeric representation.
product;3d96dcc2-134a-4f9c-85d1-51963038edab;type;Автономные наземные транспортные средства;catalog_export_v4.csv;CSV;row 91 / Тип;ORGANIZER_CSV;HIGH;Raw organizer value preserved.
applicability;app-v4-row-0091;industries;Сельское хозяйство;catalog_export_v4.csv;CSV;row 91 / Отрасль;ORGANIZER_CSV;HIGH;Raw organizer applicability value.
applicability;app-v4-row-0091;use_cases;Вспашка;catalog_export_v4.csv;CSV;row 91 / Сценарий;ORGANIZER_CSV;HIGH;Raw organizer applicability value.
applicability;app-v4-row-0091;regions;Ростовская область;catalog_export_v4.csv;CSV;row 91 / Регион;ORGANIZER_CSV;HIGH;Raw organizer applicability value.
applicability;app-v4-row-0091;case_evidence;На территории учебно-опытного полигона Донского государственного технического университета успешно прошли полевые испытания универсального беспилотного трактора «Донтех». Эта инновационная разработка создана в рамках программы стратегического академического лидерства «Приоритет 2030» и федерального проекта «Передовые инженерные школы» в сотрудничестве с компанией Ростсельмаш и Московским политехническим университетом;catalog_export_v4.csv;CSV;row 91 / Кейсы;ORGANIZER_CSV;HIGH;Raw organizer case text.
price_offer;price-v4-row-0091;raw_price;8 000 000,00;catalog_export_v4.csv;CSV;row 91 / Цена изделия;ORGANIZER_CSV;HIGH;Raw price preserved exactly.
price_offer;price-v4-row-0091;normalized_amount;8000000.00;catalog_export_v4.csv;CSV;row 91 / Цена изделия;NORMALIZED_FROM_ORGANIZER;HIGH;"Decimal comma/space normalization only; currency not inferred."
price_offer;price-v4-row-0091;vat_status;ORGANIZER_ASSUMPTION_INCLUDED;Дополнения для участников.pdf;page 4;prices assumed VAT-inclusive;ORGANIZER_ASSUMPTION;MEDIUM;Assumption from addendum, not confirmed per-offer fact.
price_offer;price-v4-row-0091;excluded_costs;delivery | commissioning/start-up | deep IT integration;Дополнения для участников.pdf;page 4;delivery, commissioning and deep integration excluded;ORGANIZER_ASSUMPTION;HIGH;Explicit addendum exclusion applied to each raw price offer.
product;bd7a808d-3f50-4bd0-93e9-87e9646cfb26;name;MARK A (Agro);catalog_export_v4.csv;CSV;row 92 / Название;ORGANIZER_CSV;HIGH;Raw organizer value preserved.
product;bd7a808d-3f50-4bd0-93e9-87e9646cfb26;manufacturer;"ООО ""Электромотив""";catalog_export_v4.csv;CSV;row 92 / компания;ORGANIZER_CSV;HIGH;Raw organizer value preserved.
product;bd7a808d-3f50-4bd0-93e9-87e9646cfb26;system_family;BRS;catalog_export_v4.csv;CSV;row 92 / тип;ORGANIZER_CSV;HIGH;Normalized only from organizer token `brs`.
product;bd7a808d-3f50-4bd0-93e9-87e9646cfb26;maturity_status;PILOTING;catalog_export_v4.csv;CSV;row 92 / статус;ORGANIZER_CSV;HIGH;Normalized only from organizer token `piloting`.
product;bd7a808d-3f50-4bd0-93e9-87e9646cfb26;trl;7;catalog_export_v4.csv;CSV;row 92 / УГТ;ORGANIZER_CSV;HIGH;Organizer value normalized to integer when possible.
product;bd7a808d-3f50-4bd0-93e9-87e9646cfb26;market_potential;4.0;catalog_export_v4.csv;CSV;row 92 / Рын Потенциал;ORGANIZER_CSV;HIGH;Organizer value normalized to numeric representation.
product;bd7a808d-3f50-4bd0-93e9-87e9646cfb26;type;Мобильные манипуляторы;catalog_export_v4.csv;CSV;row 92 / Тип;ORGANIZER_CSV;HIGH;Raw organizer value preserved.
product;bd7a808d-3f50-4bd0-93e9-87e9646cfb26;subtype;Робот для сбора плодов;catalog_export_v4.csv;CSV;row 92 / Подтип;ORGANIZER_CSV;HIGH;Raw organizer value preserved.
product;bd7a808d-3f50-4bd0-93e9-87e9646cfb26;description.raw;Агроробот-сборщик яблок, созданный при поддержке университета «Сириус».;catalog_export_v4.csv;CSV;row 92 / описание;ORGANIZER_CSV;HIGH;Raw organizer description preserved without rewriting.
applicability;app-v4-row-0092;industries;Сельское хозяйство;catalog_export_v4.csv;CSV;row 92 / Отрасль;ORGANIZER_CSV;HIGH;Raw organizer applicability value.
applicability;app-v4-row-0092;use_cases;Сбор урожая;catalog_export_v4.csv;CSV;row 92 / Сценарий;ORGANIZER_CSV;HIGH;Raw organizer applicability value.
applicability;app-v4-row-0092;regions;Москва;catalog_export_v4.csv;CSV;row 92 / Регион;ORGANIZER_CSV;HIGH;Raw organizer applicability value.
applicability;app-v4-row-0092;case_evidence;ООО «Электромотив» завершила полевые испытания робота-сборщика в Совхозе им. Ленина. Время сбора яблок составило не более 8-ми секунд.;catalog_export_v4.csv;CSV;row 92 / Кейсы;ORGANIZER_CSV;HIGH;Raw organizer case text.
price_offer;price-v4-row-0092;raw_price;3 500 000,00;catalog_export_v4.csv;CSV;row 92 / Цена изделия;ORGANIZER_CSV;HIGH;Raw price preserved exactly.
price_offer;price-v4-row-0092;normalized_amount;3500000.00;catalog_export_v4.csv;CSV;row 92 / Цена изделия;NORMALIZED_FROM_ORGANIZER;HIGH;"Decimal comma/space normalization only; currency not inferred."
price_offer;price-v4-row-0092;vat_status;ORGANIZER_ASSUMPTION_INCLUDED;Дополнения для участников.pdf;page 4;prices assumed VAT-inclusive;ORGANIZER_ASSUMPTION;MEDIUM;Assumption from addendum, not confirmed per-offer fact.
price_offer;price-v4-row-0092;excluded_costs;delivery | commissioning/start-up | deep IT integration;Дополнения для участников.pdf;page 4;delivery, commissioning and deep integration excluded;ORGANIZER_ASSUMPTION;HIGH;Explicit addendum exclusion applied to each raw price offer.
product;3a18c8b1-ac3d-4a67-a814-b96ef4e58388;name;Роботизированная платформа для выборочного сбора плодов;catalog_export_v4.csv;CSV;row 93 / Название;ORGANIZER_CSV;HIGH;Raw organizer value preserved.
product;3a18c8b1-ac3d-4a67-a814-b96ef4e58388;manufacturer;Финансовый Университет;catalog_export_v4.csv;CSV;row 93 / компания;ORGANIZER_CSV;HIGH;Raw organizer value preserved.
product;3a18c8b1-ac3d-4a67-a814-b96ef4e58388;system_family;BRS;catalog_export_v4.csv;CSV;row 93 / тип;ORGANIZER_CSV;HIGH;Normalized only from organizer token `brs`.
product;3a18c8b1-ac3d-4a67-a814-b96ef4e58388;maturity_status;PILOTING;catalog_export_v4.csv;CSV;row 93 / статус;ORGANIZER_CSV;HIGH;Normalized only from organizer token `piloting`.
product;3a18c8b1-ac3d-4a67-a814-b96ef4e58388;trl;6;catalog_export_v4.csv;CSV;row 93 / УГТ;ORGANIZER_CSV;HIGH;Organizer value normalized to integer when possible.
product;3a18c8b1-ac3d-4a67-a814-b96ef4e58388;market_potential;3.0;catalog_export_v4.csv;CSV;row 93 / Рын Потенциал;ORGANIZER_CSV;HIGH;Organizer value normalized to numeric representation.
product;3a18c8b1-ac3d-4a67-a814-b96ef4e58388;type;Автономные наземные транспортные средства;catalog_export_v4.csv;CSV;row 93 / Тип;ORGANIZER_CSV;HIGH;Raw organizer value preserved.
product;3a18c8b1-ac3d-4a67-a814-b96ef4e58388;subtype;Робот для сбора плодов;catalog_export_v4.csv;CSV;row 93 / Подтип;ORGANIZER_CSV;HIGH;Raw organizer value preserved.
applicability;app-v4-row-0093;industries;Сельское хозяйство;catalog_export_v4.csv;CSV;row 93 / Отрасль;ORGANIZER_CSV;HIGH;Raw organizer applicability value.
applicability;app-v4-row-0093;use_cases;Сбор урожая;catalog_export_v4.csv;CSV;row 93 / Сценарий;ORGANIZER_CSV;HIGH;Raw organizer applicability value.
applicability;app-v4-row-0093;regions;Москва;catalog_export_v4.csv;CSV;row 93 / Регион;ORGANIZER_CSV;HIGH;Raw organizer applicability value.
applicability;app-v4-row-0093;case_evidence;Проведено успешное тестирование прототипа агробота с точностью обнаружения плодов свыше 97%, подтверждена готовность к полевым испытаниям.;catalog_export_v4.csv;CSV;row 93 / Кейсы;ORGANIZER_CSV;HIGH;Raw organizer case text.
price_offer;price-v4-row-0093;raw_price;2 500 000,00;catalog_export_v4.csv;CSV;row 93 / Цена изделия;ORGANIZER_CSV;HIGH;Raw price preserved exactly.
price_offer;price-v4-row-0093;normalized_amount;2500000.00;catalog_export_v4.csv;CSV;row 93 / Цена изделия;NORMALIZED_FROM_ORGANIZER;HIGH;"Decimal comma/space normalization only; currency not inferred."
price_offer;price-v4-row-0093;vat_status;ORGANIZER_ASSUMPTION_INCLUDED;Дополнения для участников.pdf;page 4;prices assumed VAT-inclusive;ORGANIZER_ASSUMPTION;MEDIUM;Assumption from addendum, not confirmed per-offer fact.
price_offer;price-v4-row-0093;excluded_costs;delivery | commissioning/start-up | deep IT integration;Дополнения для участников.pdf;page 4;delivery, commissioning and deep integration excluded;ORGANIZER_ASSUMPTION;HIGH;Explicit addendum exclusion applied to each raw price offer.
product;3ab89426-fb2c-4f49-b7f9-36fc34a3c98f;name;Кировец Агробот;catalog_export_v4.csv;CSV;row 94 / Название;ORGANIZER_CSV;HIGH;Raw organizer value preserved.
product;3ab89426-fb2c-4f49-b7f9-36fc34a3c98f;manufacturer;"АО ""Петербургский Тракторный Завод""";catalog_export_v4.csv;CSV;row 94 / компания;ORGANIZER_CSV;HIGH;Raw organizer value preserved.
product;3ab89426-fb2c-4f49-b7f9-36fc34a3c98f;system_family;BRS;catalog_export_v4.csv;CSV;row 94 / тип;ORGANIZER_CSV;HIGH;Normalized only from organizer token `brs`.
product;3ab89426-fb2c-4f49-b7f9-36fc34a3c98f;maturity_status;RND;catalog_export_v4.csv;CSV;row 94 / статус;ORGANIZER_CSV;HIGH;Normalized only from organizer token `rnd`.
product;3ab89426-fb2c-4f49-b7f9-36fc34a3c98f;trl;6;catalog_export_v4.csv;CSV;row 94 / УГТ;ORGANIZER_CSV;HIGH;Organizer value normalized to integer when possible.
product;3ab89426-fb2c-4f49-b7f9-36fc34a3c98f;market_potential;3.0;catalog_export_v4.csv;CSV;row 94 / Рын Потенциал;ORGANIZER_CSV;HIGH;Organizer value normalized to numeric representation.
product;3ab89426-fb2c-4f49-b7f9-36fc34a3c98f;type;Автономные наземные транспортные средства;catalog_export_v4.csv;CSV;row 94 / Тип;ORGANIZER_CSV;HIGH;Raw organizer value preserved.
product;3ab89426-fb2c-4f49-b7f9-36fc34a3c98f;subtype;Беспилотный трактор;catalog_export_v4.csv;CSV;row 94 / Подтип;ORGANIZER_CSV;HIGH;Raw organizer value preserved.
applicability;app-v4-row-0094;industries;Сельское хозяйство;catalog_export_v4.csv;CSV;row 94 / Отрасль;ORGANIZER_CSV;HIGH;Raw organizer applicability value.
applicability;app-v4-row-0094;use_cases;Сбор урожая;catalog_export_v4.csv;CSV;row 94 / Сценарий;ORGANIZER_CSV;HIGH;Raw organizer applicability value.
applicability;app-v4-row-0094;regions;Санкт-Петербург;catalog_export_v4.csv;CSV;row 94 / Регион;ORGANIZER_CSV;HIGH;Raw organizer applicability value.
applicability;app-v4-row-0094;case_evidence;Анонсирован выпуск полностью беспилотных тракторов «Петербургским тракторным заводом» в опытно-промышленную эксплуатацию к 2030 году.;catalog_export_v4.csv;CSV;row 94 / Кейсы;ORGANIZER_CSV;HIGH;Raw organizer case text.
price_offer;price-v4-row-0094;raw_price;20 000 000,00;catalog_export_v4.csv;CSV;row 94 / Цена изделия;ORGANIZER_CSV;HIGH;Raw price preserved exactly.
price_offer;price-v4-row-0094;normalized_amount;20000000.00;catalog_export_v4.csv;CSV;row 94 / Цена изделия;NORMALIZED_FROM_ORGANIZER;HIGH;"Decimal comma/space normalization only; currency not inferred."
price_offer;price-v4-row-0094;vat_status;ORGANIZER_ASSUMPTION_INCLUDED;Дополнения для участников.pdf;page 4;prices assumed VAT-inclusive;ORGANIZER_ASSUMPTION;MEDIUM;Assumption from addendum, not confirmed per-offer fact.
price_offer;price-v4-row-0094;excluded_costs;delivery | commissioning/start-up | deep IT integration;Дополнения для участников.pdf;page 4;delivery, commissioning and deep integration excluded;ORGANIZER_ASSUMPTION;HIGH;Explicit addendum exclusion applied to each raw price offer.
product;74469f3b-8248-46ce-bcd4-34cd8731921c;name;Интеллектуальный робот-манипулятор для автоматического сбора томатов;catalog_export_v4.csv;CSV;row 95 / Название;ORGANIZER_CSV;HIGH;Raw organizer value preserved.
product;74469f3b-8248-46ce-bcd4-34cd8731921c;manufacturer;Новосибирский Государственный Университет;catalog_export_v4.csv;CSV;row 95 / компания;ORGANIZER_CSV;HIGH;Raw organizer value preserved.
product;74469f3b-8248-46ce-bcd4-34cd8731921c;system_family;BRS;catalog_export_v4.csv;CSV;row 95 / тип;ORGANIZER_CSV;HIGH;Normalized only from organizer token `brs`.
product;74469f3b-8248-46ce-bcd4-34cd8731921c;maturity_status;RND;catalog_export_v4.csv;CSV;row 95 / статус;ORGANIZER_CSV;HIGH;Normalized only from organizer token `rnd`.
product;74469f3b-8248-46ce-bcd4-34cd8731921c;trl;5;catalog_export_v4.csv;CSV;row 95 / УГТ;ORGANIZER_CSV;HIGH;Organizer value normalized to integer when possible.
product;74469f3b-8248-46ce-bcd4-34cd8731921c;market_potential;2.0;catalog_export_v4.csv;CSV;row 95 / Рын Потенциал;ORGANIZER_CSV;HIGH;Organizer value normalized to numeric representation.
product;74469f3b-8248-46ce-bcd4-34cd8731921c;type;Роботы-манипуляторы;catalog_export_v4.csv;CSV;row 95 / Тип;ORGANIZER_CSV;HIGH;Raw organizer value preserved.
product;74469f3b-8248-46ce-bcd4-34cd8731921c;subtype;Робот для сбора плодов;catalog_export_v4.csv;CSV;row 95 / Подтип;ORGANIZER_CSV;HIGH;Raw organizer value preserved.
applicability;app-v4-row-0095;industries;Сельское хозяйство;catalog_export_v4.csv;CSV;row 95 / Отрасль;ORGANIZER_CSV;HIGH;Raw organizer applicability value.
applicability;app-v4-row-0095;use_cases;Сбор урожая;catalog_export_v4.csv;CSV;row 95 / Сценарий;ORGANIZER_CSV;HIGH;Raw organizer applicability value.
applicability;app-v4-row-0095;regions;Новосибирская область;catalog_export_v4.csv;CSV;row 95 / Регион;ORGANIZER_CSV;HIGH;Raw organizer applicability value.
applicability;app-v4-row-0095;case_evidence;Новосибирский госуниверситет разработал робота-манипулятора с компьютерным зрением для автоматического сбора томатов в теплицах.;catalog_export_v4.csv;CSV;row 95 / Кейсы;ORGANIZER_CSV;HIGH;Raw organizer case text.
price_offer;price-v4-row-0095;raw_price;2 500 000,00;catalog_export_v4.csv;CSV;row 95 / Цена изделия;ORGANIZER_CSV;HIGH;Raw price preserved exactly.
price_offer;price-v4-row-0095;normalized_amount;2500000.00;catalog_export_v4.csv;CSV;row 95 / Цена изделия;NORMALIZED_FROM_ORGANIZER;HIGH;"Decimal comma/space normalization only; currency not inferred."
price_offer;price-v4-row-0095;vat_status;ORGANIZER_ASSUMPTION_INCLUDED;Дополнения для участников.pdf;page 4;prices assumed VAT-inclusive;ORGANIZER_ASSUMPTION;MEDIUM;Assumption from addendum, not confirmed per-offer fact.
price_offer;price-v4-row-0095;excluded_costs;delivery | commissioning/start-up | deep IT integration;Дополнения для участников.pdf;page 4;delivery, commissioning and deep integration excluded;ORGANIZER_ASSUMPTION;HIGH;Explicit addendum exclusion applied to each raw price offer.
product;4469b185-99a3-4ba0-a95a-d5dd6946303a;name;Система автоматизированного сбора ягод с использованием группы мобильных роботов;catalog_export_v4.csv;CSV;row 96 / Название;ORGANIZER_CSV;HIGH;Raw organizer value preserved.
product;4469b185-99a3-4ba0-a95a-d5dd6946303a;manufacturer;"ФГАОУ ВО ""ПНИПУ""";catalog_export_v4.csv;CSV;row 96 / компания;ORGANIZER_CSV;HIGH;Raw organizer value preserved.
product;4469b185-99a3-4ba0-a95a-d5dd6946303a;system_family;BRS;catalog_export_v4.csv;CSV;row 96 / тип;ORGANIZER_CSV;HIGH;Normalized only from organizer token `brs`.
product;4469b185-99a3-4ba0-a95a-d5dd6946303a;maturity_status;RND;catalog_export_v4.csv;CSV;row 96 / статус;ORGANIZER_CSV;HIGH;Normalized only from organizer token `rnd`.
product;4469b185-99a3-4ba0-a95a-d5dd6946303a;trl;4;catalog_export_v4.csv;CSV;row 96 / УГТ;ORGANIZER_CSV;HIGH;Organizer value normalized to integer when possible.
product;4469b185-99a3-4ba0-a95a-d5dd6946303a;market_potential;2.0;catalog_export_v4.csv;CSV;row 96 / Рын Потенциал;ORGANIZER_CSV;HIGH;Organizer value normalized to numeric representation.
product;4469b185-99a3-4ba0-a95a-d5dd6946303a;type;Другое;catalog_export_v4.csv;CSV;row 96 / Тип;ORGANIZER_CSV;HIGH;Raw organizer value preserved.
product;4469b185-99a3-4ba0-a95a-d5dd6946303a;subtype;Робот для сбора плодов;catalog_export_v4.csv;CSV;row 96 / Подтип;ORGANIZER_CSV;HIGH;Raw organizer value preserved.
applicability;app-v4-row-0096;industries;Сельское хозяйство;catalog_export_v4.csv;CSV;row 96 / Отрасль;ORGANIZER_CSV;HIGH;Raw organizer applicability value.
applicability;app-v4-row-0096;use_cases;Сбор урожая;catalog_export_v4.csv;CSV;row 96 / Сценарий;ORGANIZER_CSV;HIGH;Raw organizer applicability value.
applicability;app-v4-row-0096;regions;Пермский край;catalog_export_v4.csv;CSV;row 96 / Регион;ORGANIZER_CSV;HIGH;Raw organizer applicability value.
applicability;app-v4-row-0096;case_evidence;Ученые разработали систему из трех типов роботов для автоматизации сбора ягод: разведчики с компьютерным зрением, манипуляторы-сборщики и транспортные агенты.;catalog_export_v4.csv;CSV;row 96 / Кейсы;ORGANIZER_CSV;HIGH;Raw organizer case text.
price_offer;price-v4-row-0096;raw_price;2 500 000,00;catalog_export_v4.csv;CSV;row 96 / Цена изделия;ORGANIZER_CSV;HIGH;Raw price preserved exactly.
price_offer;price-v4-row-0096;normalized_amount;2500000.00;catalog_export_v4.csv;CSV;row 96 / Цена изделия;NORMALIZED_FROM_ORGANIZER;HIGH;"Decimal comma/space normalization only; currency not inferred."
price_offer;price-v4-row-0096;vat_status;ORGANIZER_ASSUMPTION_INCLUDED;Дополнения для участников.pdf;page 4;prices assumed VAT-inclusive;ORGANIZER_ASSUMPTION;MEDIUM;Assumption from addendum, not confirmed per-offer fact.
price_offer;price-v4-row-0096;excluded_costs;delivery | commissioning/start-up | deep IT integration;Дополнения для участников.pdf;page 4;delivery, commissioning and deep integration excluded;ORGANIZER_ASSUMPTION;HIGH;Explicit addendum exclusion applied to each raw price offer.
product;98ceb2a0-f777-48ef-9863-3f9a80f8a237;name;COGNITIVE AGRO PILOT для трактора с ИИ;catalog_export_v4.csv;CSV;row 97 / Название;ORGANIZER_CSV;HIGH;Raw organizer value preserved.
product;98ceb2a0-f777-48ef-9863-3f9a80f8a237;manufacturer;"АО ""Когнитив Пилот""";catalog_export_v4.csv;CSV;row 97 / компания;ORGANIZER_CSV;HIGH;Raw organizer value preserved.
product;98ceb2a0-f777-48ef-9863-3f9a80f8a237;system_family;SOFTWARE;catalog_export_v4.csv;CSV;row 97 / тип;ORGANIZER_CSV;HIGH;Normalized only from organizer token `software`.
product;98ceb2a0-f777-48ef-9863-3f9a80f8a237;maturity_status;PILOTING;catalog_export_v4.csv;CSV;row 97 / статус;ORGANIZER_CSV;HIGH;Normalized only from organizer token `piloting`.
product;98ceb2a0-f777-48ef-9863-3f9a80f8a237;trl;6;catalog_export_v4.csv;CSV;row 97 / УГТ;ORGANIZER_CSV;HIGH;Organizer value normalized to integer when possible.
product;98ceb2a0-f777-48ef-9863-3f9a80f8a237;market_potential;4.0;catalog_export_v4.csv;CSV;row 97 / Рын Потенциал;ORGANIZER_CSV;HIGH;Organizer value normalized to numeric representation.
product;98ceb2a0-f777-48ef-9863-3f9a80f8a237;type;ПО БРС;catalog_export_v4.csv;CSV;row 97 / Тип;ORGANIZER_CSV;HIGH;Raw organizer value preserved.
product;98ceb2a0-f777-48ef-9863-3f9a80f8a237;subtype;Робот для анализа сельхозземель;catalog_export_v4.csv;CSV;row 97 / Подтип;ORGANIZER_CSV;HIGH;Raw organizer value preserved.
product;98ceb2a0-f777-48ef-9863-3f9a80f8a237;description.raw;Система автономного управления сельхозтехникой на базе искусственного интеллекта (совместная разработка Сбера и Cognitive Technologies). Она объединяет компьютерное зрение и спутниковую навигацию, позволяя тракторам работать без участия человека с точностью до 1 см.;catalog_export_v4.csv;CSV;row 97 / описание;ORGANIZER_CSV;HIGH;Raw organizer description preserved without rewriting.
applicability;app-v4-row-0097;industries;Сельское хозяйство;catalog_export_v4.csv;CSV;row 97 / Отрасль;ORGANIZER_CSV;HIGH;Raw organizer applicability value.
applicability;app-v4-row-0097;use_cases;Внесение веществ на поля;catalog_export_v4.csv;CSV;row 97 / Сценарий;ORGANIZER_CSV;HIGH;Raw organizer applicability value.
applicability;app-v4-row-0097;regions;Москва;catalog_export_v4.csv;CSV;row 97 / Регион;ORGANIZER_CSV;HIGH;Raw organizer applicability value.
applicability;app-v4-row-0097;case_evidence;Cognitive Pilot разработала робота с ИИ для экспресс-анализа сельхозземель, который за 12 часов выдает результаты по 100 параметрам почвы, что позволило экономить удобрения до 25%.;catalog_export_v4.csv;CSV;row 97 / Кейсы;ORGANIZER_CSV;HIGH;Raw organizer case text.
price_offer;price-v4-row-0097;raw_price;1 250 000,00;catalog_export_v4.csv;CSV;row 97 / Цена изделия;ORGANIZER_CSV;HIGH;Raw price preserved exactly.
price_offer;price-v4-row-0097;normalized_amount;1250000.00;catalog_export_v4.csv;CSV;row 97 / Цена изделия;NORMALIZED_FROM_ORGANIZER;HIGH;"Decimal comma/space normalization only; currency not inferred."
price_offer;price-v4-row-0097;vat_status;ORGANIZER_ASSUMPTION_INCLUDED;Дополнения для участников.pdf;page 4;prices assumed VAT-inclusive;ORGANIZER_ASSUMPTION;MEDIUM;Assumption from addendum, not confirmed per-offer fact.
price_offer;price-v4-row-0097;excluded_costs;delivery | commissioning/start-up | deep IT integration;Дополнения для участников.pdf;page 4;delivery, commissioning and deep integration excluded;ORGANIZER_ASSUMPTION;HIGH;Explicit addendum exclusion applied to each raw price offer.
product;cbaf82f3-3cf4-4ac8-9b8f-eddfdeb337ce;name;А-50;catalog_export_v4.csv;CSV;row 98 / Название;ORGANIZER_CSV;HIGH;Raw organizer value preserved.
product;cbaf82f3-3cf4-4ac8-9b8f-eddfdeb337ce;manufacturer;"ООО ""Аэромакс""";catalog_export_v4.csv;CSV;row 98 / компания;ORGANIZER_CSV;HIGH;Raw organizer value preserved.
product;cbaf82f3-3cf4-4ac8-9b8f-eddfdeb337ce;system_family;BAS;catalog_export_v4.csv;CSV;row 98 / тип;ORGANIZER_CSV;HIGH;Normalized only from organizer token `bas`.
product;cbaf82f3-3cf4-4ac8-9b8f-eddfdeb337ce;maturity_status;OPERATION;catalog_export_v4.csv;CSV;row 98 / статус;ORGANIZER_CSV;HIGH;Normalized only from organizer token `operation`.
product;cbaf82f3-3cf4-4ac8-9b8f-eddfdeb337ce;trl;8;catalog_export_v4.csv;CSV;row 98 / УГТ;ORGANIZER_CSV;HIGH;Organizer value normalized to integer when possible.
product;cbaf82f3-3cf4-4ac8-9b8f-eddfdeb337ce;market_potential;3.0;catalog_export_v4.csv;CSV;row 98 / Рын Потенциал;ORGANIZER_CSV;HIGH;Organizer value normalized to numeric representation.
product;cbaf82f3-3cf4-4ac8-9b8f-eddfdeb337ce;subtype;Мультиротор;catalog_export_v4.csv;CSV;row 98 / Подтип;ORGANIZER_CSV;HIGH;Raw organizer value preserved.
applicability;app-v4-row-0098;industries;Сельское хозяйство;catalog_export_v4.csv;CSV;row 98 / Отрасль;ORGANIZER_CSV;HIGH;Raw organizer applicability value.
applicability;app-v4-row-0098;use_cases;Внесение веществ на поля, Мониторинг и анализ состояния посевов и полей;catalog_export_v4.csv;CSV;row 98 / Сценарий;ORGANIZER_CSV;HIGH;Raw organizer applicability value.
applicability;app-v4-row-0098;regions;Москва;catalog_export_v4.csv;CSV;row 98 / Регион;ORGANIZER_CSV;HIGH;Raw organizer applicability value.
applicability;app-v4-row-0098;case_evidence;Агродрон регулярно проводит мониторинг на полях в Калининграде;catalog_export_v4.csv;CSV;row 98 / Кейсы;ORGANIZER_CSV;HIGH;Raw organizer case text.
price_offer;price-v4-row-0098;raw_price;5 500 000,00;catalog_export_v4.csv;CSV;row 98 / Цена изделия;ORGANIZER_CSV;HIGH;Raw price preserved exactly.
price_offer;price-v4-row-0098;normalized_amount;5500000.00;catalog_export_v4.csv;CSV;row 98 / Цена изделия;NORMALIZED_FROM_ORGANIZER;HIGH;"Decimal comma/space normalization only; currency not inferred."
price_offer;price-v4-row-0098;vat_status;ORGANIZER_ASSUMPTION_INCLUDED;Дополнения для участников.pdf;page 4;prices assumed VAT-inclusive;ORGANIZER_ASSUMPTION;MEDIUM;Assumption from addendum, not confirmed per-offer fact.
price_offer;price-v4-row-0098;excluded_costs;delivery | commissioning/start-up | deep IT integration;Дополнения для участников.pdf;page 4;delivery, commissioning and deep integration excluded;ORGANIZER_ASSUMPTION;HIGH;Explicit addendum exclusion applied to each raw price offer.
product;1aaa2bd1-c536-41e1-80f0-0f81ab1455b5;name;ИРБИС;catalog_export_v4.csv;CSV;row 99 / Название;ORGANIZER_CSV;HIGH;Raw organizer value preserved.
product;1aaa2bd1-c536-41e1-80f0-0f81ab1455b5;manufacturer;"ООО ""Прикладная Робототехника""";catalog_export_v4.csv;CSV;row 99 / компания;ORGANIZER_CSV;HIGH;Raw organizer value preserved.
product;1aaa2bd1-c536-41e1-80f0-0f81ab1455b5;system_family;BRS;catalog_export_v4.csv;CSV;row 99 / тип;ORGANIZER_CSV;HIGH;Normalized only from organizer token `brs`.
product;1aaa2bd1-c536-41e1-80f0-0f81ab1455b5;maturity_status;PILOTING;catalog_export_v4.csv;CSV;row 99 / статус;ORGANIZER_CSV;HIGH;Normalized only from organizer token `piloting`.
product;1aaa2bd1-c536-41e1-80f0-0f81ab1455b5;trl;7;catalog_export_v4.csv;CSV;row 99 / УГТ;ORGANIZER_CSV;HIGH;Organizer value normalized to integer when possible.
product;1aaa2bd1-c536-41e1-80f0-0f81ab1455b5;market_potential;3.0;catalog_export_v4.csv;CSV;row 99 / Рын Потенциал;ORGANIZER_CSV;HIGH;Organizer value normalized to numeric representation.
product;1aaa2bd1-c536-41e1-80f0-0f81ab1455b5;type;Мобильные роботы;catalog_export_v4.csv;CSV;row 99 / Тип;ORGANIZER_CSV;HIGH;Raw organizer value preserved.
product;1aaa2bd1-c536-41e1-80f0-0f81ab1455b5;subtype;Мобильный робототехнический комплекс высокой проходимости;catalog_export_v4.csv;CSV;row 99 / Подтип;ORGANIZER_CSV;HIGH;Raw organizer value preserved.
product;1aaa2bd1-c536-41e1-80f0-0f81ab1455b5;description.raw;"«Ирбис» — это мобильная платформа высокой проходимости на базе гусеничного шасси с амортизирующей подвеской. Она способна перевозить до 300 кг полезной нагрузки. Скорость передвижения 18 км/ч.
Ключевая особенность комплекса — автономная работа без участия оператора и сигналов спутниковой навигации (GNSS). Это достигается за счёт системы технического зрения, которая в режиме реального времени обрабатывает данные с камер. 
";catalog_export_v4.csv;CSV;row 99 / описание;ORGANIZER_CSV;HIGH;Raw organizer description preserved without rewriting.
applicability;app-v4-row-0099;industries;Сельское хозяйство;catalog_export_v4.csv;CSV;row 99 / Отрасль;ORGANIZER_CSV;HIGH;Raw organizer applicability value.
applicability;app-v4-row-0099;use_cases;Мониторинг и анализ состояния посевов и полей;catalog_export_v4.csv;CSV;row 99 / Сценарий;ORGANIZER_CSV;HIGH;Raw organizer applicability value.
applicability;app-v4-row-0099;regions;Москва;catalog_export_v4.csv;CSV;row 99 / Регион;ORGANIZER_CSV;HIGH;Raw organizer applicability value.
applicability;app-v4-row-0099;case_evidence;Российские технические и аграрные университеты проводят тестирования автономных систем (включая лаборатории робототехники профильных вузов, таких как МТУСИ, Московский Политех, региональные аграрные институты).;catalog_export_v4.csv;CSV;row 99 / Кейсы;ORGANIZER_CSV;HIGH;Raw organizer case text.
price_offer;price-v4-row-0099;raw_price;7 500 000,00;catalog_export_v4.csv;CSV;row 99 / Цена изделия;ORGANIZER_CSV;HIGH;Raw price preserved exactly.
price_offer;price-v4-row-0099;normalized_amount;7500000.00;catalog_export_v4.csv;CSV;row 99 / Цена изделия;NORMALIZED_FROM_ORGANIZER;HIGH;"Decimal comma/space normalization only; currency not inferred."
price_offer;price-v4-row-0099;vat_status;ORGANIZER_ASSUMPTION_INCLUDED;Дополнения для участников.pdf;page 4;prices assumed VAT-inclusive;ORGANIZER_ASSUMPTION;MEDIUM;Assumption from addendum, not confirmed per-offer fact.
price_offer;price-v4-row-0099;excluded_costs;delivery | commissioning/start-up | deep IT integration;Дополнения для участников.pdf;page 4;delivery, commissioning and deep integration excluded;ORGANIZER_ASSUMPTION;HIGH;Explicit addendum exclusion applied to each raw price offer.
product;bec9e863-0c3d-44cc-a656-766a323a9746;name;Внутритрубные роботизированные системы Тьюбот;catalog_export_v4.csv;CSV;row 100 / Название;ORGANIZER_CSV;HIGH;Raw organizer value preserved.
product;bec9e863-0c3d-44cc-a656-766a323a9746;manufacturer;"ООО ""Тьюбот""";catalog_export_v4.csv;CSV;row 100 / компания;ORGANIZER_CSV;HIGH;Raw organizer value preserved.
product;bec9e863-0c3d-44cc-a656-766a323a9746;system_family;BRS;catalog_export_v4.csv;CSV;row 100 / тип;ORGANIZER_CSV;HIGH;Normalized only from organizer token `brs`.
product;bec9e863-0c3d-44cc-a656-766a323a9746;maturity_status;OPERATION;catalog_export_v4.csv;CSV;row 100 / статус;ORGANIZER_CSV;HIGH;Normalized only from organizer token `operation`.
product;bec9e863-0c3d-44cc-a656-766a323a9746;trl;9;catalog_export_v4.csv;CSV;row 100 / УГТ;ORGANIZER_CSV;HIGH;Organizer value normalized to integer when possible.
product;bec9e863-0c3d-44cc-a656-766a323a9746;market_potential;4.0;catalog_export_v4.csv;CSV;row 100 / Рын Потенциал;ORGANIZER_CSV;HIGH;Organizer value normalized to numeric representation.
product;bec9e863-0c3d-44cc-a656-766a323a9746;type;Мобильные роботы;catalog_export_v4.csv;CSV;row 100 / Тип;ORGANIZER_CSV;HIGH;Raw organizer value preserved.
product;bec9e863-0c3d-44cc-a656-766a323a9746;subtype;Внутритрубные роботизированные системы;catalog_export_v4.csv;CSV;row 100 / Подтип;ORGANIZER_CSV;HIGH;Raw organizer value preserved.
product;bec9e863-0c3d-44cc-a656-766a323a9746;description.raw;Роботы TUBOT созданы для сегмента unpiggable — сложных, разветвленных заводских и городских сетей, которые раньше приходилось проверять только снаружи (что требовало раскопок или демонтажа). Робот передвигается внутри пустых или заполненных сред за счет собственного автономного тягового модуля.;catalog_export_v4.csv;CSV;row 100 / описание;ORGANIZER_CSV;HIGH;Raw organizer description preserved without rewriting.
applicability;app-v4-row-0100;industries;ЖКХ;catalog_export_v4.csv;CSV;row 100 / Отрасль;ORGANIZER_CSV;HIGH;Raw organizer applicability value.
applicability;app-v4-row-0100;use_cases;Внутритрубная диагностика;catalog_export_v4.csv;CSV;row 100 / Сценарий;ORGANIZER_CSV;HIGH;Raw organizer applicability value.
applicability;app-v4-row-0100;regions;Москва;catalog_export_v4.csv;CSV;row 100 / Регион;ORGANIZER_CSV;HIGH;Raw organizer applicability value.
applicability;app-v4-row-0100;case_evidence;Проводились испытания в водоканале в Москве, где робот Tubot успешно проинспектировал действующий коллектор без остановки стоков и спуска персонала. В результате была подтверждена возможность автономной диагностики труб диаметром от 800 мм в условиях реальной городской инфраструктуры;catalog_export_v4.csv;CSV;row 100 / Кейсы;ORGANIZER_CSV;HIGH;Raw organizer case text.
price_offer;price-v4-row-0100;raw_price;3 500 000,00;catalog_export_v4.csv;CSV;row 100 / Цена изделия;ORGANIZER_CSV;HIGH;Raw price preserved exactly.
price_offer;price-v4-row-0100;normalized_amount;3500000.00;catalog_export_v4.csv;CSV;row 100 / Цена изделия;NORMALIZED_FROM_ORGANIZER;HIGH;"Decimal comma/space normalization only; currency not inferred."
price_offer;price-v4-row-0100;vat_status;ORGANIZER_ASSUMPTION_INCLUDED;Дополнения для участников.pdf;page 4;prices assumed VAT-inclusive;ORGANIZER_ASSUMPTION;MEDIUM;Assumption from addendum, not confirmed per-offer fact.
price_offer;price-v4-row-0100;excluded_costs;delivery | commissioning/start-up | deep IT integration;Дополнения для участников.pdf;page 4;delivery, commissioning and deep integration excluded;ORGANIZER_ASSUMPTION;HIGH;Explicit addendum exclusion applied to each raw price offer.
product;08ff32f6-6023-4b20-b528-322678f43910;name;Серия Sigma (100D, 150, 200, 250А);catalog_export_v4.csv;CSV;row 101 / Название;ORGANIZER_CSV;HIGH;Raw organizer value preserved.
product;08ff32f6-6023-4b20-b528-322678f43910;manufacturer;"ООО ""Тарис""";catalog_export_v4.csv;CSV;row 101 / компания;ORGANIZER_CSV;HIGH;Raw organizer value preserved.
product;08ff32f6-6023-4b20-b528-322678f43910;system_family;BRS;catalog_export_v4.csv;CSV;row 101 / тип;ORGANIZER_CSV;HIGH;Normalized only from organizer token `brs`.
product;08ff32f6-6023-4b20-b528-322678f43910;maturity_status;OPERATION;catalog_export_v4.csv;CSV;row 101 / статус;ORGANIZER_CSV;HIGH;Normalized only from organizer token `operation`.
product;08ff32f6-6023-4b20-b528-322678f43910;trl;9;catalog_export_v4.csv;CSV;row 101 / УГТ;ORGANIZER_CSV;HIGH;Organizer value normalized to integer when possible.
product;08ff32f6-6023-4b20-b528-322678f43910;market_potential;4.0;catalog_export_v4.csv;CSV;row 101 / Рын Потенциал;ORGANIZER_CSV;HIGH;Organizer value normalized to numeric representation.
product;08ff32f6-6023-4b20-b528-322678f43910;type;Мобильные роботы;catalog_export_v4.csv;CSV;row 101 / Тип;ORGANIZER_CSV;HIGH;Raw organizer value preserved.
product;08ff32f6-6023-4b20-b528-322678f43910;subtype;Внутритрубные роботизированные системы;catalog_export_v4.csv;CSV;row 101 / Подтип;ORGANIZER_CSV;HIGH;Raw organizer value preserved.
applicability;app-v4-row-0101;industries;ЖКХ;catalog_export_v4.csv;CSV;row 101 / Отрасль;ORGANIZER_CSV;HIGH;Raw organizer applicability value.
applicability;app-v4-row-0101;use_cases;Внутритрубная диагностика;catalog_export_v4.csv;CSV;row 101 / Сценарий;ORGANIZER_CSV;HIGH;Raw organizer applicability value.
applicability;app-v4-row-0101;regions;Московская область;catalog_export_v4.csv;CSV;row 101 / Регион;ORGANIZER_CSV;HIGH;Raw organizer applicability value.
applicability;app-v4-row-0101;case_evidence;Применен плавучий модуль W-350 с автономным роботом Taris в Благовещенске для телеинспекции ливневой канализации диаметром от 150 до 3000 мм.;catalog_export_v4.csv;CSV;row 101 / Кейсы;ORGANIZER_CSV;HIGH;Raw organizer case text.
price_offer;price-v4-row-0101;raw_price;3 000 000,00;catalog_export_v4.csv;CSV;row 101 / Цена изделия;ORGANIZER_CSV;HIGH;Raw price preserved exactly.
price_offer;price-v4-row-0101;normalized_amount;3000000.00;catalog_export_v4.csv;CSV;row 101 / Цена изделия;NORMALIZED_FROM_ORGANIZER;HIGH;"Decimal comma/space normalization only; currency not inferred."
price_offer;price-v4-row-0101;vat_status;ORGANIZER_ASSUMPTION_INCLUDED;Дополнения для участников.pdf;page 4;prices assumed VAT-inclusive;ORGANIZER_ASSUMPTION;MEDIUM;Assumption from addendum, not confirmed per-offer fact.
price_offer;price-v4-row-0101;excluded_costs;delivery | commissioning/start-up | deep IT integration;Дополнения для участников.pdf;page 4;delivery, commissioning and deep integration excluded;ORGANIZER_ASSUMPTION;HIGH;Explicit addendum exclusion applied to each raw price offer.
product;807309a0-adcf-46ae-a3ea-bd211588c856;name;Роботизированный диагностический комплекс;catalog_export_v4.csv;CSV;row 102 / Название;ORGANIZER_CSV;HIGH;Raw organizer value preserved.
product;807309a0-adcf-46ae-a3ea-bd211588c856;manufacturer;"АО ""Диаконт""";catalog_export_v4.csv;CSV;row 102 / компания;ORGANIZER_CSV;HIGH;Raw organizer value preserved.
product;807309a0-adcf-46ae-a3ea-bd211588c856;system_family;BRS;catalog_export_v4.csv;CSV;row 102 / тип;ORGANIZER_CSV;HIGH;Normalized only from organizer token `brs`.
product;807309a0-adcf-46ae-a3ea-bd211588c856;maturity_status;OPERATION;catalog_export_v4.csv;CSV;row 102 / статус;ORGANIZER_CSV;HIGH;Normalized only from organizer token `operation`.
product;807309a0-adcf-46ae-a3ea-bd211588c856;trl;9;catalog_export_v4.csv;CSV;row 102 / УГТ;ORGANIZER_CSV;HIGH;Organizer value normalized to integer when possible.
product;807309a0-adcf-46ae-a3ea-bd211588c856;market_potential;4.0;catalog_export_v4.csv;CSV;row 102 / Рын Потенциал;ORGANIZER_CSV;HIGH;Organizer value normalized to numeric representation.
product;807309a0-adcf-46ae-a3ea-bd211588c856;type;Мобильные роботы;catalog_export_v4.csv;CSV;row 102 / Тип;ORGANIZER_CSV;HIGH;Raw organizer value preserved.
product;807309a0-adcf-46ae-a3ea-bd211588c856;subtype;Роботы для диагностики теплосетей;catalog_export_v4.csv;CSV;row 102 / Подтип;ORGANIZER_CSV;HIGH;Raw organizer value preserved.
applicability;app-v4-row-0102;industries;ЖКХ;catalog_export_v4.csv;CSV;row 102 / Отрасль;ORGANIZER_CSV;HIGH;Raw organizer applicability value.
applicability;app-v4-row-0102;use_cases;Внутритрубная диагностика;catalog_export_v4.csv;CSV;row 102 / Сценарий;ORGANIZER_CSV;HIGH;Raw organizer applicability value.
applicability;app-v4-row-0102;regions;Санкт-Петербург;catalog_export_v4.csv;CSV;row 102 / Регион;ORGANIZER_CSV;HIGH;Raw organizer applicability value.
applicability;app-v4-row-0102;case_evidence;Завершена внутритрубная диагностика с помощью роботов тепломагистралей протяженностью 18,3 км перед отопительным сезоном. Предотвращены технологические нарушения на 54 участках.;catalog_export_v4.csv;CSV;row 102 / Кейсы;ORGANIZER_CSV;HIGH;Raw organizer case text.
price_offer;price-v4-row-0102;raw_price;8 000 000,00;catalog_export_v4.csv;CSV;row 102 / Цена изделия;ORGANIZER_CSV;HIGH;Raw price preserved exactly.
price_offer;price-v4-row-0102;normalized_amount;8000000.00;catalog_export_v4.csv;CSV;row 102 / Цена изделия;NORMALIZED_FROM_ORGANIZER;HIGH;"Decimal comma/space normalization only; currency not inferred."
price_offer;price-v4-row-0102;vat_status;ORGANIZER_ASSUMPTION_INCLUDED;Дополнения для участников.pdf;page 4;prices assumed VAT-inclusive;ORGANIZER_ASSUMPTION;MEDIUM;Assumption from addendum, not confirmed per-offer fact.
price_offer;price-v4-row-0102;excluded_costs;delivery | commissioning/start-up | deep IT integration;Дополнения для участников.pdf;page 4;delivery, commissioning and deep integration excluded;ORGANIZER_ASSUMPTION;HIGH;Explicit addendum exclusion applied to each raw price offer.
product;32bea36f-5198-4f16-a167-2e47acd63bd9;name;Внутренняя диагностика труб ЖКХ;catalog_export_v4.csv;CSV;row 103 / Название;ORGANIZER_CSV;HIGH;Raw organizer value preserved.
product;32bea36f-5198-4f16-a167-2e47acd63bd9;manufacturer;"ООО ""Юникон""";catalog_export_v4.csv;CSV;row 103 / компания;ORGANIZER_CSV;HIGH;Raw organizer value preserved.
product;32bea36f-5198-4f16-a167-2e47acd63bd9;system_family;BRS;catalog_export_v4.csv;CSV;row 103 / тип;ORGANIZER_CSV;HIGH;Normalized only from organizer token `brs`.
product;32bea36f-5198-4f16-a167-2e47acd63bd9;maturity_status;OPERATION;catalog_export_v4.csv;CSV;row 103 / статус;ORGANIZER_CSV;HIGH;Normalized only from organizer token `operation`.
product;32bea36f-5198-4f16-a167-2e47acd63bd9;trl;9;catalog_export_v4.csv;CSV;row 103 / УГТ;ORGANIZER_CSV;HIGH;Organizer value normalized to integer when possible.
product;32bea36f-5198-4f16-a167-2e47acd63bd9;market_potential;3.0;catalog_export_v4.csv;CSV;row 103 / Рын Потенциал;ORGANIZER_CSV;HIGH;Organizer value normalized to numeric representation.
product;32bea36f-5198-4f16-a167-2e47acd63bd9;type;Мобильные роботы;catalog_export_v4.csv;CSV;row 103 / Тип;ORGANIZER_CSV;HIGH;Raw organizer value preserved.
product;32bea36f-5198-4f16-a167-2e47acd63bd9;subtype;Роботизированная теплоинспекция трубопроводов;catalog_export_v4.csv;CSV;row 103 / Подтип;ORGANIZER_CSV;HIGH;Raw organizer value preserved.
applicability;app-v4-row-0103;industries;ЖКХ;catalog_export_v4.csv;CSV;row 103 / Отрасль;ORGANIZER_CSV;HIGH;Raw organizer applicability value.
applicability;app-v4-row-0103;use_cases;Внутритрубная диагностика;catalog_export_v4.csv;CSV;row 103 / Сценарий;ORGANIZER_CSV;HIGH;Raw organizer applicability value.
applicability;app-v4-row-0103;regions;Москва;catalog_export_v4.csv;CSV;row 103 / Регион;ORGANIZER_CSV;HIGH;Raw organizer applicability value.
applicability;app-v4-row-0103;case_evidence;Впервые проведено обследование тепловых сетей в городе Орел с применением метода внутритрубной диагностики на основе акустического резонанса.;catalog_export_v4.csv;CSV;row 103 / Кейсы;ORGANIZER_CSV;HIGH;Raw organizer case text.
price_offer;price-v4-row-0103;raw_price;2 700 000,00;catalog_export_v4.csv;CSV;row 103 / Цена изделия;ORGANIZER_CSV;HIGH;Raw price preserved exactly.
price_offer;price-v4-row-0103;normalized_amount;2700000.00;catalog_export_v4.csv;CSV;row 103 / Цена изделия;NORMALIZED_FROM_ORGANIZER;HIGH;"Decimal comma/space normalization only; currency not inferred."
price_offer;price-v4-row-0103;vat_status;ORGANIZER_ASSUMPTION_INCLUDED;Дополнения для участников.pdf;page 4;prices assumed VAT-inclusive;ORGANIZER_ASSUMPTION;MEDIUM;Assumption from addendum, not confirmed per-offer fact.
price_offer;price-v4-row-0103;excluded_costs;delivery | commissioning/start-up | deep IT integration;Дополнения для участников.pdf;page 4;delivery, commissioning and deep integration excluded;ORGANIZER_ASSUMPTION;HIGH;Explicit addendum exclusion applied to each raw price offer.
product;f0e502e3-5771-4464-a1df-97110801c7c3;name;Беспилотный бульдозер;catalog_export_v4.csv;CSV;row 104 / Название;ORGANIZER_CSV;HIGH;Raw organizer value preserved.
product;f0e502e3-5771-4464-a1df-97110801c7c3;manufacturer;"ООО ""ДСТ-УРАЛ""";catalog_export_v4.csv;CSV;row 104 / компания;ORGANIZER_CSV;HIGH;Raw organizer value preserved.
product;f0e502e3-5771-4464-a1df-97110801c7c3;system_family;BRS;catalog_export_v4.csv;CSV;row 104 / тип;ORGANIZER_CSV;HIGH;Normalized only from organizer token `brs`.
product;f0e502e3-5771-4464-a1df-97110801c7c3;maturity_status;OPERATION;catalog_export_v4.csv;CSV;row 104 / статус;ORGANIZER_CSV;HIGH;Normalized only from organizer token `operation`.
product;f0e502e3-5771-4464-a1df-97110801c7c3;trl;9;catalog_export_v4.csv;CSV;row 104 / УГТ;ORGANIZER_CSV;HIGH;Organizer value normalized to integer when possible.
product;f0e502e3-5771-4464-a1df-97110801c7c3;market_potential;2.0;catalog_export_v4.csv;CSV;row 104 / Рын Потенциал;ORGANIZER_CSV;HIGH;Organizer value normalized to numeric representation.
product;f0e502e3-5771-4464-a1df-97110801c7c3;type;Автономные наземные транспортные средства;catalog_export_v4.csv;CSV;row 104 / Тип;ORGANIZER_CSV;HIGH;Raw organizer value preserved.
product;f0e502e3-5771-4464-a1df-97110801c7c3;subtype;Беспилотный бульдозер;catalog_export_v4.csv;CSV;row 104 / Подтип;ORGANIZER_CSV;HIGH;Raw organizer value preserved.
applicability;app-v4-row-0104;industries;ЖКХ;catalog_export_v4.csv;CSV;row 104 / Отрасль;ORGANIZER_CSV;HIGH;Raw organizer applicability value.
applicability;app-v4-row-0104;use_cases;Ремонт дорожного покрытия;catalog_export_v4.csv;CSV;row 104 / Сценарий;ORGANIZER_CSV;HIGH;Raw organizer applicability value.
applicability;app-v4-row-0104;regions;Челябинская область;catalog_export_v4.csv;CSV;row 104 / Регион;ORGANIZER_CSV;HIGH;Raw organizer applicability value.
applicability;app-v4-row-0104;case_evidence;Челябинский тракторный завод (ДСТ-УРАЛ) впервые применил беспилотные бульдозер, самосвал и экскаватор при реконструкции федеральной трассы М-5.;catalog_export_v4.csv;CSV;row 104 / Кейсы;ORGANIZER_CSV;HIGH;Raw organizer case text.
price_offer;price-v4-row-0104;raw_price;8 600 000,00;catalog_export_v4.csv;CSV;row 104 / Цена изделия;ORGANIZER_CSV;HIGH;Raw price preserved exactly.
price_offer;price-v4-row-0104;normalized_amount;8600000.00;catalog_export_v4.csv;CSV;row 104 / Цена изделия;NORMALIZED_FROM_ORGANIZER;HIGH;"Decimal comma/space normalization only; currency not inferred."
price_offer;price-v4-row-0104;vat_status;ORGANIZER_ASSUMPTION_INCLUDED;Дополнения для участников.pdf;page 4;prices assumed VAT-inclusive;ORGANIZER_ASSUMPTION;MEDIUM;Assumption from addendum, not confirmed per-offer fact.
price_offer;price-v4-row-0104;excluded_costs;delivery | commissioning/start-up | deep IT integration;Дополнения для участников.pdf;page 4;delivery, commissioning and deep integration excluded;ORGANIZER_ASSUMPTION;HIGH;Explicit addendum exclusion applied to each raw price offer.
product;ba5d2051-3036-439f-8b2e-e05e26581fe6;name;БРО 2.1;catalog_export_v4.csv;CSV;row 105 / Название;ORGANIZER_CSV;HIGH;Raw organizer value preserved.
product;ba5d2051-3036-439f-8b2e-e05e26581fe6;manufacturer;"АО ""168Роботикс""";catalog_export_v4.csv;CSV;row 105 / компания;ORGANIZER_CSV;HIGH;Raw organizer value preserved.
product;ba5d2051-3036-439f-8b2e-e05e26581fe6;system_family;BRS;catalog_export_v4.csv;CSV;row 105 / тип;ORGANIZER_CSV;HIGH;Normalized only from organizer token `brs`.
product;ba5d2051-3036-439f-8b2e-e05e26581fe6;maturity_status;OPERATION;catalog_export_v4.csv;CSV;row 105 / статус;ORGANIZER_CSV;HIGH;Normalized only from organizer token `operation`.
product;ba5d2051-3036-439f-8b2e-e05e26581fe6;trl;8;catalog_export_v4.csv;CSV;row 105 / УГТ;ORGANIZER_CSV;HIGH;Organizer value normalized to integer when possible.
product;ba5d2051-3036-439f-8b2e-e05e26581fe6;market_potential;4.0;catalog_export_v4.csv;CSV;row 105 / Рын Потенциал;ORGANIZER_CSV;HIGH;Organizer value normalized to numeric representation.
product;ba5d2051-3036-439f-8b2e-e05e26581fe6;type;Мобильные роботы;catalog_export_v4.csv;CSV;row 105 / Тип;ORGANIZER_CSV;HIGH;Raw organizer value preserved.
product;ba5d2051-3036-439f-8b2e-e05e26581fe6;subtype;Робот-уборщик;catalog_export_v4.csv;CSV;row 105 / Подтип;ORGANIZER_CSV;HIGH;Raw organizer value preserved.
product;ba5d2051-3036-439f-8b2e-e05e26581fe6;description.raw;Автономный уличный робот-пылесос, разработанный компанией 168robotics. Он создан для автоматизированной вакуумной уборки тротуаров, парковых зон, дворов и промышленных территорий.;catalog_export_v4.csv;CSV;row 105 / описание;ORGANIZER_CSV;HIGH;Raw organizer description preserved without rewriting.
applicability;app-v4-row-0105;industries;ЖКХ;catalog_export_v4.csv;CSV;row 105 / Отрасль;ORGANIZER_CSV;HIGH;Raw organizer applicability value.
applicability;app-v4-row-0105;use_cases;Уборка улиц;catalog_export_v4.csv;CSV;row 105 / Сценарий;ORGANIZER_CSV;HIGH;Raw organizer applicability value.
applicability;app-v4-row-0105;regions;Москва;catalog_export_v4.csv;CSV;row 105 / Регион;ORGANIZER_CSV;HIGH;Raw organizer applicability value.
applicability;app-v4-row-0105;case_evidence;Проведена апробация робота БРО 2.1 в парковой зоне загородного отеля для патрулирования и деликатной очистки территории, включая участки со сложным рельефом.;catalog_export_v4.csv;CSV;row 105 / Кейсы;ORGANIZER_CSV;HIGH;Raw organizer case text.
price_offer;price-v4-row-0105;raw_price;15 000 000,00;catalog_export_v4.csv;CSV;row 105 / Цена изделия;ORGANIZER_CSV;HIGH;Raw price preserved exactly.
price_offer;price-v4-row-0105;normalized_amount;15000000.00;catalog_export_v4.csv;CSV;row 105 / Цена изделия;NORMALIZED_FROM_ORGANIZER;HIGH;"Decimal comma/space normalization only; currency not inferred."
price_offer;price-v4-row-0105;vat_status;ORGANIZER_ASSUMPTION_INCLUDED;Дополнения для участников.pdf;page 4;prices assumed VAT-inclusive;ORGANIZER_ASSUMPTION;MEDIUM;Assumption from addendum, not confirmed per-offer fact.
price_offer;price-v4-row-0105;excluded_costs;delivery | commissioning/start-up | deep IT integration;Дополнения для участников.pdf;page 4;delivery, commissioning and deep integration excluded;ORGANIZER_ASSUMPTION;HIGH;Explicit addendum exclusion applied to each raw price offer.
product;ef375ca1-8de1-4a8d-9262-c1a6b71f0333;name;БРО 3.0;catalog_export_v4.csv;CSV;row 106 / Название;ORGANIZER_CSV;HIGH;Raw organizer value preserved.
product;ef375ca1-8de1-4a8d-9262-c1a6b71f0333;manufacturer;"АО ""168Роботикс""";catalog_export_v4.csv;CSV;row 106 / компания;ORGANIZER_CSV;HIGH;Raw organizer value preserved.
product;ef375ca1-8de1-4a8d-9262-c1a6b71f0333;system_family;BRS;catalog_export_v4.csv;CSV;row 106 / тип;ORGANIZER_CSV;HIGH;Normalized only from organizer token `brs`.
product;ef375ca1-8de1-4a8d-9262-c1a6b71f0333;maturity_status;RND;catalog_export_v4.csv;CSV;row 106 / статус;ORGANIZER_CSV;HIGH;Normalized only from organizer token `rnd`.
product;ef375ca1-8de1-4a8d-9262-c1a6b71f0333;trl;7;catalog_export_v4.csv;CSV;row 106 / УГТ;ORGANIZER_CSV;HIGH;Organizer value normalized to integer when possible.
product;ef375ca1-8de1-4a8d-9262-c1a6b71f0333;market_potential;4.0;catalog_export_v4.csv;CSV;row 106 / Рын Потенциал;ORGANIZER_CSV;HIGH;Organizer value normalized to numeric representation.
product;ef375ca1-8de1-4a8d-9262-c1a6b71f0333;type;Мобильные роботы;catalog_export_v4.csv;CSV;row 106 / Тип;ORGANIZER_CSV;HIGH;Raw organizer value preserved.
product;ef375ca1-8de1-4a8d-9262-c1a6b71f0333;subtype;Робот-уборщик;catalog_export_v4.csv;CSV;row 106 / Подтип;ORGANIZER_CSV;HIGH;Raw organizer value preserved.
product;ef375ca1-8de1-4a8d-9262-c1a6b71f0333;description.raw;Универсальная многофункциональная роботизированная платформа. В отличие от узкоспециализированной версии БРО 2.1, модель 3.0 способна решать задачи круглогодично благодаря системе сменных навесных модулей.;catalog_export_v4.csv;CSV;row 106 / описание;ORGANIZER_CSV;HIGH;Raw organizer description preserved without rewriting.
applicability;app-v4-row-0106;industries;ЖКХ;catalog_export_v4.csv;CSV;row 106 / Отрасль;ORGANIZER_CSV;HIGH;Raw organizer applicability value.
applicability;app-v4-row-0106;use_cases;Уборка улиц;catalog_export_v4.csv;CSV;row 106 / Сценарий;ORGANIZER_CSV;HIGH;Raw organizer applicability value.
applicability;app-v4-row-0106;regions;Москва;catalog_export_v4.csv;CSV;row 106 / Регион;ORGANIZER_CSV;HIGH;Raw organizer applicability value.
applicability;app-v4-row-0106;case_evidence;Проведены испытания робота БРО 3.0 на площадке Московского инновационного кластера (ВДНХ), включавшие ночные миссии и уборку поверхностей с повышенной влажностью.;catalog_export_v4.csv;CSV;row 106 / Кейсы;ORGANIZER_CSV;HIGH;Raw organizer case text.
price_offer;price-v4-row-0106;raw_price;15 000 000,00;catalog_export_v4.csv;CSV;row 106 / Цена изделия;ORGANIZER_CSV;HIGH;Raw price preserved exactly.
price_offer;price-v4-row-0106;normalized_amount;15000000.00;catalog_export_v4.csv;CSV;row 106 / Цена изделия;NORMALIZED_FROM_ORGANIZER;HIGH;"Decimal comma/space normalization only; currency not inferred."
price_offer;price-v4-row-0106;vat_status;ORGANIZER_ASSUMPTION_INCLUDED;Дополнения для участников.pdf;page 4;prices assumed VAT-inclusive;ORGANIZER_ASSUMPTION;MEDIUM;Assumption from addendum, not confirmed per-offer fact.
price_offer;price-v4-row-0106;excluded_costs;delivery | commissioning/start-up | deep IT integration;Дополнения для участников.pdf;page 4;delivery, commissioning and deep integration excluded;ORGANIZER_ASSUMPTION;HIGH;Explicit addendum exclusion applied to each raw price offer.
product;2f46660e-ea20-4845-9620-8c743b03225b;name;Пиксель;catalog_export_v4.csv;CSV;row 107 / Название;ORGANIZER_CSV;HIGH;Raw organizer value preserved.
product;2f46660e-ea20-4845-9620-8c743b03225b;manufacturer;"ООО ""Автономика""";catalog_export_v4.csv;CSV;row 107 / компания;ORGANIZER_CSV;HIGH;Raw organizer value preserved.
product;2f46660e-ea20-4845-9620-8c743b03225b;system_family;BRS;catalog_export_v4.csv;CSV;row 107 / тип;ORGANIZER_CSV;HIGH;Normalized only from organizer token `brs`.
product;2f46660e-ea20-4845-9620-8c743b03225b;maturity_status;RND;catalog_export_v4.csv;CSV;row 107 / статус;ORGANIZER_CSV;HIGH;Normalized only from organizer token `rnd`.
product;2f46660e-ea20-4845-9620-8c743b03225b;trl;7;catalog_export_v4.csv;CSV;row 107 / УГТ;ORGANIZER_CSV;HIGH;Organizer value normalized to integer when possible.
product;2f46660e-ea20-4845-9620-8c743b03225b;market_potential;4.0;catalog_export_v4.csv;CSV;row 107 / Рын Потенциал;ORGANIZER_CSV;HIGH;Organizer value normalized to numeric representation.
product;2f46660e-ea20-4845-9620-8c743b03225b;type;Мобильные роботы;catalog_export_v4.csv;CSV;row 107 / Тип;ORGANIZER_CSV;HIGH;Raw organizer value preserved.
product;2f46660e-ea20-4845-9620-8c743b03225b;subtype;Робот-уборщик;catalog_export_v4.csv;CSV;row 107 / Подтип;ORGANIZER_CSV;HIGH;Raw organizer value preserved.
product;2f46660e-ea20-4845-9620-8c743b03225b;description.raw;Автономный беспилотный робот-уборщик. Робот представляет собой универсальную электрическую модульную платформу, созданную для круглогодичной уборки парков, дворов, пешеходных зон и тротуаров;catalog_export_v4.csv;CSV;row 107 / описание;ORGANIZER_CSV;HIGH;Raw organizer description preserved without rewriting.
applicability;app-v4-row-0107;industries;ЖКХ;catalog_export_v4.csv;CSV;row 107 / Отрасль;ORGANIZER_CSV;HIGH;Raw organizer applicability value.
applicability;app-v4-row-0107;use_cases;Уборка улиц;catalog_export_v4.csv;CSV;row 107 / Сценарий;ORGANIZER_CSV;HIGH;Raw organizer applicability value.
applicability;app-v4-row-0107;regions;Москва;catalog_export_v4.csv;CSV;row 107 / Регион;ORGANIZER_CSV;HIGH;Raw organizer applicability value.
applicability;app-v4-row-0107;case_evidence;Завершена интеграция 30 роботов «Пиксель» в инфраструктуру пяти парков Москвы для уборки территорий. В результате проект вышел в стадию промышленной эксплуатации.;catalog_export_v4.csv;CSV;row 107 / Кейсы;ORGANIZER_CSV;HIGH;Raw organizer case text.
price_offer;price-v4-row-0107;raw_price;15 600 000,00;catalog_export_v4.csv;CSV;row 107 / Цена изделия;ORGANIZER_CSV;HIGH;Raw price preserved exactly.
price_offer;price-v4-row-0107;normalized_amount;15600000.00;catalog_export_v4.csv;CSV;row 107 / Цена изделия;NORMALIZED_FROM_ORGANIZER;HIGH;"Decimal comma/space normalization only; currency not inferred."
price_offer;price-v4-row-0107;vat_status;ORGANIZER_ASSUMPTION_INCLUDED;Дополнения для участников.pdf;page 4;prices assumed VAT-inclusive;ORGANIZER_ASSUMPTION;MEDIUM;Assumption from addendum, not confirmed per-offer fact.
price_offer;price-v4-row-0107;excluded_costs;delivery | commissioning/start-up | deep IT integration;Дополнения для участников.pdf;page 4;delivery, commissioning and deep integration excluded;ORGANIZER_ASSUMPTION;HIGH;Explicit addendum exclusion applied to each raw price offer.
product;d4b39362-518a-4cf2-8770-b69bc03585a0;name;Веном Саранча;catalog_export_v4.csv;CSV;row 108 / Название;ORGANIZER_CSV;HIGH;Raw organizer value preserved.
product;d4b39362-518a-4cf2-8770-b69bc03585a0;manufacturer;"ООО ""Робком""";catalog_export_v4.csv;CSV;row 108 / компания;ORGANIZER_CSV;HIGH;Raw organizer value preserved.
product;d4b39362-518a-4cf2-8770-b69bc03585a0;system_family;BRS;catalog_export_v4.csv;CSV;row 108 / тип;ORGANIZER_CSV;HIGH;Normalized only from organizer token `brs`.
product;d4b39362-518a-4cf2-8770-b69bc03585a0;maturity_status;PILOTING;catalog_export_v4.csv;CSV;row 108 / статус;ORGANIZER_CSV;HIGH;Normalized only from organizer token `piloting`.
product;d4b39362-518a-4cf2-8770-b69bc03585a0;trl;7;catalog_export_v4.csv;CSV;row 108 / УГТ;ORGANIZER_CSV;HIGH;Organizer value normalized to integer when possible.
product;d4b39362-518a-4cf2-8770-b69bc03585a0;market_potential;3.0;catalog_export_v4.csv;CSV;row 108 / Рын Потенциал;ORGANIZER_CSV;HIGH;Organizer value normalized to numeric representation.
product;d4b39362-518a-4cf2-8770-b69bc03585a0;type;Мобильные роботы;catalog_export_v4.csv;CSV;row 108 / Тип;ORGANIZER_CSV;HIGH;Raw organizer value preserved.
product;d4b39362-518a-4cf2-8770-b69bc03585a0;subtype;Робот уборщик;catalog_export_v4.csv;CSV;row 108 / Подтип;ORGANIZER_CSV;HIGH;Raw organizer value preserved.
applicability;app-v4-row-0108;industries;ЖКХ;catalog_export_v4.csv;CSV;row 108 / Отрасль;ORGANIZER_CSV;HIGH;Raw organizer applicability value.
applicability;app-v4-row-0108;use_cases;Уборка улиц;catalog_export_v4.csv;CSV;row 108 / Сценарий;ORGANIZER_CSV;HIGH;Raw organizer applicability value.
applicability;app-v4-row-0108;regions;Новосибирская область;catalog_export_v4.csv;CSV;row 108 / Регион;ORGANIZER_CSV;HIGH;Raw organizer applicability value.
applicability;app-v4-row-0108;case_evidence;Протестирован роботизированный комплекс «Саранча» для борьбы с дикорастущими растениями и поддержания городской среды.;catalog_export_v4.csv;CSV;row 108 / Кейсы;ORGANIZER_CSV;HIGH;Raw organizer case text.
price_offer;price-v4-row-0108;raw_price;3 000 000,00;catalog_export_v4.csv;CSV;row 108 / Цена изделия;ORGANIZER_CSV;HIGH;Raw price preserved exactly.
price_offer;price-v4-row-0108;normalized_amount;3000000.00;catalog_export_v4.csv;CSV;row 108 / Цена изделия;NORMALIZED_FROM_ORGANIZER;HIGH;"Decimal comma/space normalization only; currency not inferred."
price_offer;price-v4-row-0108;vat_status;ORGANIZER_ASSUMPTION_INCLUDED;Дополнения для участников.pdf;page 4;prices assumed VAT-inclusive;ORGANIZER_ASSUMPTION;MEDIUM;Assumption from addendum, not confirmed per-offer fact.
price_offer;price-v4-row-0108;excluded_costs;delivery | commissioning/start-up | deep IT integration;Дополнения для участников.pdf;page 4;delivery, commissioning and deep integration excluded;ORGANIZER_ASSUMPTION;HIGH;Explicit addendum exclusion applied to each raw price offer.
product;5cecfb84-143b-4af7-89fb-afbf57403792;name;МАРК;catalog_export_v4.csv;CSV;row 109 / Название;ORGANIZER_CSV;HIGH;Raw organizer value preserved.
product;5cecfb84-143b-4af7-89fb-afbf57403792;manufacturer;"ООО ""Виафор""";catalog_export_v4.csv;CSV;row 109 / компания;ORGANIZER_CSV;HIGH;Raw organizer value preserved.
product;5cecfb84-143b-4af7-89fb-afbf57403792;system_family;BRS;catalog_export_v4.csv;CSV;row 109 / тип;ORGANIZER_CSV;HIGH;Normalized only from organizer token `brs`.
product;5cecfb84-143b-4af7-89fb-afbf57403792;maturity_status;PILOTING;catalog_export_v4.csv;CSV;row 109 / статус;ORGANIZER_CSV;HIGH;Normalized only from organizer token `piloting`.
product;5cecfb84-143b-4af7-89fb-afbf57403792;trl;7;catalog_export_v4.csv;CSV;row 109 / УГТ;ORGANIZER_CSV;HIGH;Organizer value normalized to integer when possible.
product;5cecfb84-143b-4af7-89fb-afbf57403792;market_potential;3.0;catalog_export_v4.csv;CSV;row 109 / Рын Потенциал;ORGANIZER_CSV;HIGH;Organizer value normalized to numeric representation.
product;5cecfb84-143b-4af7-89fb-afbf57403792;type;Мобильные роботы;catalog_export_v4.csv;CSV;row 109 / Тип;ORGANIZER_CSV;HIGH;Raw organizer value preserved.
product;5cecfb84-143b-4af7-89fb-afbf57403792;subtype;Робот уборщик;catalog_export_v4.csv;CSV;row 109 / Подтип;ORGANIZER_CSV;HIGH;Raw organizer value preserved.
applicability;app-v4-row-0109;industries;ЖКХ;catalog_export_v4.csv;CSV;row 109 / Отрасль;ORGANIZER_CSV;HIGH;Raw organizer applicability value.
applicability;app-v4-row-0109;use_cases;Уборка улиц;catalog_export_v4.csv;CSV;row 109 / Сценарий;ORGANIZER_CSV;HIGH;Raw organizer applicability value.
applicability;app-v4-row-0109;regions;Краснодарский край;catalog_export_v4.csv;CSV;row 109 / Регион;ORGANIZER_CSV;HIGH;Raw organizer applicability value.
applicability;app-v4-row-0109;case_evidence;Проведены полевые испытания роботизированного комплекса «МАРК» с уровнем локализации более 90% в Геленджике для уборки парков, тротуаров и парковок.;catalog_export_v4.csv;CSV;row 109 / Кейсы;ORGANIZER_CSV;HIGH;Raw organizer case text.
price_offer;price-v4-row-0109;raw_price;4 500 000,00;catalog_export_v4.csv;CSV;row 109 / Цена изделия;ORGANIZER_CSV;HIGH;Raw price preserved exactly.
price_offer;price-v4-row-0109;normalized_amount;4500000.00;catalog_export_v4.csv;CSV;row 109 / Цена изделия;NORMALIZED_FROM_ORGANIZER;HIGH;"Decimal comma/space normalization only; currency not inferred."
price_offer;price-v4-row-0109;vat_status;ORGANIZER_ASSUMPTION_INCLUDED;Дополнения для участников.pdf;page 4;prices assumed VAT-inclusive;ORGANIZER_ASSUMPTION;MEDIUM;Assumption from addendum, not confirmed per-offer fact.
price_offer;price-v4-row-0109;excluded_costs;delivery | commissioning/start-up | deep IT integration;Дополнения для участников.pdf;page 4;delivery, commissioning and deep integration excluded;ORGANIZER_ASSUMPTION;HIGH;Explicit addendum exclusion applied to each raw price offer.
product;0b9f76be-8213-4938-9661-2bb669dc3d33;name;Депеша-3;catalog_export_v4.csv;CSV;row 110 / Название;ORGANIZER_CSV;HIGH;Raw organizer value preserved.
product;0b9f76be-8213-4938-9661-2bb669dc3d33;manufacturer;АО «НПO «Высoкoтoчные кoмплексы»;catalog_export_v4.csv;CSV;row 110 / компания;ORGANIZER_CSV;HIGH;Raw organizer value preserved.
product;0b9f76be-8213-4938-9661-2bb669dc3d33;system_family;BRS;catalog_export_v4.csv;CSV;row 110 / тип;ORGANIZER_CSV;HIGH;Normalized only from organizer token `brs`.
product;0b9f76be-8213-4938-9661-2bb669dc3d33;maturity_status;PILOTING;catalog_export_v4.csv;CSV;row 110 / статус;ORGANIZER_CSV;HIGH;Normalized only from organizer token `piloting`.
product;0b9f76be-8213-4938-9661-2bb669dc3d33;trl;7;catalog_export_v4.csv;CSV;row 110 / УГТ;ORGANIZER_CSV;HIGH;Organizer value normalized to integer when possible.
product;0b9f76be-8213-4938-9661-2bb669dc3d33;market_potential;3.0;catalog_export_v4.csv;CSV;row 110 / Рын Потенциал;ORGANIZER_CSV;HIGH;Organizer value normalized to numeric representation.
product;0b9f76be-8213-4938-9661-2bb669dc3d33;type;Мобильные роботы;catalog_export_v4.csv;CSV;row 110 / Тип;ORGANIZER_CSV;HIGH;Raw organizer value preserved.
product;0b9f76be-8213-4938-9661-2bb669dc3d33;subtype;Робот-уборщик;catalog_export_v4.csv;CSV;row 110 / Подтип;ORGANIZER_CSV;HIGH;Raw organizer value preserved.
applicability;app-v4-row-0110;industries;ЖКХ;catalog_export_v4.csv;CSV;row 110 / Отрасль;ORGANIZER_CSV;HIGH;Raw organizer applicability value.
applicability;app-v4-row-0110;use_cases;Уборка улиц;catalog_export_v4.csv;CSV;row 110 / Сценарий;ORGANIZER_CSV;HIGH;Raw organizer applicability value.
applicability;app-v4-row-0110;regions;Москва;catalog_export_v4.csv;CSV;row 110 / Регион;ORGANIZER_CSV;HIGH;Raw organizer applicability value.
applicability;app-v4-row-0110;case_evidence;"Новые модификации наземного робототехнического комплекса ""Депеша-3"" впервые представлены на форуме ""Инженеры будущего"" холдингом ""Высокоточные комплексы"" госкорпорации ""Ростех"".  Робот способен убирать снег, а так же в перспективе иметь различное навесное оборудование для различных типов задач";catalog_export_v4.csv;CSV;row 110 / Кейсы;ORGANIZER_CSV;HIGH;Raw organizer case text.
price_offer;price-v4-row-0110;raw_price;5 000 000,00;catalog_export_v4.csv;CSV;row 110 / Цена изделия;ORGANIZER_CSV;HIGH;Raw price preserved exactly.
price_offer;price-v4-row-0110;normalized_amount;5000000.00;catalog_export_v4.csv;CSV;row 110 / Цена изделия;NORMALIZED_FROM_ORGANIZER;HIGH;"Decimal comma/space normalization only; currency not inferred."
price_offer;price-v4-row-0110;vat_status;ORGANIZER_ASSUMPTION_INCLUDED;Дополнения для участников.pdf;page 4;prices assumed VAT-inclusive;ORGANIZER_ASSUMPTION;MEDIUM;Assumption from addendum, not confirmed per-offer fact.
price_offer;price-v4-row-0110;excluded_costs;delivery | commissioning/start-up | deep IT integration;Дополнения для участников.pdf;page 4;delivery, commissioning and deep integration excluded;ORGANIZER_ASSUMPTION;HIGH;Explicit addendum exclusion applied to each raw price offer.
product;1625ac11-76d0-4994-a86a-e0a540453984;name;Astramis SurfexUnit;catalog_export_v4.csv;CSV;row 111 / Название;ORGANIZER_CSV;HIGH;Raw organizer value preserved.
product;1625ac11-76d0-4994-a86a-e0a540453984;manufacturer;"АО ""Астрамис""";catalog_export_v4.csv;CSV;row 111 / компания;ORGANIZER_CSV;HIGH;Raw organizer value preserved.
product;1625ac11-76d0-4994-a86a-e0a540453984;system_family;BRS;catalog_export_v4.csv;CSV;row 111 / тип;ORGANIZER_CSV;HIGH;Normalized only from organizer token `brs`.
product;1625ac11-76d0-4994-a86a-e0a540453984;maturity_status;RND;catalog_export_v4.csv;CSV;row 111 / статус;ORGANIZER_CSV;HIGH;Normalized only from organizer token `rnd`.
product;1625ac11-76d0-4994-a86a-e0a540453984;trl;5;catalog_export_v4.csv;CSV;row 111 / УГТ;ORGANIZER_CSV;HIGH;Organizer value normalized to integer when possible.
product;1625ac11-76d0-4994-a86a-e0a540453984;market_potential;3.0;catalog_export_v4.csv;CSV;row 111 / Рын Потенциал;ORGANIZER_CSV;HIGH;Organizer value normalized to numeric representation.
product;1625ac11-76d0-4994-a86a-e0a540453984;type;Мобильные роботы;catalog_export_v4.csv;CSV;row 111 / Тип;ORGANIZER_CSV;HIGH;Raw organizer value preserved.
product;1625ac11-76d0-4994-a86a-e0a540453984;subtype;Робот-уборщик;catalog_export_v4.csv;CSV;row 111 / Подтип;ORGANIZER_CSV;HIGH;Raw organizer value preserved.
product;1625ac11-76d0-4994-a86a-e0a540453984;description.raw;Автоматизированный робот на гусеничном ходу, специально разработанный для глубокой очистки, сбора мусора и дезинфекции.;catalog_export_v4.csv;CSV;row 111 / описание;ORGANIZER_CSV;HIGH;Raw organizer description preserved without rewriting.
applicability;app-v4-row-0111;industries;ЖКХ;catalog_export_v4.csv;CSV;row 111 / Отрасль;ORGANIZER_CSV;HIGH;Raw organizer applicability value.
applicability;app-v4-row-0111;use_cases;Уборка улиц;catalog_export_v4.csv;CSV;row 111 / Сценарий;ORGANIZER_CSV;HIGH;Raw organizer applicability value.
applicability;app-v4-row-0111;regions;Москва;catalog_export_v4.csv;CSV;row 111 / Регион;ORGANIZER_CSV;HIGH;Raw organizer applicability value.
applicability;app-v4-row-0111;case_evidence;Производителем протестирован робот, предназначенный для сухой уборки складов, заводов и логистических центров. Срок окупаемости робота составляет менее года.;catalog_export_v4.csv;CSV;row 111 / Кейсы;ORGANIZER_CSV;HIGH;Raw organizer case text.
price_offer;price-v4-row-0111;raw_price;3 000 000,00;catalog_export_v4.csv;CSV;row 111 / Цена изделия;ORGANIZER_CSV;HIGH;Raw price preserved exactly.
price_offer;price-v4-row-0111;normalized_amount;3000000.00;catalog_export_v4.csv;CSV;row 111 / Цена изделия;NORMALIZED_FROM_ORGANIZER;HIGH;"Decimal comma/space normalization only; currency not inferred."
price_offer;price-v4-row-0111;vat_status;ORGANIZER_ASSUMPTION_INCLUDED;Дополнения для участников.pdf;page 4;prices assumed VAT-inclusive;ORGANIZER_ASSUMPTION;MEDIUM;Assumption from addendum, not confirmed per-offer fact.
price_offer;price-v4-row-0111;excluded_costs;delivery | commissioning/start-up | deep IT integration;Дополнения для участников.pdf;page 4;delivery, commissioning and deep integration excluded;ORGANIZER_ASSUMPTION;HIGH;Explicit addendum exclusion applied to each raw price offer.
product;94795e84-261d-456f-a58c-66b3e79a8213;name;Беспилотный каток;catalog_export_v4.csv;CSV;row 112 / Название;ORGANIZER_CSV;HIGH;Raw organizer value preserved.
product;94795e84-261d-456f-a58c-66b3e79a8213;manufacturer;"АО ""Раскат""";catalog_export_v4.csv;CSV;row 112 / компания;ORGANIZER_CSV;HIGH;Raw organizer value preserved.
product;94795e84-261d-456f-a58c-66b3e79a8213;system_family;BRS;catalog_export_v4.csv;CSV;row 112 / тип;ORGANIZER_CSV;HIGH;Normalized only from organizer token `brs`.
product;94795e84-261d-456f-a58c-66b3e79a8213;maturity_status;PILOTING;catalog_export_v4.csv;CSV;row 112 / статус;ORGANIZER_CSV;HIGH;Normalized only from organizer token `piloting`.
product;94795e84-261d-456f-a58c-66b3e79a8213;trl;8;catalog_export_v4.csv;CSV;row 112 / УГТ;ORGANIZER_CSV;HIGH;Organizer value normalized to integer when possible.
product;94795e84-261d-456f-a58c-66b3e79a8213;market_potential;4.0;catalog_export_v4.csv;CSV;row 112 / Рын Потенциал;ORGANIZER_CSV;HIGH;Organizer value normalized to numeric representation.
product;94795e84-261d-456f-a58c-66b3e79a8213;type;Автономные наземные транспортные средства;catalog_export_v4.csv;CSV;row 112 / Тип;ORGANIZER_CSV;HIGH;Raw organizer value preserved.
product;94795e84-261d-456f-a58c-66b3e79a8213;subtype;Беспилотный каток;catalog_export_v4.csv;CSV;row 112 / Подтип;ORGANIZER_CSV;HIGH;Raw organizer value preserved.
applicability;app-v4-row-0112;industries;ЖКХ;catalog_export_v4.csv;CSV;row 112 / Отрасль;ORGANIZER_CSV;HIGH;Raw organizer applicability value.
applicability;app-v4-row-0112;use_cases;Дорожные работы;catalog_export_v4.csv;CSV;row 112 / Сценарий;ORGANIZER_CSV;HIGH;Raw organizer applicability value.
applicability;app-v4-row-0112;regions;Ярославская область;catalog_export_v4.csv;CSV;row 112 / Регион;ORGANIZER_CSV;HIGH;Raw organizer applicability value.
applicability;app-v4-row-0112;case_evidence;Созданы первые в России автоматизированные катки на базе RV-7DD и RV-11DD и автономный асфальтоукладчик «Десна 2100» для дорожного строительства.;catalog_export_v4.csv;CSV;row 112 / Кейсы;ORGANIZER_CSV;HIGH;Raw organizer case text.
price_offer;price-v4-row-0112;raw_price;12 000 000,00;catalog_export_v4.csv;CSV;row 112 / Цена изделия;ORGANIZER_CSV;HIGH;Raw price preserved exactly.
price_offer;price-v4-row-0112;normalized_amount;12000000.00;catalog_export_v4.csv;CSV;row 112 / Цена изделия;NORMALIZED_FROM_ORGANIZER;HIGH;"Decimal comma/space normalization only; currency not inferred."
price_offer;price-v4-row-0112;vat_status;ORGANIZER_ASSUMPTION_INCLUDED;Дополнения для участников.pdf;page 4;prices assumed VAT-inclusive;ORGANIZER_ASSUMPTION;MEDIUM;Assumption from addendum, not confirmed per-offer fact.
price_offer;price-v4-row-0112;excluded_costs;delivery | commissioning/start-up | deep IT integration;Дополнения для участников.pdf;page 4;delivery, commissioning and deep integration excluded;ORGANIZER_ASSUMPTION;HIGH;Explicit addendum exclusion applied to each raw price offer.
product;f2b0dca0-0e77-454d-8d41-d6198a2a82b8;name;Беспилотный асфальтоукладчик;catalog_export_v4.csv;CSV;row 113 / Название;ORGANIZER_CSV;HIGH;Raw organizer value preserved.
product;f2b0dca0-0e77-454d-8d41-d6198a2a82b8;manufacturer;"ООО ""НПО ГКМП""";catalog_export_v4.csv;CSV;row 113 / компания;ORGANIZER_CSV;HIGH;Raw organizer value preserved.
product;f2b0dca0-0e77-454d-8d41-d6198a2a82b8;system_family;BRS;catalog_export_v4.csv;CSV;row 113 / тип;ORGANIZER_CSV;HIGH;Normalized only from organizer token `brs`.
product;f2b0dca0-0e77-454d-8d41-d6198a2a82b8;maturity_status;PILOTING;catalog_export_v4.csv;CSV;row 113 / статус;ORGANIZER_CSV;HIGH;Normalized only from organizer token `piloting`.
product;f2b0dca0-0e77-454d-8d41-d6198a2a82b8;trl;8;catalog_export_v4.csv;CSV;row 113 / УГТ;ORGANIZER_CSV;HIGH;Organizer value normalized to integer when possible.
product;f2b0dca0-0e77-454d-8d41-d6198a2a82b8;market_potential;3.0;catalog_export_v4.csv;CSV;row 113 / Рын Потенциал;ORGANIZER_CSV;HIGH;Organizer value normalized to numeric representation.
product;f2b0dca0-0e77-454d-8d41-d6198a2a82b8;type;Автономные наземные транспортные средства;catalog_export_v4.csv;CSV;row 113 / Тип;ORGANIZER_CSV;HIGH;Raw organizer value preserved.
product;f2b0dca0-0e77-454d-8d41-d6198a2a82b8;subtype;Беспилотный асфальтоукладчик;catalog_export_v4.csv;CSV;row 113 / Подтип;ORGANIZER_CSV;HIGH;Raw organizer value preserved.
applicability;app-v4-row-0113;industries;ЖКХ;catalog_export_v4.csv;CSV;row 113 / Отрасль;ORGANIZER_CSV;HIGH;Raw organizer applicability value.
applicability;app-v4-row-0113;use_cases;Дорожные работы;catalog_export_v4.csv;CSV;row 113 / Сценарий;ORGANIZER_CSV;HIGH;Raw organizer applicability value.
applicability;app-v4-row-0113;regions;Брянская область;catalog_export_v4.csv;CSV;row 113 / Регион;ORGANIZER_CSV;HIGH;Raw organizer applicability value.
applicability;app-v4-row-0113;case_evidence;Разработан роботизированный асфальтоукладчик для полностью автономного распределения смеси по заданной траектории с точностью до 2 см.;catalog_export_v4.csv;CSV;row 113 / Кейсы;ORGANIZER_CSV;HIGH;Raw organizer case text.
price_offer;price-v4-row-0113;raw_price;12 000 000,00;catalog_export_v4.csv;CSV;row 113 / Цена изделия;ORGANIZER_CSV;HIGH;Raw price preserved exactly.
price_offer;price-v4-row-0113;normalized_amount;12000000.00;catalog_export_v4.csv;CSV;row 113 / Цена изделия;NORMALIZED_FROM_ORGANIZER;HIGH;"Decimal comma/space normalization only; currency not inferred."
price_offer;price-v4-row-0113;vat_status;ORGANIZER_ASSUMPTION_INCLUDED;Дополнения для участников.pdf;page 4;prices assumed VAT-inclusive;ORGANIZER_ASSUMPTION;MEDIUM;Assumption from addendum, not confirmed per-offer fact.
price_offer;price-v4-row-0113;excluded_costs;delivery | commissioning/start-up | deep IT integration;Дополнения для участников.pdf;page 4;delivery, commissioning and deep integration excluded;ORGANIZER_ASSUMPTION;HIGH;Explicit addendum exclusion applied to each raw price offer.
product;9a941386-07e2-4350-ae35-f0d37a1d9f3f;name;Атлант;catalog_export_v4.csv;CSV;row 114 / Название;ORGANIZER_CSV;HIGH;Raw organizer value preserved.
product;9a941386-07e2-4350-ae35-f0d37a1d9f3f;manufacturer;"ООО ""Кингпро""";catalog_export_v4.csv;CSV;row 114 / компания;ORGANIZER_CSV;HIGH;Raw organizer value preserved.
product;9a941386-07e2-4350-ae35-f0d37a1d9f3f;system_family;BAS;catalog_export_v4.csv;CSV;row 114 / тип;ORGANIZER_CSV;HIGH;Normalized only from organizer token `bas`.
product;9a941386-07e2-4350-ae35-f0d37a1d9f3f;maturity_status;PILOTING;catalog_export_v4.csv;CSV;row 114 / статус;ORGANIZER_CSV;HIGH;Normalized only from organizer token `piloting`.
product;9a941386-07e2-4350-ae35-f0d37a1d9f3f;trl;7;catalog_export_v4.csv;CSV;row 114 / УГТ;ORGANIZER_CSV;HIGH;Organizer value normalized to integer when possible.
product;9a941386-07e2-4350-ae35-f0d37a1d9f3f;market_potential;3.0;catalog_export_v4.csv;CSV;row 114 / Рын Потенциал;ORGANIZER_CSV;HIGH;Organizer value normalized to numeric representation.
product;9a941386-07e2-4350-ae35-f0d37a1d9f3f;description.raw;Беспилотный летательный аппарат, предназначенный для проведения работ по мойке фасадов и стеклопакетов высотных зданий и сооружений;catalog_export_v4.csv;CSV;row 114 / описание;ORGANIZER_CSV;HIGH;Raw organizer description preserved without rewriting.
applicability;app-v4-row-0114;industries;ЖКХ;catalog_export_v4.csv;CSV;row 114 / Отрасль;ORGANIZER_CSV;HIGH;Raw organizer applicability value.
applicability;app-v4-row-0114;use_cases;Мойка фасадов;catalog_export_v4.csv;CSV;row 114 / Сценарий;ORGANIZER_CSV;HIGH;Raw organizer applicability value.
applicability;app-v4-row-0114;regions;Москва;catalog_export_v4.csv;CSV;row 114 / Регион;ORGANIZER_CSV;HIGH;Raw organizer applicability value.
applicability;app-v4-row-0114;case_evidence;БАС предназначен для мойки фасадов и стеклопакетов высотных зданий и сооружений;catalog_export_v4.csv;CSV;row 114 / Кейсы;ORGANIZER_CSV;HIGH;Raw organizer case text.
price_offer;price-v4-row-0114;raw_price;5 000 000,00;catalog_export_v4.csv;CSV;row 114 / Цена изделия;ORGANIZER_CSV;HIGH;Raw price preserved exactly.
price_offer;price-v4-row-0114;normalized_amount;5000000.00;catalog_export_v4.csv;CSV;row 114 / Цена изделия;NORMALIZED_FROM_ORGANIZER;HIGH;"Decimal comma/space normalization only; currency not inferred."
price_offer;price-v4-row-0114;vat_status;ORGANIZER_ASSUMPTION_INCLUDED;Дополнения для участников.pdf;page 4;prices assumed VAT-inclusive;ORGANIZER_ASSUMPTION;MEDIUM;Assumption from addendum, not confirmed per-offer fact.
price_offer;price-v4-row-0114;excluded_costs;delivery | commissioning/start-up | deep IT integration;Дополнения для участников.pdf;page 4;delivery, commissioning and deep integration excluded;ORGANIZER_ASSUMPTION;HIGH;Explicit addendum exclusion applied to each raw price offer.
product;9f06ff5b-0ed4-42e4-9795-b2cf3ac55fbb;name;Марк;catalog_export_v4.csv;CSV;row 115 / Название;ORGANIZER_CSV;HIGH;Raw organizer value preserved.
product;9f06ff5b-0ed4-42e4-9795-b2cf3ac55fbb;manufacturer;"ООО ""Кингпро""";catalog_export_v4.csv;CSV;row 115 / компания;ORGANIZER_CSV;HIGH;Raw organizer value preserved.
product;9f06ff5b-0ed4-42e4-9795-b2cf3ac55fbb;system_family;BAS;catalog_export_v4.csv;CSV;row 115 / тип;ORGANIZER_CSV;HIGH;Normalized only from organizer token `bas`.
product;9f06ff5b-0ed4-42e4-9795-b2cf3ac55fbb;maturity_status;PILOTING;catalog_export_v4.csv;CSV;row 115 / статус;ORGANIZER_CSV;HIGH;Normalized only from organizer token `piloting`.
product;9f06ff5b-0ed4-42e4-9795-b2cf3ac55fbb;trl;7;catalog_export_v4.csv;CSV;row 115 / УГТ;ORGANIZER_CSV;HIGH;Organizer value normalized to integer when possible.
product;9f06ff5b-0ed4-42e4-9795-b2cf3ac55fbb;market_potential;3.0;catalog_export_v4.csv;CSV;row 115 / Рын Потенциал;ORGANIZER_CSV;HIGH;Organizer value normalized to numeric representation.
product;9f06ff5b-0ed4-42e4-9795-b2cf3ac55fbb;description.raw;Беспилотный летательный аппарат, предназначенный для проведения работ по мойке фасадов и стеклопакетов высотных зданий и сооружений;catalog_export_v4.csv;CSV;row 115 / описание;ORGANIZER_CSV;HIGH;Raw organizer description preserved without rewriting.
applicability;app-v4-row-0115;industries;ЖКХ;catalog_export_v4.csv;CSV;row 115 / Отрасль;ORGANIZER_CSV;HIGH;Raw organizer applicability value.
applicability;app-v4-row-0115;use_cases;Мойка фасадов;catalog_export_v4.csv;CSV;row 115 / Сценарий;ORGANIZER_CSV;HIGH;Raw organizer applicability value.
applicability;app-v4-row-0115;regions;Москва;catalog_export_v4.csv;CSV;row 115 / Регион;ORGANIZER_CSV;HIGH;Raw organizer applicability value.
applicability;app-v4-row-0115;case_evidence;БАС предназначен для мойки фасадов и стеклопакетов высотных зданий и сооружений;catalog_export_v4.csv;CSV;row 115 / Кейсы;ORGANIZER_CSV;HIGH;Raw organizer case text.
price_offer;price-v4-row-0115;raw_price;4 000 000,00;catalog_export_v4.csv;CSV;row 115 / Цена изделия;ORGANIZER_CSV;HIGH;Raw price preserved exactly.
price_offer;price-v4-row-0115;normalized_amount;4000000.00;catalog_export_v4.csv;CSV;row 115 / Цена изделия;NORMALIZED_FROM_ORGANIZER;HIGH;"Decimal comma/space normalization only; currency not inferred."
price_offer;price-v4-row-0115;vat_status;ORGANIZER_ASSUMPTION_INCLUDED;Дополнения для участников.pdf;page 4;prices assumed VAT-inclusive;ORGANIZER_ASSUMPTION;MEDIUM;Assumption from addendum, not confirmed per-offer fact.
price_offer;price-v4-row-0115;excluded_costs;delivery | commissioning/start-up | deep IT integration;Дополнения для участников.pdf;page 4;delivery, commissioning and deep integration excluded;ORGANIZER_ASSUMPTION;HIGH;Explicit addendum exclusion applied to each raw price offer.
product;7ad0ceb9-6ea8-4862-9e52-8b352a8b3dda;name;Сибирячок;catalog_export_v4.csv;CSV;row 116 / Название;ORGANIZER_CSV;HIGH;Raw organizer value preserved.
product;7ad0ceb9-6ea8-4862-9e52-8b352a8b3dda;manufacturer;"ООО ""ЭВР""";catalog_export_v4.csv;CSV;row 116 / компания;ORGANIZER_CSV;HIGH;Raw organizer value preserved.
product;7ad0ceb9-6ea8-4862-9e52-8b352a8b3dda;system_family;BAS;catalog_export_v4.csv;CSV;row 116 / тип;ORGANIZER_CSV;HIGH;Normalized only from organizer token `bas`.
product;7ad0ceb9-6ea8-4862-9e52-8b352a8b3dda;maturity_status;OPERATION;catalog_export_v4.csv;CSV;row 116 / статус;ORGANIZER_CSV;HIGH;Normalized only from organizer token `operation`.
product;7ad0ceb9-6ea8-4862-9e52-8b352a8b3dda;trl;9;catalog_export_v4.csv;CSV;row 116 / УГТ;ORGANIZER_CSV;HIGH;Organizer value normalized to integer when possible.
product;7ad0ceb9-6ea8-4862-9e52-8b352a8b3dda;market_potential;4.0;catalog_export_v4.csv;CSV;row 116 / Рын Потенциал;ORGANIZER_CSV;HIGH;Organizer value normalized to numeric representation.
product;7ad0ceb9-6ea8-4862-9e52-8b352a8b3dda;description.raw;Мониторинг;catalog_export_v4.csv;CSV;row 116 / описание;ORGANIZER_CSV;HIGH;Raw organizer description preserved without rewriting.
applicability;app-v4-row-0116;industries;ЖКХ;catalog_export_v4.csv;CSV;row 116 / Отрасль;ORGANIZER_CSV;HIGH;Raw organizer applicability value.
applicability;app-v4-row-0116;use_cases;Мониторинг теплотрасс;catalog_export_v4.csv;CSV;row 116 / Сценарий;ORGANIZER_CSV;HIGH;Raw organizer applicability value.
applicability;app-v4-row-0116;regions;Москва;catalog_export_v4.csv;CSV;row 116 / Регион;ORGANIZER_CSV;HIGH;Raw organizer applicability value.
applicability;app-v4-row-0116;case_evidence;БАС применяется для мониторинговых задач;catalog_export_v4.csv;CSV;row 116 / Кейсы;ORGANIZER_CSV;HIGH;Raw organizer case text.
price_offer;price-v4-row-0116;raw_price;3 500 000,00;catalog_export_v4.csv;CSV;row 116 / Цена изделия;ORGANIZER_CSV;HIGH;Raw price preserved exactly.
price_offer;price-v4-row-0116;normalized_amount;3500000.00;catalog_export_v4.csv;CSV;row 116 / Цена изделия;NORMALIZED_FROM_ORGANIZER;HIGH;"Decimal comma/space normalization only; currency not inferred."
price_offer;price-v4-row-0116;vat_status;ORGANIZER_ASSUMPTION_INCLUDED;Дополнения для участников.pdf;page 4;prices assumed VAT-inclusive;ORGANIZER_ASSUMPTION;MEDIUM;Assumption from addendum, not confirmed per-offer fact.
price_offer;price-v4-row-0116;excluded_costs;delivery | commissioning/start-up | deep IT integration;Дополнения для участников.pdf;page 4;delivery, commissioning and deep integration excluded;ORGANIZER_ASSUMPTION;HIGH;Explicit addendum exclusion applied to each raw price offer.
product;018cc2dd-3dfe-4bd2-aac6-f54cbebd783e;name;Морской скорпион;catalog_export_v4.csv;CSV;row 117 / Название;ORGANIZER_CSV;HIGH;Raw organizer value preserved.
product;018cc2dd-3dfe-4bd2-aac6-f54cbebd783e;manufacturer;"ФГАОУ ВО ""Севастопольский Государственный Университет""";catalog_export_v4.csv;CSV;row 117 / компания;ORGANIZER_CSV;HIGH;Raw organizer value preserved.
product;018cc2dd-3dfe-4bd2-aac6-f54cbebd783e;system_family;BRS;catalog_export_v4.csv;CSV;row 117 / тип;ORGANIZER_CSV;HIGH;Normalized only from organizer token `brs`.
product;018cc2dd-3dfe-4bd2-aac6-f54cbebd783e;maturity_status;PILOTING;catalog_export_v4.csv;CSV;row 117 / статус;ORGANIZER_CSV;HIGH;Normalized only from organizer token `piloting`.
product;018cc2dd-3dfe-4bd2-aac6-f54cbebd783e;trl;7;catalog_export_v4.csv;CSV;row 117 / УГТ;ORGANIZER_CSV;HIGH;Organizer value normalized to integer when possible.
product;018cc2dd-3dfe-4bd2-aac6-f54cbebd783e;market_potential;3.0;catalog_export_v4.csv;CSV;row 117 / Рын Потенциал;ORGANIZER_CSV;HIGH;Organizer value normalized to numeric representation.
product;018cc2dd-3dfe-4bd2-aac6-f54cbebd783e;type;Морские роботы;catalog_export_v4.csv;CSV;row 117 / Тип;ORGANIZER_CSV;HIGH;Raw organizer value preserved.
product;018cc2dd-3dfe-4bd2-aac6-f54cbebd783e;subtype;Беспилотный сервисный катамаран;catalog_export_v4.csv;CSV;row 117 / Подтип;ORGANIZER_CSV;HIGH;Raw organizer value preserved.
applicability;app-v4-row-0117;industries;ЖКХ;catalog_export_v4.csv;CSV;row 117 / Отрасль;ORGANIZER_CSV;HIGH;Raw organizer applicability value.
applicability;app-v4-row-0117;use_cases;Проведение работ на воде;catalog_export_v4.csv;CSV;row 117 / Сценарий;ORGANIZER_CSV;HIGH;Raw organizer applicability value.
applicability;app-v4-row-0117;regions;Севастополь;catalog_export_v4.csv;CSV;row 117 / Регион;ORGANIZER_CSV;HIGH;Raw organizer applicability value.
applicability;app-v4-row-0117;case_evidence;Внедрено 2 аппарата для уборки мусора в Балаклавской бухте Севастополя. За 4-х часовую рабочую смену один беспилотник может собрать порядка 2 куб. м плавающего пластика, бумаги и древесины.;catalog_export_v4.csv;CSV;row 117 / Кейсы;ORGANIZER_CSV;HIGH;Raw organizer case text.
price_offer;price-v4-row-0117;raw_price;4 000 000,00;catalog_export_v4.csv;CSV;row 117 / Цена изделия;ORGANIZER_CSV;HIGH;Raw price preserved exactly.
price_offer;price-v4-row-0117;normalized_amount;4000000.00;catalog_export_v4.csv;CSV;row 117 / Цена изделия;NORMALIZED_FROM_ORGANIZER;HIGH;"Decimal comma/space normalization only; currency not inferred."
price_offer;price-v4-row-0117;vat_status;ORGANIZER_ASSUMPTION_INCLUDED;Дополнения для участников.pdf;page 4;prices assumed VAT-inclusive;ORGANIZER_ASSUMPTION;MEDIUM;Assumption from addendum, not confirmed per-offer fact.
price_offer;price-v4-row-0117;excluded_costs;delivery | commissioning/start-up | deep IT integration;Дополнения для участников.pdf;page 4;delivery, commissioning and deep integration excluded;ORGANIZER_ASSUMPTION;HIGH;Explicit addendum exclusion applied to each raw price offer.
product;a51bb921-1931-474f-974e-7c37f9fd9aa0;name;Astramis AeroUnit;catalog_export_v4.csv;CSV;row 118 / Название;ORGANIZER_CSV;HIGH;Raw organizer value preserved.
product;a51bb921-1931-474f-974e-7c37f9fd9aa0;manufacturer;"АО ""Астрамис""";catalog_export_v4.csv;CSV;row 118 / компания;ORGANIZER_CSV;HIGH;Raw organizer value preserved.
product;a51bb921-1931-474f-974e-7c37f9fd9aa0;system_family;BAS;catalog_export_v4.csv;CSV;row 118 / тип;ORGANIZER_CSV;HIGH;Normalized only from organizer token `bas`.
product;a51bb921-1931-474f-974e-7c37f9fd9aa0;maturity_status;RND;catalog_export_v4.csv;CSV;row 118 / статус;ORGANIZER_CSV;HIGH;Normalized only from organizer token `rnd`.
product;a51bb921-1931-474f-974e-7c37f9fd9aa0;trl;6;catalog_export_v4.csv;CSV;row 118 / УГТ;ORGANIZER_CSV;HIGH;Organizer value normalized to integer when possible.
product;a51bb921-1931-474f-974e-7c37f9fd9aa0;market_potential;5.0;catalog_export_v4.csv;CSV;row 118 / Рын Потенциал;ORGANIZER_CSV;HIGH;Organizer value normalized to numeric representation.
product;a51bb921-1931-474f-974e-7c37f9fd9aa0;type;Другое;catalog_export_v4.csv;CSV;row 118 / Тип;ORGANIZER_CSV;HIGH;Raw organizer value preserved.
product;a51bb921-1931-474f-974e-7c37f9fd9aa0;subtype;Привязной робот на базе октокоптера;catalog_export_v4.csv;CSV;row 118 / Подтип;ORGANIZER_CSV;HIGH;Raw organizer value preserved.
product;a51bb921-1931-474f-974e-7c37f9fd9aa0;description.raw;Беспилотная роботизированная система Astramis, разработанная для автоматизированной мойки окон и очистки фасадов высотных зданий.;catalog_export_v4.csv;CSV;row 118 / описание;ORGANIZER_CSV;HIGH;Raw organizer description preserved without rewriting.
applicability;app-v4-row-0118;industries;ЖКХ;catalog_export_v4.csv;CSV;row 118 / Отрасль;ORGANIZER_CSV;HIGH;Raw organizer applicability value.
applicability;app-v4-row-0118;use_cases;Мойка окон;catalog_export_v4.csv;CSV;row 118 / Сценарий;ORGANIZER_CSV;HIGH;Raw organizer applicability value.
applicability;app-v4-row-0118;regions;Москва;catalog_export_v4.csv;CSV;row 118 / Регион;ORGANIZER_CSV;HIGH;Raw organizer applicability value.
applicability;app-v4-row-0118;case_evidence;Запланировано тестирование роботизированной техники на базе ЛИК ФЦ БАС.;catalog_export_v4.csv;CSV;row 118 / Кейсы;ORGANIZER_CSV;HIGH;Raw organizer case text.
price_offer;price-v4-row-0118;raw_price;5 000 000,00;catalog_export_v4.csv;CSV;row 118 / Цена изделия;ORGANIZER_CSV;HIGH;Raw price preserved exactly.
price_offer;price-v4-row-0118;normalized_amount;5000000.00;catalog_export_v4.csv;CSV;row 118 / Цена изделия;NORMALIZED_FROM_ORGANIZER;HIGH;"Decimal comma/space normalization only; currency not inferred."
price_offer;price-v4-row-0118;vat_status;ORGANIZER_ASSUMPTION_INCLUDED;Дополнения для участников.pdf;page 4;prices assumed VAT-inclusive;ORGANIZER_ASSUMPTION;MEDIUM;Assumption from addendum, not confirmed per-offer fact.
price_offer;price-v4-row-0118;excluded_costs;delivery | commissioning/start-up | deep IT integration;Дополнения для участников.pdf;page 4;delivery, commissioning and deep integration excluded;ORGANIZER_ASSUMPTION;HIGH;Explicit addendum exclusion applied to each raw price offer.
product;f1c8478c-86c2-4381-96db-08e0ae889b41;name;Геоскан 701;catalog_export_v4.csv;CSV;row 119 / Название;ORGANIZER_CSV;HIGH;Raw organizer value preserved.
product;f1c8478c-86c2-4381-96db-08e0ae889b41;manufacturer;"ООО ""Геоскан""";catalog_export_v4.csv;CSV;row 119 / компания;ORGANIZER_CSV;HIGH;Raw organizer value preserved.
product;f1c8478c-86c2-4381-96db-08e0ae889b41;system_family;BAS;catalog_export_v4.csv;CSV;row 119 / тип;ORGANIZER_CSV;HIGH;Normalized only from organizer token `bas`.
product;f1c8478c-86c2-4381-96db-08e0ae889b41;maturity_status;OPERATION;catalog_export_v4.csv;CSV;row 119 / статус;ORGANIZER_CSV;HIGH;Normalized only from organizer token `operation`.
product;f1c8478c-86c2-4381-96db-08e0ae889b41;trl;7;catalog_export_v4.csv;CSV;row 119 / УГТ;ORGANIZER_CSV;HIGH;Organizer value normalized to integer when possible.
product;f1c8478c-86c2-4381-96db-08e0ae889b41;market_potential;5.0;catalog_export_v4.csv;CSV;row 119 / Рын Потенциал;ORGANIZER_CSV;HIGH;Organizer value normalized to numeric representation.
product;f1c8478c-86c2-4381-96db-08e0ae889b41;description.raw;Комплекс для аэрофотосъемки максимальной производительности.;catalog_export_v4.csv;CSV;row 119 / описание;ORGANIZER_CSV;HIGH;Raw organizer description preserved without rewriting.
applicability;app-v4-row-0119;industries;Строительство;catalog_export_v4.csv;CSV;row 119 / Отрасль;ORGANIZER_CSV;HIGH;Raw organizer applicability value.
applicability;app-v4-row-0119;use_cases;Мониторинг теплотрасс;catalog_export_v4.csv;CSV;row 119 / Сценарий;ORGANIZER_CSV;HIGH;Raw organizer applicability value.
applicability;app-v4-row-0119;regions;Санкт-Петербург;catalog_export_v4.csv;CSV;row 119 / Регион;ORGANIZER_CSV;HIGH;Raw organizer applicability value.
applicability;app-v4-row-0119;case_evidence;БАС применяется для мониторинговых задач;catalog_export_v4.csv;CSV;row 119 / Кейсы;ORGANIZER_CSV;HIGH;Raw organizer case text.
price_offer;price-v4-row-0119;raw_price;13 000 000,00;catalog_export_v4.csv;CSV;row 119 / Цена изделия;ORGANIZER_CSV;HIGH;Raw price preserved exactly.
price_offer;price-v4-row-0119;normalized_amount;13000000.00;catalog_export_v4.csv;CSV;row 119 / Цена изделия;NORMALIZED_FROM_ORGANIZER;HIGH;"Decimal comma/space normalization only; currency not inferred."
price_offer;price-v4-row-0119;vat_status;ORGANIZER_ASSUMPTION_INCLUDED;Дополнения для участников.pdf;page 4;prices assumed VAT-inclusive;ORGANIZER_ASSUMPTION;MEDIUM;Assumption from addendum, not confirmed per-offer fact.
price_offer;price-v4-row-0119;excluded_costs;delivery | commissioning/start-up | deep IT integration;Дополнения для участников.pdf;page 4;delivery, commissioning and deep integration excluded;ORGANIZER_ASSUMPTION;HIGH;Explicit addendum exclusion applied to each raw price offer.
product;6c0df6e9-ea39-40d2-93af-7aec13d629c7;name;Геоскан 401;catalog_export_v4.csv;CSV;row 120 / Название;ORGANIZER_CSV;HIGH;Raw organizer value preserved.
product;6c0df6e9-ea39-40d2-93af-7aec13d629c7;manufacturer;"ООО ""Геоскан""";catalog_export_v4.csv;CSV;row 120 / компания;ORGANIZER_CSV;HIGH;Raw organizer value preserved.
product;6c0df6e9-ea39-40d2-93af-7aec13d629c7;system_family;BAS;catalog_export_v4.csv;CSV;row 120 / тип;ORGANIZER_CSV;HIGH;Normalized only from organizer token `bas`.
product;6c0df6e9-ea39-40d2-93af-7aec13d629c7;maturity_status;OPERATION;catalog_export_v4.csv;CSV;row 120 / статус;ORGANIZER_CSV;HIGH;Normalized only from organizer token `operation`.
product;6c0df6e9-ea39-40d2-93af-7aec13d629c7;trl;9;catalog_export_v4.csv;CSV;row 120 / УГТ;ORGANIZER_CSV;HIGH;Organizer value normalized to integer when possible.
product;6c0df6e9-ea39-40d2-93af-7aec13d629c7;market_potential;4.0;catalog_export_v4.csv;CSV;row 120 / Рын Потенциал;ORGANIZER_CSV;HIGH;Organizer value normalized to numeric representation.
applicability;app-v4-row-0120;industries;Строительство;catalog_export_v4.csv;CSV;row 120 / Отрасль;ORGANIZER_CSV;HIGH;Raw organizer applicability value.
applicability;app-v4-row-0120;use_cases;Контроль использования земельных участков;catalog_export_v4.csv;CSV;row 120 / Сценарий;ORGANIZER_CSV;HIGH;Raw organizer applicability value.
applicability;app-v4-row-0120;regions;Санкт-Петербург;catalog_export_v4.csv;CSV;row 120 / Регион;ORGANIZER_CSV;HIGH;Raw organizer applicability value.
applicability;app-v4-row-0120;case_evidence;БАС применяется для мониторинговых задач;catalog_export_v4.csv;CSV;row 120 / Кейсы;ORGANIZER_CSV;HIGH;Raw organizer case text.
price_offer;price-v4-row-0120;raw_price;4 000 000,00;catalog_export_v4.csv;CSV;row 120 / Цена изделия;ORGANIZER_CSV;HIGH;Raw price preserved exactly.
price_offer;price-v4-row-0120;normalized_amount;4000000.00;catalog_export_v4.csv;CSV;row 120 / Цена изделия;NORMALIZED_FROM_ORGANIZER;HIGH;"Decimal comma/space normalization only; currency not inferred."
price_offer;price-v4-row-0120;vat_status;ORGANIZER_ASSUMPTION_INCLUDED;Дополнения для участников.pdf;page 4;prices assumed VAT-inclusive;ORGANIZER_ASSUMPTION;MEDIUM;Assumption from addendum, not confirmed per-offer fact.
price_offer;price-v4-row-0120;excluded_costs;delivery | commissioning/start-up | deep IT integration;Дополнения для участников.pdf;page 4;delivery, commissioning and deep integration excluded;ORGANIZER_ASSUMPTION;HIGH;Explicit addendum exclusion applied to each raw price offer.
product;33fca97e-ef4f-459d-a773-ab58b7f84fd5;name;Геоскан 401 Геодезия;catalog_export_v4.csv;CSV;row 121 / Название;ORGANIZER_CSV;HIGH;Raw organizer value preserved.
product;33fca97e-ef4f-459d-a773-ab58b7f84fd5;manufacturer;"ООО ""Геоскан""";catalog_export_v4.csv;CSV;row 121 / компания;ORGANIZER_CSV;HIGH;Raw organizer value preserved.
product;33fca97e-ef4f-459d-a773-ab58b7f84fd5;system_family;BAS;catalog_export_v4.csv;CSV;row 121 / тип;ORGANIZER_CSV;HIGH;Normalized only from organizer token `bas`.
product;33fca97e-ef4f-459d-a773-ab58b7f84fd5;maturity_status;OPERATION;catalog_export_v4.csv;CSV;row 121 / статус;ORGANIZER_CSV;HIGH;Normalized only from organizer token `operation`.
product;33fca97e-ef4f-459d-a773-ab58b7f84fd5;trl;9;catalog_export_v4.csv;CSV;row 121 / УГТ;ORGANIZER_CSV;HIGH;Organizer value normalized to integer when possible.
product;33fca97e-ef4f-459d-a773-ab58b7f84fd5;market_potential;4.0;catalog_export_v4.csv;CSV;row 121 / Рын Потенциал;ORGANIZER_CSV;HIGH;Organizer value normalized to numeric representation.
applicability;app-v4-row-0121;industries;Строительство;catalog_export_v4.csv;CSV;row 121 / Отрасль;ORGANIZER_CSV;HIGH;Raw organizer applicability value.
applicability;app-v4-row-0121;use_cases;Поиск дефектов зданий и сооружений при помощи ИИ, Мониторинг теплотрасс, Контроль карьеров и земляных работ с использованием фотограмметрии, Мониторинг состояния полигонов ТБО на предмет соответствия нормативным требованиям;catalog_export_v4.csv;CSV;row 121 / Сценарий;ORGANIZER_CSV;HIGH;Raw organizer applicability value.
applicability;app-v4-row-0121;regions;Санкт-Петербург;catalog_export_v4.csv;CSV;row 121 / Регион;ORGANIZER_CSV;HIGH;Raw organizer applicability value.
applicability;app-v4-row-0121;case_evidence;БАС применяется для мониторинговых задач;catalog_export_v4.csv;CSV;row 121 / Кейсы;ORGANIZER_CSV;HIGH;Raw organizer case text.
price_offer;price-v4-row-0121;raw_price;3 965 000,00;catalog_export_v4.csv;CSV;row 121 / Цена изделия;ORGANIZER_CSV;HIGH;Raw price preserved exactly.
price_offer;price-v4-row-0121;normalized_amount;3965000.00;catalog_export_v4.csv;CSV;row 121 / Цена изделия;NORMALIZED_FROM_ORGANIZER;HIGH;"Decimal comma/space normalization only; currency not inferred."
price_offer;price-v4-row-0121;vat_status;ORGANIZER_ASSUMPTION_INCLUDED;Дополнения для участников.pdf;page 4;prices assumed VAT-inclusive;ORGANIZER_ASSUMPTION;MEDIUM;Assumption from addendum, not confirmed per-offer fact.
price_offer;price-v4-row-0121;excluded_costs;delivery | commissioning/start-up | deep IT integration;Дополнения для участников.pdf;page 4;delivery, commissioning and deep integration excluded;ORGANIZER_ASSUMPTION;HIGH;Explicit addendum exclusion applied to each raw price offer.
product;845b14b5-e469-4676-a3f3-39725fc6354e;name;Геоскан 401 Лидар;catalog_export_v4.csv;CSV;row 122 / Название;ORGANIZER_CSV;HIGH;Raw organizer value preserved.
product;845b14b5-e469-4676-a3f3-39725fc6354e;manufacturer;"ООО ""Геоскан""";catalog_export_v4.csv;CSV;row 122 / компания;ORGANIZER_CSV;HIGH;Raw organizer value preserved.
product;845b14b5-e469-4676-a3f3-39725fc6354e;system_family;BAS;catalog_export_v4.csv;CSV;row 122 / тип;ORGANIZER_CSV;HIGH;Normalized only from organizer token `bas`.
product;845b14b5-e469-4676-a3f3-39725fc6354e;maturity_status;OPERATION;catalog_export_v4.csv;CSV;row 122 / статус;ORGANIZER_CSV;HIGH;Normalized only from organizer token `operation`.
product;845b14b5-e469-4676-a3f3-39725fc6354e;trl;9;catalog_export_v4.csv;CSV;row 122 / УГТ;ORGANIZER_CSV;HIGH;Organizer value normalized to integer when possible.
product;845b14b5-e469-4676-a3f3-39725fc6354e;market_potential;4.0;catalog_export_v4.csv;CSV;row 122 / Рын Потенциал;ORGANIZER_CSV;HIGH;Organizer value normalized to numeric representation.
applicability;app-v4-row-0122;industries;Строительство;catalog_export_v4.csv;CSV;row 122 / Отрасль;ORGANIZER_CSV;HIGH;Raw organizer applicability value.
applicability;app-v4-row-0122;use_cases;Предпроектные изыскания с использованием фотограмметрии и воздушного лазерного сканирования;catalog_export_v4.csv;CSV;row 122 / Сценарий;ORGANIZER_CSV;HIGH;Raw organizer applicability value.
applicability;app-v4-row-0122;regions;Санкт-Петербург;catalog_export_v4.csv;CSV;row 122 / Регион;ORGANIZER_CSV;HIGH;Raw organizer applicability value.
applicability;app-v4-row-0122;case_evidence;БАС применяется для мониторинговых задач;catalog_export_v4.csv;CSV;row 122 / Кейсы;ORGANIZER_CSV;HIGH;Raw organizer case text.
price_offer;price-v4-row-0122;raw_price;4 650 000,00;catalog_export_v4.csv;CSV;row 122 / Цена изделия;ORGANIZER_CSV;HIGH;Raw price preserved exactly.
price_offer;price-v4-row-0122;normalized_amount;4650000.00;catalog_export_v4.csv;CSV;row 122 / Цена изделия;NORMALIZED_FROM_ORGANIZER;HIGH;"Decimal comma/space normalization only; currency not inferred."
price_offer;price-v4-row-0122;vat_status;ORGANIZER_ASSUMPTION_INCLUDED;Дополнения для участников.pdf;page 4;prices assumed VAT-inclusive;ORGANIZER_ASSUMPTION;MEDIUM;Assumption from addendum, not confirmed per-offer fact.
price_offer;price-v4-row-0122;excluded_costs;delivery | commissioning/start-up | deep IT integration;Дополнения для участников.pdf;page 4;delivery, commissioning and deep integration excluded;ORGANIZER_ASSUMPTION;HIGH;Explicit addendum exclusion applied to each raw price offer.
product;b639b73b-9c1e-4eec-af6f-9662e1d1d171;name;Альбатрос М5;catalog_export_v4.csv;CSV;row 123 / Название;ORGANIZER_CSV;HIGH;Raw organizer value preserved.
product;b639b73b-9c1e-4eec-af6f-9662e1d1d171;manufacturer;"ООО ""Альбатрос""";catalog_export_v4.csv;CSV;row 123 / компания;ORGANIZER_CSV;HIGH;Raw organizer value preserved.
product;b639b73b-9c1e-4eec-af6f-9662e1d1d171;system_family;BAS;catalog_export_v4.csv;CSV;row 123 / тип;ORGANIZER_CSV;HIGH;Normalized only from organizer token `bas`.
product;b639b73b-9c1e-4eec-af6f-9662e1d1d171;maturity_status;OPERATION;catalog_export_v4.csv;CSV;row 123 / статус;ORGANIZER_CSV;HIGH;Normalized only from organizer token `operation`.
product;b639b73b-9c1e-4eec-af6f-9662e1d1d171;trl;9;catalog_export_v4.csv;CSV;row 123 / УГТ;ORGANIZER_CSV;HIGH;Organizer value normalized to integer when possible.
product;b639b73b-9c1e-4eec-af6f-9662e1d1d171;market_potential;4.0;catalog_export_v4.csv;CSV;row 123 / Рын Потенциал;ORGANIZER_CSV;HIGH;Organizer value normalized to numeric representation.
applicability;app-v4-row-0123;industries;Строительство;catalog_export_v4.csv;CSV;row 123 / Отрасль;ORGANIZER_CSV;HIGH;Raw organizer applicability value.
applicability;app-v4-row-0123;use_cases;Мониторинг теплотрасс;catalog_export_v4.csv;CSV;row 123 / Сценарий;ORGANIZER_CSV;HIGH;Raw organizer applicability value.
applicability;app-v4-row-0123;regions;Республика Татарстан;catalog_export_v4.csv;CSV;row 123 / Регион;ORGANIZER_CSV;HIGH;Raw organizer applicability value.
applicability;app-v4-row-0123;case_evidence;БАС применяется для мониторинговых задач;catalog_export_v4.csv;CSV;row 123 / Кейсы;ORGANIZER_CSV;HIGH;Raw organizer case text.
price_offer;price-v4-row-0123;raw_price;7 000 000,00;catalog_export_v4.csv;CSV;row 123 / Цена изделия;ORGANIZER_CSV;HIGH;Raw price preserved exactly.
price_offer;price-v4-row-0123;normalized_amount;7000000.00;catalog_export_v4.csv;CSV;row 123 / Цена изделия;NORMALIZED_FROM_ORGANIZER;HIGH;"Decimal comma/space normalization only; currency not inferred."
price_offer;price-v4-row-0123;vat_status;ORGANIZER_ASSUMPTION_INCLUDED;Дополнения для участников.pdf;page 4;prices assumed VAT-inclusive;ORGANIZER_ASSUMPTION;MEDIUM;Assumption from addendum, not confirmed per-offer fact.
price_offer;price-v4-row-0123;excluded_costs;delivery | commissioning/start-up | deep IT integration;Дополнения для участников.pdf;page 4;delivery, commissioning and deep integration excluded;ORGANIZER_ASSUMPTION;HIGH;Explicit addendum exclusion applied to each raw price offer.
product;8dbe4684-18ef-49f7-bced-95969703a49a;name;Supercam X4E;catalog_export_v4.csv;CSV;row 124 / Название;ORGANIZER_CSV;HIGH;Raw organizer value preserved.
product;8dbe4684-18ef-49f7-bced-95969703a49a;manufacturer;"ООО ""Финко""";catalog_export_v4.csv;CSV;row 124 / компания;ORGANIZER_CSV;HIGH;Raw organizer value preserved.
product;8dbe4684-18ef-49f7-bced-95969703a49a;system_family;BAS;catalog_export_v4.csv;CSV;row 124 / тип;ORGANIZER_CSV;HIGH;Normalized only from organizer token `bas`.
product;8dbe4684-18ef-49f7-bced-95969703a49a;maturity_status;OPERATION;catalog_export_v4.csv;CSV;row 124 / статус;ORGANIZER_CSV;HIGH;Normalized only from organizer token `operation`.
product;8dbe4684-18ef-49f7-bced-95969703a49a;trl;8;catalog_export_v4.csv;CSV;row 124 / УГТ;ORGANIZER_CSV;HIGH;Organizer value normalized to integer when possible.
product;8dbe4684-18ef-49f7-bced-95969703a49a;market_potential;4.0;catalog_export_v4.csv;CSV;row 124 / Рын Потенциал;ORGANIZER_CSV;HIGH;Organizer value normalized to numeric representation.
product;8dbe4684-18ef-49f7-bced-95969703a49a;description.raw;Профессиональный беспилотный летательный аппарат (БПЛА) мультироторного типа, разработанный группой компаний Беспилотные системы, который предназначен для высокоточного мониторинга, геодезии и картографирования в любое время суток.;catalog_export_v4.csv;CSV;row 124 / описание;ORGANIZER_CSV;HIGH;Raw organizer description preserved without rewriting.
applicability;app-v4-row-0124;industries;Строительство;catalog_export_v4.csv;CSV;row 124 / Отрасль;ORGANIZER_CSV;HIGH;Raw organizer applicability value.
applicability;app-v4-row-0124;use_cases;Мониторинг теплотрасс, Поиск дефектов зданий и сооружений при помощи ИИ, Предпроектные изыскания с использованием фотограмметрии и воздушного лазерного сканирования, Выполнение контрольных мероприятий на этапе строительно-монтажных работ с использованием фотограмметрии, воздушного лазерного сканирования и тепловизионной съемки;catalog_export_v4.csv;CSV;row 124 / Сценарий;ORGANIZER_CSV;HIGH;Raw organizer applicability value.
applicability;app-v4-row-0124;regions;Удмуртская Республика;catalog_export_v4.csv;CSV;row 124 / Регион;ORGANIZER_CSV;HIGH;Raw organizer applicability value.
applicability;app-v4-row-0124;case_evidence;БАС применяется для мониторинговых задач;catalog_export_v4.csv;CSV;row 124 / Кейсы;ORGANIZER_CSV;HIGH;Raw organizer case text.
price_offer;price-v4-row-0124;raw_price;5 038 000,00;catalog_export_v4.csv;CSV;row 124 / Цена изделия;ORGANIZER_CSV;HIGH;Raw price preserved exactly.
price_offer;price-v4-row-0124;normalized_amount;5038000.00;catalog_export_v4.csv;CSV;row 124 / Цена изделия;NORMALIZED_FROM_ORGANIZER;HIGH;"Decimal comma/space normalization only; currency not inferred."
price_offer;price-v4-row-0124;vat_status;ORGANIZER_ASSUMPTION_INCLUDED;Дополнения для участников.pdf;page 4;prices assumed VAT-inclusive;ORGANIZER_ASSUMPTION;MEDIUM;Assumption from addendum, not confirmed per-offer fact.
price_offer;price-v4-row-0124;excluded_costs;delivery | commissioning/start-up | deep IT integration;Дополнения для участников.pdf;page 4;delivery, commissioning and deep integration excluded;ORGANIZER_ASSUMPTION;HIGH;Explicit addendum exclusion applied to each raw price offer.
product;c293732e-214e-4473-93fd-15db477db3af;name;Геоскан Gemini;catalog_export_v4.csv;CSV;row 125 / Название;ORGANIZER_CSV;HIGH;Raw organizer value preserved.
product;c293732e-214e-4473-93fd-15db477db3af;manufacturer;"ООО ""Геоскан""";catalog_export_v4.csv;CSV;row 125 / компания;ORGANIZER_CSV;HIGH;Raw organizer value preserved.
product;c293732e-214e-4473-93fd-15db477db3af;system_family;BAS;catalog_export_v4.csv;CSV;row 125 / тип;ORGANIZER_CSV;HIGH;Normalized only from organizer token `bas`.
product;c293732e-214e-4473-93fd-15db477db3af;maturity_status;OPERATION;catalog_export_v4.csv;CSV;row 125 / статус;ORGANIZER_CSV;HIGH;Normalized only from organizer token `operation`.
product;c293732e-214e-4473-93fd-15db477db3af;trl;9;catalog_export_v4.csv;CSV;row 125 / УГТ;ORGANIZER_CSV;HIGH;Organizer value normalized to integer when possible.
product;c293732e-214e-4473-93fd-15db477db3af;market_potential;4.0;catalog_export_v4.csv;CSV;row 125 / Рын Потенциал;ORGANIZER_CSV;HIGH;Organizer value normalized to numeric representation.
applicability;app-v4-row-0125;industries;Строительство;catalog_export_v4.csv;CSV;row 125 / Отрасль;ORGANIZER_CSV;HIGH;Raw organizer applicability value.
applicability;app-v4-row-0125;use_cases;Контроль использования земельных участков;catalog_export_v4.csv;CSV;row 125 / Сценарий;ORGANIZER_CSV;HIGH;Raw organizer applicability value.
applicability;app-v4-row-0125;regions;Санкт-Петербург;catalog_export_v4.csv;CSV;row 125 / Регион;ORGANIZER_CSV;HIGH;Raw organizer applicability value.
applicability;app-v4-row-0125;case_evidence;БАС применяется для мониторинговых задач;catalog_export_v4.csv;CSV;row 125 / Кейсы;ORGANIZER_CSV;HIGH;Raw organizer case text.
price_offer;price-v4-row-0125;raw_price;1 795 000,00;catalog_export_v4.csv;CSV;row 125 / Цена изделия;ORGANIZER_CSV;HIGH;Raw price preserved exactly.
price_offer;price-v4-row-0125;normalized_amount;1795000.00;catalog_export_v4.csv;CSV;row 125 / Цена изделия;NORMALIZED_FROM_ORGANIZER;HIGH;"Decimal comma/space normalization only; currency not inferred."
price_offer;price-v4-row-0125;vat_status;ORGANIZER_ASSUMPTION_INCLUDED;Дополнения для участников.pdf;page 4;prices assumed VAT-inclusive;ORGANIZER_ASSUMPTION;MEDIUM;Assumption from addendum, not confirmed per-offer fact.
price_offer;price-v4-row-0125;excluded_costs;delivery | commissioning/start-up | deep IT integration;Дополнения для участников.pdf;page 4;delivery, commissioning and deep integration excluded;ORGANIZER_ASSUMPTION;HIGH;Explicit addendum exclusion applied to each raw price offer.
product;ccb79192-b9e8-418d-b7bd-eb26c78ee461;name;Легионер Е29;catalog_export_v4.csv;CSV;row 126 / Название;ORGANIZER_CSV;HIGH;Raw organizer value preserved.
product;ccb79192-b9e8-418d-b7bd-eb26c78ee461;manufacturer;"ООО ""ГК Тихие Крылья""";catalog_export_v4.csv;CSV;row 126 / компания;ORGANIZER_CSV;HIGH;Raw organizer value preserved.
product;ccb79192-b9e8-418d-b7bd-eb26c78ee461;system_family;BAS;catalog_export_v4.csv;CSV;row 126 / тип;ORGANIZER_CSV;HIGH;Normalized only from organizer token `bas`.
product;ccb79192-b9e8-418d-b7bd-eb26c78ee461;maturity_status;OPERATION;catalog_export_v4.csv;CSV;row 126 / статус;ORGANIZER_CSV;HIGH;Normalized only from organizer token `operation`.
product;ccb79192-b9e8-418d-b7bd-eb26c78ee461;trl;9;catalog_export_v4.csv;CSV;row 126 / УГТ;ORGANIZER_CSV;HIGH;Organizer value normalized to integer when possible.
product;ccb79192-b9e8-418d-b7bd-eb26c78ee461;market_potential;4.0;catalog_export_v4.csv;CSV;row 126 / Рын Потенциал;ORGANIZER_CSV;HIGH;Organizer value normalized to numeric representation.
product;ccb79192-b9e8-418d-b7bd-eb26c78ee461;description.raw;Беспилотное воздушное судно самолётного типа вертикального взлета и посадки с электрическим маршевым двигателем, предназначенное для аэрофотосъемки и воздушного лазерного сканирования, авиамониторинга и решению логистических задач.;catalog_export_v4.csv;CSV;row 126 / описание;ORGANIZER_CSV;HIGH;Raw organizer description preserved without rewriting.
applicability;app-v4-row-0126;industries;Строительство;catalog_export_v4.csv;CSV;row 126 / Отрасль;ORGANIZER_CSV;HIGH;Raw organizer applicability value.
applicability;app-v4-row-0126;use_cases;Контроль использования земельных участков;catalog_export_v4.csv;CSV;row 126 / Сценарий;ORGANIZER_CSV;HIGH;Raw organizer applicability value.
applicability;app-v4-row-0126;regions;Санкт-Петербург;catalog_export_v4.csv;CSV;row 126 / Регион;ORGANIZER_CSV;HIGH;Raw organizer applicability value.
applicability;app-v4-row-0126;case_evidence;БАС применяется для мониторинговых задач;catalog_export_v4.csv;CSV;row 126 / Кейсы;ORGANIZER_CSV;HIGH;Raw organizer case text.
price_offer;price-v4-row-0126;raw_price;8 500 000,00;catalog_export_v4.csv;CSV;row 126 / Цена изделия;ORGANIZER_CSV;HIGH;Raw price preserved exactly.
price_offer;price-v4-row-0126;normalized_amount;8500000.00;catalog_export_v4.csv;CSV;row 126 / Цена изделия;NORMALIZED_FROM_ORGANIZER;HIGH;"Decimal comma/space normalization only; currency not inferred."
price_offer;price-v4-row-0126;vat_status;ORGANIZER_ASSUMPTION_INCLUDED;Дополнения для участников.pdf;page 4;prices assumed VAT-inclusive;ORGANIZER_ASSUMPTION;MEDIUM;Assumption from addendum, not confirmed per-offer fact.
price_offer;price-v4-row-0126;excluded_costs;delivery | commissioning/start-up | deep IT integration;Дополнения для участников.pdf;page 4;delivery, commissioning and deep integration excluded;ORGANIZER_ASSUMPTION;HIGH;Explicit addendum exclusion applied to each raw price offer.
product;a3b4c902-9e1b-454b-a2bf-01c6d0e98bdb;name;АМТ S300;catalog_export_v4.csv;CSV;row 127 / Название;ORGANIZER_CSV;HIGH;Raw organizer value preserved.
product;a3b4c902-9e1b-454b-a2bf-01c6d0e98bdb;manufacturer;"ООО ""АМТ""";catalog_export_v4.csv;CSV;row 127 / компания;ORGANIZER_CSV;HIGH;Raw organizer value preserved.
product;a3b4c902-9e1b-454b-a2bf-01c6d0e98bdb;system_family;BRS;catalog_export_v4.csv;CSV;row 127 / тип;ORGANIZER_CSV;HIGH;Normalized only from organizer token `brs`.
product;a3b4c902-9e1b-454b-a2bf-01c6d0e98bdb;maturity_status;OPERATION;catalog_export_v4.csv;CSV;row 127 / статус;ORGANIZER_CSV;HIGH;Normalized only from organizer token `operation`.
product;a3b4c902-9e1b-454b-a2bf-01c6d0e98bdb;trl;9;catalog_export_v4.csv;CSV;row 127 / УГТ;ORGANIZER_CSV;HIGH;Organizer value normalized to integer when possible.
product;a3b4c902-9e1b-454b-a2bf-01c6d0e98bdb;market_potential;3.0;catalog_export_v4.csv;CSV;row 127 / Рын Потенциал;ORGANIZER_CSV;HIGH;Organizer value normalized to numeric representation.
product;a3b4c902-9e1b-454b-a2bf-01c6d0e98bdb;type;Стационарные роботизированные системы;catalog_export_v4.csv;CSV;row 127 / Тип;ORGANIZER_CSV;HIGH;Raw organizer value preserved.
product;a3b4c902-9e1b-454b-a2bf-01c6d0e98bdb;subtype;Роботизированный 3D принтер;catalog_export_v4.csv;CSV;row 127 / Подтип;ORGANIZER_CSV;HIGH;Raw organizer value preserved.
product;a3b4c902-9e1b-454b-a2bf-01c6d0e98bdb;description.raw;Промышленное оборудование, предназначенное для трехмерной строительной печати (3DCP) элементов зданий, малых архитектурных форм и полноценных жилых домов высотой до 2–4 этажей непосредственно на фундаменте.;catalog_export_v4.csv;CSV;row 127 / описание;ORGANIZER_CSV;HIGH;Raw organizer description preserved without rewriting.
applicability;app-v4-row-0127;industries;Строительство;catalog_export_v4.csv;CSV;row 127 / Отрасль;ORGANIZER_CSV;HIGH;Raw organizer applicability value.
applicability;app-v4-row-0127;use_cases;Возведение объектов;catalog_export_v4.csv;CSV;row 127 / Сценарий;ORGANIZER_CSV;HIGH;Raw organizer applicability value.
applicability;app-v4-row-0127;regions;Ярославская область;catalog_export_v4.csv;CSV;row 127 / Регион;ORGANIZER_CSV;HIGH;Raw organizer applicability value.
applicability;app-v4-row-0127;case_evidence;С помощью роботизированного 3D-принтера AMT S300 был построен целый поселок в Республике Татарстан, построено 34 дома. В общей стоимости дома это примерно 8-12% экономии по сравнению с традиционными методами строительства.;catalog_export_v4.csv;CSV;row 127 / Кейсы;ORGANIZER_CSV;HIGH;Raw organizer case text.
price_offer;price-v4-row-0127;raw_price;8 920 000,00;catalog_export_v4.csv;CSV;row 127 / Цена изделия;ORGANIZER_CSV;HIGH;Raw price preserved exactly.
price_offer;price-v4-row-0127;normalized_amount;8920000.00;catalog_export_v4.csv;CSV;row 127 / Цена изделия;NORMALIZED_FROM_ORGANIZER;HIGH;"Decimal comma/space normalization only; currency not inferred."
price_offer;price-v4-row-0127;vat_status;ORGANIZER_ASSUMPTION_INCLUDED;Дополнения для участников.pdf;page 4;prices assumed VAT-inclusive;ORGANIZER_ASSUMPTION;MEDIUM;Assumption from addendum, not confirmed per-offer fact.
price_offer;price-v4-row-0127;excluded_costs;delivery | commissioning/start-up | deep IT integration;Дополнения для участников.pdf;page 4;delivery, commissioning and deep integration excluded;ORGANIZER_ASSUMPTION;HIGH;Explicit addendum exclusion applied to each raw price offer.
product;1f82ce16-5670-4903-a4ea-bfdbbc710f20;name;Комплекс управления кранами ВИРСАЙН СДУ;catalog_export_v4.csv;CSV;row 128 / Название;ORGANIZER_CSV;HIGH;Raw organizer value preserved.
product;1f82ce16-5670-4903-a4ea-bfdbbc710f20;manufacturer;"ООО ""Вирсайн Инновации""";catalog_export_v4.csv;CSV;row 128 / компания;ORGANIZER_CSV;HIGH;Raw organizer value preserved.
product;1f82ce16-5670-4903-a4ea-bfdbbc710f20;system_family;SOFTWARE;catalog_export_v4.csv;CSV;row 128 / тип;ORGANIZER_CSV;HIGH;Normalized only from organizer token `software`.
product;1f82ce16-5670-4903-a4ea-bfdbbc710f20;maturity_status;OPERATION;catalog_export_v4.csv;CSV;row 128 / статус;ORGANIZER_CSV;HIGH;Normalized only from organizer token `operation`.
product;1f82ce16-5670-4903-a4ea-bfdbbc710f20;trl;8;catalog_export_v4.csv;CSV;row 128 / УГТ;ORGANIZER_CSV;HIGH;Organizer value normalized to integer when possible.
product;1f82ce16-5670-4903-a4ea-bfdbbc710f20;market_potential;4.0;catalog_export_v4.csv;CSV;row 128 / Рын Потенциал;ORGANIZER_CSV;HIGH;Organizer value normalized to numeric representation.
product;1f82ce16-5670-4903-a4ea-bfdbbc710f20;type;ПО БРС;catalog_export_v4.csv;CSV;row 128 / Тип;ORGANIZER_CSV;HIGH;Raw organizer value preserved.
product;1f82ce16-5670-4903-a4ea-bfdbbc710f20;subtype;Роботизированные погрузочные краны;catalog_export_v4.csv;CSV;row 128 / Подтип;ORGANIZER_CSV;HIGH;Raw organizer value preserved.
applicability;app-v4-row-0128;industries;Строительство;catalog_export_v4.csv;CSV;row 128 / Отрасль;ORGANIZER_CSV;HIGH;Raw organizer applicability value.
applicability;app-v4-row-0128;use_cases;Возведение объектов;catalog_export_v4.csv;CSV;row 128 / Сценарий;ORGANIZER_CSV;HIGH;Raw organizer applicability value.
applicability;app-v4-row-0128;regions;Москва;catalog_export_v4.csv;CSV;row 128 / Регион;ORGANIZER_CSV;HIGH;Raw organizer applicability value.
applicability;app-v4-row-0128;case_evidence;26 марта 2026 года на Краснопресненской набережной состоялась торжественная церемония закладки первого бетонного блока в основание Национального центра «Россия» с помощью системы дистанционного управления «Вирсайн». Старт дал Президент РФ Владимир Путин.;catalog_export_v4.csv;CSV;row 128 / Кейсы;ORGANIZER_CSV;HIGH;Raw organizer case text.
price_offer;price-v4-row-0128;raw_price;2 000 000,00;catalog_export_v4.csv;CSV;row 128 / Цена изделия;ORGANIZER_CSV;HIGH;Raw price preserved exactly.
price_offer;price-v4-row-0128;normalized_amount;2000000.00;catalog_export_v4.csv;CSV;row 128 / Цена изделия;NORMALIZED_FROM_ORGANIZER;HIGH;"Decimal comma/space normalization only; currency not inferred."
price_offer;price-v4-row-0128;vat_status;ORGANIZER_ASSUMPTION_INCLUDED;Дополнения для участников.pdf;page 4;prices assumed VAT-inclusive;ORGANIZER_ASSUMPTION;MEDIUM;Assumption from addendum, not confirmed per-offer fact.
price_offer;price-v4-row-0128;excluded_costs;delivery | commissioning/start-up | deep IT integration;Дополнения для участников.pdf;page 4;delivery, commissioning and deep integration excluded;ORGANIZER_ASSUMPTION;HIGH;Explicit addendum exclusion applied to each raw price offer.
product;192ce3de-958f-4bad-9440-c2b3ab56634a;name;МРСК;catalog_export_v4.csv;CSV;row 129 / Название;ORGANIZER_CSV;HIGH;Raw organizer value preserved.
product;192ce3de-958f-4bad-9440-c2b3ab56634a;manufacturer;"ООО ""КБ-интеграл""";catalog_export_v4.csv;CSV;row 129 / компания;ORGANIZER_CSV;HIGH;Raw organizer value preserved.
product;192ce3de-958f-4bad-9440-c2b3ab56634a;system_family;BRS;catalog_export_v4.csv;CSV;row 129 / тип;ORGANIZER_CSV;HIGH;Normalized only from organizer token `brs`.
product;192ce3de-958f-4bad-9440-c2b3ab56634a;maturity_status;OPERATION;catalog_export_v4.csv;CSV;row 129 / статус;ORGANIZER_CSV;HIGH;Normalized only from organizer token `operation`.
product;192ce3de-958f-4bad-9440-c2b3ab56634a;trl;8;catalog_export_v4.csv;CSV;row 129 / УГТ;ORGANIZER_CSV;HIGH;Organizer value normalized to integer when possible.
product;192ce3de-958f-4bad-9440-c2b3ab56634a;market_potential;2.0;catalog_export_v4.csv;CSV;row 129 / Рын Потенциал;ORGANIZER_CSV;HIGH;Organizer value normalized to numeric representation.
product;192ce3de-958f-4bad-9440-c2b3ab56634a;type;Стационарные роботизированные системы;catalog_export_v4.csv;CSV;row 129 / Тип;ORGANIZER_CSV;HIGH;Raw organizer value preserved.
product;192ce3de-958f-4bad-9440-c2b3ab56634a;subtype;Роботизированный сварочный комплекс;catalog_export_v4.csv;CSV;row 129 / Подтип;ORGANIZER_CSV;HIGH;Raw organizer value preserved.
applicability;app-v4-row-0129;industries;Строительство;catalog_export_v4.csv;CSV;row 129 / Отрасль;ORGANIZER_CSV;HIGH;Raw organizer applicability value.
applicability;app-v4-row-0129;use_cases;Возведение объектов;catalog_export_v4.csv;CSV;row 129 / Сценарий;ORGANIZER_CSV;HIGH;Raw organizer applicability value.
applicability;app-v4-row-0129;regions;Москва;catalog_export_v4.csv;CSV;row 129 / Регион;ORGANIZER_CSV;HIGH;Raw organizer applicability value.
applicability;app-v4-row-0129;case_evidence;Компания «КБ-интеграл» заявила, что комплекс МРСК полностью спроектирован, запрограммирован и выпускается на производственной базе компании в Москве.;catalog_export_v4.csv;CSV;row 129 / Кейсы;ORGANIZER_CSV;HIGH;Raw organizer case text.
price_offer;price-v4-row-0129;raw_price;3 500 000,00;catalog_export_v4.csv;CSV;row 129 / Цена изделия;ORGANIZER_CSV;HIGH;Raw price preserved exactly.
price_offer;price-v4-row-0129;normalized_amount;3500000.00;catalog_export_v4.csv;CSV;row 129 / Цена изделия;NORMALIZED_FROM_ORGANIZER;HIGH;"Decimal comma/space normalization only; currency not inferred."
price_offer;price-v4-row-0129;vat_status;ORGANIZER_ASSUMPTION_INCLUDED;Дополнения для участников.pdf;page 4;prices assumed VAT-inclusive;ORGANIZER_ASSUMPTION;MEDIUM;Assumption from addendum, not confirmed per-offer fact.
price_offer;price-v4-row-0129;excluded_costs;delivery | commissioning/start-up | deep IT integration;Дополнения для участников.pdf;page 4;delivery, commissioning and deep integration excluded;ORGANIZER_ASSUMPTION;HIGH;Explicit addendum exclusion applied to each raw price offer.
product;164329f5-2baf-47bd-86d5-adabb2fbcbc0;name;DH: Cloud Control;catalog_export_v4.csv;CSV;row 130 / Название;ORGANIZER_CSV;HIGH;Raw organizer value preserved.
product;164329f5-2baf-47bd-86d5-adabb2fbcbc0;manufacturer;"ООО ""Дронсхаб""";catalog_export_v4.csv;CSV;row 130 / компания;ORGANIZER_CSV;HIGH;Raw organizer value preserved.
product;164329f5-2baf-47bd-86d5-adabb2fbcbc0;system_family;BRS;catalog_export_v4.csv;CSV;row 130 / тип;ORGANIZER_CSV;HIGH;Normalized only from organizer token `brs`.
product;164329f5-2baf-47bd-86d5-adabb2fbcbc0;maturity_status;OPERATION;catalog_export_v4.csv;CSV;row 130 / статус;ORGANIZER_CSV;HIGH;Normalized only from organizer token `operation`.
product;164329f5-2baf-47bd-86d5-adabb2fbcbc0;trl;8;catalog_export_v4.csv;CSV;row 130 / УГТ;ORGANIZER_CSV;HIGH;Organizer value normalized to integer when possible.
product;164329f5-2baf-47bd-86d5-adabb2fbcbc0;market_potential;4.0;catalog_export_v4.csv;CSV;row 130 / Рын Потенциал;ORGANIZER_CSV;HIGH;Organizer value normalized to numeric representation.
product;164329f5-2baf-47bd-86d5-adabb2fbcbc0;type;Стационарные роботизированные системы;catalog_export_v4.csv;CSV;row 130 / Тип;ORGANIZER_CSV;HIGH;Raw organizer value preserved.
product;164329f5-2baf-47bd-86d5-adabb2fbcbc0;subtype;Роботизированные погрузочные краны;catalog_export_v4.csv;CSV;row 130 / Подтип;ORGANIZER_CSV;HIGH;Raw organizer value preserved.
applicability;app-v4-row-0130;industries;Строительство;catalog_export_v4.csv;CSV;row 130 / Отрасль;ORGANIZER_CSV;HIGH;Raw organizer applicability value.
applicability;app-v4-row-0130;use_cases;Перемещение грузов;catalog_export_v4.csv;CSV;row 130 / Сценарий;ORGANIZER_CSV;HIGH;Raw organizer applicability value.
applicability;app-v4-row-0130;regions;Москва;catalog_export_v4.csv;CSV;row 130 / Регион;ORGANIZER_CSV;HIGH;Raw organizer applicability value.
applicability;app-v4-row-0130;case_evidence;"Дронсхаб» автоматизировала управление кранами на «Металл Сервис»: один оператор контролирует до 8 машин в разных регионах
Специалисты компании «Дронсхаб групп» оснастили погрузочные краны тамбовского предприятия «Металл Сервис» бортовыми управляющими комплексами для автоматизации операций крановщиков.";catalog_export_v4.csv;CSV;row 130 / Кейсы;ORGANIZER_CSV;HIGH;Raw organizer case text.
price_offer;price-v4-row-0130;raw_price;2 200 000,00;catalog_export_v4.csv;CSV;row 130 / Цена изделия;ORGANIZER_CSV;HIGH;Raw price preserved exactly.
price_offer;price-v4-row-0130;normalized_amount;2200000.00;catalog_export_v4.csv;CSV;row 130 / Цена изделия;NORMALIZED_FROM_ORGANIZER;HIGH;"Decimal comma/space normalization only; currency not inferred."
price_offer;price-v4-row-0130;vat_status;ORGANIZER_ASSUMPTION_INCLUDED;Дополнения для участников.pdf;page 4;prices assumed VAT-inclusive;ORGANIZER_ASSUMPTION;MEDIUM;Assumption from addendum, not confirmed per-offer fact.
price_offer;price-v4-row-0130;excluded_costs;delivery | commissioning/start-up | deep IT integration;Дополнения для участников.pdf;page 4;delivery, commissioning and deep integration excluded;ORGANIZER_ASSUMPTION;HIGH;Explicit addendum exclusion applied to each raw price offer.
product;441fadd3-016a-43f9-a331-f6e757c04ce9;name;Cargo UNIT;catalog_export_v4.csv;CSV;row 131 / Название;ORGANIZER_CSV;HIGH;Raw organizer value preserved.
product;441fadd3-016a-43f9-a331-f6e757c04ce9;manufacturer;"ООО ""Дронсхаб""";catalog_export_v4.csv;CSV;row 131 / компания;ORGANIZER_CSV;HIGH;Raw organizer value preserved.
product;441fadd3-016a-43f9-a331-f6e757c04ce9;system_family;BRS;catalog_export_v4.csv;CSV;row 131 / тип;ORGANIZER_CSV;HIGH;Normalized only from organizer token `brs`.
product;441fadd3-016a-43f9-a331-f6e757c04ce9;maturity_status;OPERATION;catalog_export_v4.csv;CSV;row 131 / статус;ORGANIZER_CSV;HIGH;Normalized only from organizer token `operation`.
product;441fadd3-016a-43f9-a331-f6e757c04ce9;trl;9;catalog_export_v4.csv;CSV;row 131 / УГТ;ORGANIZER_CSV;HIGH;Organizer value normalized to integer when possible.
product;441fadd3-016a-43f9-a331-f6e757c04ce9;market_potential;4.0;catalog_export_v4.csv;CSV;row 131 / Рын Потенциал;ORGANIZER_CSV;HIGH;Organizer value normalized to numeric representation.
product;441fadd3-016a-43f9-a331-f6e757c04ce9;type;Мобильные роботы;catalog_export_v4.csv;CSV;row 131 / Тип;ORGANIZER_CSV;HIGH;Raw organizer value preserved.
product;441fadd3-016a-43f9-a331-f6e757c04ce9;subtype;Робот-ровер;catalog_export_v4.csv;CSV;row 131 / Подтип;ORGANIZER_CSV;HIGH;Raw organizer value preserved.
product;441fadd3-016a-43f9-a331-f6e757c04ce9;description.raw;Всепогодный автономный колесный ровер-вездеход, спроектированный российской компанией «Дронсхаб групп» (Droneshub). Устройство представляет собой роботизированную электрическую платформу открытого типа, созданную для тяжелой индустриальной логистики, автоматической перевозки грузов и оборудования на заводах, стройплощадках и складских территориях.;catalog_export_v4.csv;CSV;row 131 / описание;ORGANIZER_CSV;HIGH;Raw organizer description preserved without rewriting.
applicability;app-v4-row-0131;industries;Строительство;catalog_export_v4.csv;CSV;row 131 / Отрасль;ORGANIZER_CSV;HIGH;Raw organizer applicability value.
applicability;app-v4-row-0131;use_cases;Перемещение грузов;catalog_export_v4.csv;CSV;row 131 / Сценарий;ORGANIZER_CSV;HIGH;Raw organizer applicability value.
applicability;app-v4-row-0131;regions;Москва;catalog_export_v4.csv;CSV;row 131 / Регион;ORGANIZER_CSV;HIGH;Raw organizer applicability value.
applicability;app-v4-row-0131;case_evidence;"Роботизация образования: как автономные роверы Cargo UNIT обучают будущих инженеров на ВДНХ
Создана автономная роботизированная грузовая платформа грузоподъемностью до 300 кг для перевозки грузов по территории строительной площадки без участия человека-оператора.";catalog_export_v4.csv;CSV;row 131 / Кейсы;ORGANIZER_CSV;HIGH;Raw organizer case text.
price_offer;price-v4-row-0131;raw_price;2 634 670,00;catalog_export_v4.csv;CSV;row 131 / Цена изделия;ORGANIZER_CSV;HIGH;Raw price preserved exactly.
price_offer;price-v4-row-0131;normalized_amount;2634670.00;catalog_export_v4.csv;CSV;row 131 / Цена изделия;NORMALIZED_FROM_ORGANIZER;HIGH;"Decimal comma/space normalization only; currency not inferred."
price_offer;price-v4-row-0131;vat_status;ORGANIZER_ASSUMPTION_INCLUDED;Дополнения для участников.pdf;page 4;prices assumed VAT-inclusive;ORGANIZER_ASSUMPTION;MEDIUM;Assumption from addendum, not confirmed per-offer fact.
price_offer;price-v4-row-0131;excluded_costs;delivery | commissioning/start-up | deep IT integration;Дополнения для участников.pdf;page 4;delivery, commissioning and deep integration excluded;ORGANIZER_ASSUMPTION;HIGH;Explicit addendum exclusion applied to each raw price offer.
product;ee36ba78-6a9f-4ef8-9296-8ffa022782cd;name;Дефектоскоп;catalog_export_v4.csv;CSV;row 132 / Название;ORGANIZER_CSV;HIGH;Raw organizer value preserved.
product;ee36ba78-6a9f-4ef8-9296-8ffa022782cd;manufacturer;МАИ;catalog_export_v4.csv;CSV;row 132 / компания;ORGANIZER_CSV;HIGH;Raw organizer value preserved.
product;ee36ba78-6a9f-4ef8-9296-8ffa022782cd;system_family;BAS;catalog_export_v4.csv;CSV;row 132 / тип;ORGANIZER_CSV;HIGH;Normalized only from organizer token `bas`.
product;ee36ba78-6a9f-4ef8-9296-8ffa022782cd;maturity_status;RND;catalog_export_v4.csv;CSV;row 132 / статус;ORGANIZER_CSV;HIGH;Normalized only from organizer token `rnd`.
product;ee36ba78-6a9f-4ef8-9296-8ffa022782cd;trl;6;catalog_export_v4.csv;CSV;row 132 / УГТ;ORGANIZER_CSV;HIGH;Organizer value normalized to integer when possible.
product;ee36ba78-6a9f-4ef8-9296-8ffa022782cd;market_potential;4.0;catalog_export_v4.csv;CSV;row 132 / Рын Потенциал;ORGANIZER_CSV;HIGH;Organizer value normalized to numeric representation.
product;ee36ba78-6a9f-4ef8-9296-8ffa022782cd;type;БАС;catalog_export_v4.csv;CSV;row 132 / Тип;ORGANIZER_CSV;HIGH;Raw organizer value preserved.
product;ee36ba78-6a9f-4ef8-9296-8ffa022782cd;subtype;БАС мультироторного типа;catalog_export_v4.csv;CSV;row 132 / Подтип;ORGANIZER_CSV;HIGH;Raw organizer value preserved.
applicability;app-v4-row-0132;industries;Строительство;catalog_export_v4.csv;CSV;row 132 / Отрасль;ORGANIZER_CSV;HIGH;Raw organizer applicability value.
applicability;app-v4-row-0132;use_cases;Поиск дефектов зданий и сооружений при помощи ИИ;catalog_export_v4.csv;CSV;row 132 / Сценарий;ORGANIZER_CSV;HIGH;Raw organizer applicability value.
applicability;app-v4-row-0132;regions;Москва;catalog_export_v4.csv;CSV;row 132 / Регион;ORGANIZER_CSV;HIGH;Raw organizer applicability value.
applicability;app-v4-row-0132;case_evidence;Разработана методика синтетических данных в МАИ для обучения нейросети БПЛА считыванию показаний промышленных приборов в рамках умной дефектоскопии.;catalog_export_v4.csv;CSV;row 132 / Кейсы;ORGANIZER_CSV;HIGH;Raw organizer case text.
price_offer;price-v4-row-0132;raw_price;3 500 000,00;catalog_export_v4.csv;CSV;row 132 / Цена изделия;ORGANIZER_CSV;HIGH;Raw price preserved exactly.
price_offer;price-v4-row-0132;normalized_amount;3500000.00;catalog_export_v4.csv;CSV;row 132 / Цена изделия;NORMALIZED_FROM_ORGANIZER;HIGH;"Decimal comma/space normalization only; currency not inferred."
price_offer;price-v4-row-0132;vat_status;ORGANIZER_ASSUMPTION_INCLUDED;Дополнения для участников.pdf;page 4;prices assumed VAT-inclusive;ORGANIZER_ASSUMPTION;MEDIUM;Assumption from addendum, not confirmed per-offer fact.
price_offer;price-v4-row-0132;excluded_costs;delivery | commissioning/start-up | deep IT integration;Дополнения для участников.pdf;page 4;delivery, commissioning and deep integration excluded;ORGANIZER_ASSUMPTION;HIGH;Explicit addendum exclusion applied to each raw price offer.
product;3d8ff7d4-19fb-4a21-bc4a-15fb13ad3393;name;Геоскан 201;catalog_export_v4.csv;CSV;row 133 / Название;ORGANIZER_CSV;HIGH;Raw organizer value preserved.
product;3d8ff7d4-19fb-4a21-bc4a-15fb13ad3393;manufacturer;"ООО ""Геоскан""";catalog_export_v4.csv;CSV;row 133 / компания;ORGANIZER_CSV;HIGH;Raw organizer value preserved.
product;3d8ff7d4-19fb-4a21-bc4a-15fb13ad3393;system_family;BAS;catalog_export_v4.csv;CSV;row 133 / тип;ORGANIZER_CSV;HIGH;Normalized only from organizer token `bas`.
product;3d8ff7d4-19fb-4a21-bc4a-15fb13ad3393;maturity_status;OPERATION;catalog_export_v4.csv;CSV;row 133 / статус;ORGANIZER_CSV;HIGH;Normalized only from organizer token `operation`.
product;3d8ff7d4-19fb-4a21-bc4a-15fb13ad3393;trl;9;catalog_export_v4.csv;CSV;row 133 / УГТ;ORGANIZER_CSV;HIGH;Organizer value normalized to integer when possible.
product;3d8ff7d4-19fb-4a21-bc4a-15fb13ad3393;market_potential;4.0;catalog_export_v4.csv;CSV;row 133 / Рын Потенциал;ORGANIZER_CSV;HIGH;Organizer value normalized to numeric representation.
product;3d8ff7d4-19fb-4a21-bc4a-15fb13ad3393;subtype;Самолет;catalog_export_v4.csv;CSV;row 133 / Подтип;ORGANIZER_CSV;HIGH;Raw organizer value preserved.
product;3d8ff7d4-19fb-4a21-bc4a-15fb13ad3393;description.raw;Беспилотный авиационный комплекс (БАС) самолетного типа («летающее крыло»). Он спроектирован для высокоточной аэрофотосъемки, 3D-моделирования и мониторинга обширных территорий или линейно-протяженных объектов (ЛЭП, трубопроводов, дорог). Это один из самых массовых и востребованных промышленных дронов в России.;catalog_export_v4.csv;CSV;row 133 / описание;ORGANIZER_CSV;HIGH;Raw organizer description preserved without rewriting.
applicability;app-v4-row-0133;industries;Строительство;catalog_export_v4.csv;CSV;row 133 / Отрасль;ORGANIZER_CSV;HIGH;Raw organizer applicability value.
applicability;app-v4-row-0133;use_cases;Предпроектные изыскания;catalog_export_v4.csv;CSV;row 133 / Сценарий;ORGANIZER_CSV;HIGH;Raw organizer applicability value.
applicability;app-v4-row-0133;regions;Санкт-Петербург;catalog_export_v4.csv;CSV;row 133 / Регион;ORGANIZER_CSV;HIGH;Raw organizer applicability value.
applicability;app-v4-row-0133;case_evidence;Проведена аэрофотосъемка «Геоскан» в Якутии для предпроектных изысканий под строительство малой АЭС и горно-обогатительного комбината на месторождении Кючус.;catalog_export_v4.csv;CSV;row 133 / Кейсы;ORGANIZER_CSV;HIGH;Raw organizer case text.
price_offer;price-v4-row-0133;raw_price;3 200 000,00;catalog_export_v4.csv;CSV;row 133 / Цена изделия;ORGANIZER_CSV;HIGH;Raw price preserved exactly.
price_offer;price-v4-row-0133;normalized_amount;3200000.00;catalog_export_v4.csv;CSV;row 133 / Цена изделия;NORMALIZED_FROM_ORGANIZER;HIGH;"Decimal comma/space normalization only; currency not inferred."
price_offer;price-v4-row-0133;vat_status;ORGANIZER_ASSUMPTION_INCLUDED;Дополнения для участников.pdf;page 4;prices assumed VAT-inclusive;ORGANIZER_ASSUMPTION;MEDIUM;Assumption from addendum, not confirmed per-offer fact.
price_offer;price-v4-row-0133;excluded_costs;delivery | commissioning/start-up | deep IT integration;Дополнения для участников.pdf;page 4;delivery, commissioning and deep integration excluded;ORGANIZER_ASSUMPTION;HIGH;Explicit addendum exclusion applied to each raw price offer.
product;3c19d4d7-f1b7-4c46-8169-6c3b6b9345fb;name;Azarrus 1.0A;catalog_export_v4.csv;CSV;row 134 / Название;ORGANIZER_CSV;HIGH;Raw organizer value preserved.
product;3c19d4d7-f1b7-4c46-8169-6c3b6b9345fb;manufacturer;"ООО ""Деморобот""";catalog_export_v4.csv;CSV;row 134 / компания;ORGANIZER_CSV;HIGH;Raw organizer value preserved.
product;3c19d4d7-f1b7-4c46-8169-6c3b6b9345fb;system_family;BRS;catalog_export_v4.csv;CSV;row 134 / тип;ORGANIZER_CSV;HIGH;Normalized only from organizer token `brs`.
product;3c19d4d7-f1b7-4c46-8169-6c3b6b9345fb;maturity_status;OPERATION;catalog_export_v4.csv;CSV;row 134 / статус;ORGANIZER_CSV;HIGH;Normalized only from organizer token `operation`.
product;3c19d4d7-f1b7-4c46-8169-6c3b6b9345fb;trl;8;catalog_export_v4.csv;CSV;row 134 / УГТ;ORGANIZER_CSV;HIGH;Organizer value normalized to integer when possible.
product;3c19d4d7-f1b7-4c46-8169-6c3b6b9345fb;market_potential;3.0;catalog_export_v4.csv;CSV;row 134 / Рын Потенциал;ORGANIZER_CSV;HIGH;Organizer value normalized to numeric representation.
product;3c19d4d7-f1b7-4c46-8169-6c3b6b9345fb;type;Мобильные роботы;catalog_export_v4.csv;CSV;row 134 / Тип;ORGANIZER_CSV;HIGH;Raw organizer value preserved.
product;3c19d4d7-f1b7-4c46-8169-6c3b6b9345fb;subtype;Демонтажный робот;catalog_export_v4.csv;CSV;row 134 / Подтип;ORGANIZER_CSV;HIGH;Raw organizer value preserved.
product;3c19d4d7-f1b7-4c46-8169-6c3b6b9345fb;description.raw;Компактный демонтажный робот на аккумуляторных батареях. Он спроектирован для тяжелых работ в ограниченных пространствах и опасных для человека условиях.;catalog_export_v4.csv;CSV;row 134 / описание;ORGANIZER_CSV;HIGH;Raw organizer description preserved without rewriting.
applicability;app-v4-row-0134;industries;Строительство;catalog_export_v4.csv;CSV;row 134 / Отрасль;ORGANIZER_CSV;HIGH;Raw organizer applicability value.
applicability;app-v4-row-0134;use_cases;Демонтаж объектов;catalog_export_v4.csv;CSV;row 134 / Сценарий;ORGANIZER_CSV;HIGH;Raw organizer applicability value.
applicability;app-v4-row-0134;regions;Москва;catalog_export_v4.csv;CSV;row 134 / Регион;ORGANIZER_CSV;HIGH;Raw organizer applicability value.
applicability;app-v4-row-0134;case_evidence;Демонтажные роботы AZARRUS используются на объектах металлургической, горнодобывающей и строительной отраслей для выполнения работ в ограниченных пространствах.;catalog_export_v4.csv;CSV;row 134 / Кейсы;ORGANIZER_CSV;HIGH;Raw organizer case text.
price_offer;price-v4-row-0134;raw_price;6 000 000,00;catalog_export_v4.csv;CSV;row 134 / Цена изделия;ORGANIZER_CSV;HIGH;Raw price preserved exactly.
price_offer;price-v4-row-0134;normalized_amount;6000000.00;catalog_export_v4.csv;CSV;row 134 / Цена изделия;NORMALIZED_FROM_ORGANIZER;HIGH;"Decimal comma/space normalization only; currency not inferred."
price_offer;price-v4-row-0134;vat_status;ORGANIZER_ASSUMPTION_INCLUDED;Дополнения для участников.pdf;page 4;prices assumed VAT-inclusive;ORGANIZER_ASSUMPTION;MEDIUM;Assumption from addendum, not confirmed per-offer fact.
price_offer;price-v4-row-0134;excluded_costs;delivery | commissioning/start-up | deep IT integration;Дополнения для участников.pdf;page 4;delivery, commissioning and deep integration excluded;ORGANIZER_ASSUMPTION;HIGH;Explicit addendum exclusion applied to each raw price offer.
product;51505cb4-2db8-498b-a16c-421e6b816f82;name;Innospector;catalog_export_v4.csv;CSV;row 135 / Название;ORGANIZER_CSV;HIGH;Raw organizer value preserved.
product;51505cb4-2db8-498b-a16c-421e6b816f82;manufacturer;"АНО ВО ""Университет Иннополис""";catalog_export_v4.csv;CSV;row 135 / компания;ORGANIZER_CSV;HIGH;Raw organizer value preserved.
product;51505cb4-2db8-498b-a16c-421e6b816f82;system_family;BAS;catalog_export_v4.csv;CSV;row 135 / тип;ORGANIZER_CSV;HIGH;Normalized only from organizer token `bas`.
product;51505cb4-2db8-498b-a16c-421e6b816f82;maturity_status;OPERATION;catalog_export_v4.csv;CSV;row 135 / статус;ORGANIZER_CSV;HIGH;Normalized only from organizer token `operation`.
product;51505cb4-2db8-498b-a16c-421e6b816f82;trl;8;catalog_export_v4.csv;CSV;row 135 / УГТ;ORGANIZER_CSV;HIGH;Organizer value normalized to integer when possible.
product;51505cb4-2db8-498b-a16c-421e6b816f82;market_potential;5.0;catalog_export_v4.csv;CSV;row 135 / Рын Потенциал;ORGANIZER_CSV;HIGH;Organizer value normalized to numeric representation.
product;51505cb4-2db8-498b-a16c-421e6b816f82;subtype;Мультиротор;catalog_export_v4.csv;CSV;row 135 / Подтип;ORGANIZER_CSV;HIGH;Raw organizer value preserved.
applicability;app-v4-row-0135;industries;Строительство;catalog_export_v4.csv;CSV;row 135 / Отрасль;ORGANIZER_CSV;HIGH;Raw organizer applicability value.
applicability;app-v4-row-0135;use_cases;Мониторинг замкнутых пространств;catalog_export_v4.csv;CSV;row 135 / Сценарий;ORGANIZER_CSV;HIGH;Raw organizer applicability value.
applicability;app-v4-row-0135;regions;Республика Татарстан;catalog_export_v4.csv;CSV;row 135 / Регион;ORGANIZER_CSV;HIGH;Raw organizer applicability value.
applicability;app-v4-row-0135;case_evidence;«Норникель» внедрил дрон, не требующий GPS для навигации в шахтах.;catalog_export_v4.csv;CSV;row 135 / Кейсы;ORGANIZER_CSV;HIGH;Raw organizer case text.
price_offer;price-v4-row-0135;raw_price;4 200 000,00;catalog_export_v4.csv;CSV;row 135 / Цена изделия;ORGANIZER_CSV;HIGH;Raw price preserved exactly.
price_offer;price-v4-row-0135;normalized_amount;4200000.00;catalog_export_v4.csv;CSV;row 135 / Цена изделия;NORMALIZED_FROM_ORGANIZER;HIGH;"Decimal comma/space normalization only; currency not inferred."
price_offer;price-v4-row-0135;vat_status;ORGANIZER_ASSUMPTION_INCLUDED;Дополнения для участников.pdf;page 4;prices assumed VAT-inclusive;ORGANIZER_ASSUMPTION;MEDIUM;Assumption from addendum, not confirmed per-offer fact.
price_offer;price-v4-row-0135;excluded_costs;delivery | commissioning/start-up | deep IT integration;Дополнения для участников.pdf;page 4;delivery, commissioning and deep integration excluded;ORGANIZER_ASSUMPTION;HIGH;Explicit addendum exclusion applied to each raw price offer.
product;f347978a-e6d5-473c-be89-2209a2d8c003;name;БВС ОМДЖЕТ -М01;catalog_export_v4.csv;CSV;row 136 / Название;ORGANIZER_CSV;HIGH;Raw organizer value preserved.
product;f347978a-e6d5-473c-be89-2209a2d8c003;manufacturer;"ООО ""Роспроект""";catalog_export_v4.csv;CSV;row 136 / компания;ORGANIZER_CSV;HIGH;Raw organizer value preserved.
product;f347978a-e6d5-473c-be89-2209a2d8c003;system_family;BAS;catalog_export_v4.csv;CSV;row 136 / тип;ORGANIZER_CSV;HIGH;Normalized only from organizer token `bas`.
product;f347978a-e6d5-473c-be89-2209a2d8c003;maturity_status;OPERATION;catalog_export_v4.csv;CSV;row 136 / статус;ORGANIZER_CSV;HIGH;Normalized only from organizer token `operation`.
product;f347978a-e6d5-473c-be89-2209a2d8c003;trl;9;catalog_export_v4.csv;CSV;row 136 / УГТ;ORGANIZER_CSV;HIGH;Organizer value normalized to integer when possible.
product;f347978a-e6d5-473c-be89-2209a2d8c003;market_potential;3.0;catalog_export_v4.csv;CSV;row 136 / Рын Потенциал;ORGANIZER_CSV;HIGH;Organizer value normalized to numeric representation.
applicability;app-v4-row-0136;industries;Строительство;catalog_export_v4.csv;CSV;row 136 / Отрасль;ORGANIZER_CSV;HIGH;Raw organizer applicability value.
applicability;app-v4-row-0136;use_cases;Контроль использования земельных участков;catalog_export_v4.csv;CSV;row 136 / Сценарий;ORGANIZER_CSV;HIGH;Raw organizer applicability value.
applicability;app-v4-row-0136;regions;Омская область;catalog_export_v4.csv;CSV;row 136 / Регион;ORGANIZER_CSV;HIGH;Raw organizer applicability value.
applicability;app-v4-row-0136;case_evidence;Специалисты Краевого БТИ внедрили конвертоплан ОМДЖЕТ для высокоточной аэросъемки, заменив трудоемкие наземные обмеры при постановке объектов на кадастровый учет;catalog_export_v4.csv;CSV;row 136 / Кейсы;ORGANIZER_CSV;HIGH;Raw organizer case text.
price_offer;price-v4-row-0136;raw_price;2 400 000,00;catalog_export_v4.csv;CSV;row 136 / Цена изделия;ORGANIZER_CSV;HIGH;Raw price preserved exactly.
price_offer;price-v4-row-0136;normalized_amount;2400000.00;catalog_export_v4.csv;CSV;row 136 / Цена изделия;NORMALIZED_FROM_ORGANIZER;HIGH;"Decimal comma/space normalization only; currency not inferred."
price_offer;price-v4-row-0136;vat_status;ORGANIZER_ASSUMPTION_INCLUDED;Дополнения для участников.pdf;page 4;prices assumed VAT-inclusive;ORGANIZER_ASSUMPTION;MEDIUM;Assumption from addendum, not confirmed per-offer fact.
price_offer;price-v4-row-0136;excluded_costs;delivery | commissioning/start-up | deep IT integration;Дополнения для участников.pdf;page 4;delivery, commissioning and deep integration excluded;ORGANIZER_ASSUMPTION;HIGH;Explicit addendum exclusion applied to each raw price offer.
product;7ad0ceb9-6ea8-4862-9e52-8b352a8b3dda;name;Сибирячок;catalog_export_v4.csv;CSV;row 137 / Название;ORGANIZER_CSV;HIGH;Raw organizer value preserved.
product;7ad0ceb9-6ea8-4862-9e52-8b352a8b3dda;manufacturer;"ООО ""ЭВР""";catalog_export_v4.csv;CSV;row 137 / компания;ORGANIZER_CSV;HIGH;Raw organizer value preserved.
product;7ad0ceb9-6ea8-4862-9e52-8b352a8b3dda;system_family;BAS;catalog_export_v4.csv;CSV;row 137 / тип;ORGANIZER_CSV;HIGH;Normalized only from organizer token `bas`.
product;7ad0ceb9-6ea8-4862-9e52-8b352a8b3dda;maturity_status;OPERATION;catalog_export_v4.csv;CSV;row 137 / статус;ORGANIZER_CSV;HIGH;Normalized only from organizer token `operation`.
product;7ad0ceb9-6ea8-4862-9e52-8b352a8b3dda;trl;9;catalog_export_v4.csv;CSV;row 137 / УГТ;ORGANIZER_CSV;HIGH;Organizer value normalized to integer when possible.
product;7ad0ceb9-6ea8-4862-9e52-8b352a8b3dda;market_potential;4.0;catalog_export_v4.csv;CSV;row 137 / Рын Потенциал;ORGANIZER_CSV;HIGH;Organizer value normalized to numeric representation.
product;7ad0ceb9-6ea8-4862-9e52-8b352a8b3dda;description.raw;Мониторинг;catalog_export_v4.csv;CSV;row 137 / описание;ORGANIZER_CSV;HIGH;Raw organizer description preserved without rewriting.
applicability;app-v4-row-0137;industries;Строительство;catalog_export_v4.csv;CSV;row 137 / Отрасль;ORGANIZER_CSV;HIGH;Raw organizer applicability value.
applicability;app-v4-row-0137;use_cases;Мониторинг;catalog_export_v4.csv;CSV;row 137 / Сценарий;ORGANIZER_CSV;HIGH;Raw organizer applicability value.
applicability;app-v4-row-0137;regions;Москва;catalog_export_v4.csv;CSV;row 137 / Регион;ORGANIZER_CSV;HIGH;Raw organizer applicability value.
applicability;app-v4-row-0137;case_evidence;БАС применяется для мониторинговых задач;catalog_export_v4.csv;CSV;row 137 / Кейсы;ORGANIZER_CSV;HIGH;Raw organizer case text.
price_offer;price-v4-row-0137;raw_price;3 500 000,00;catalog_export_v4.csv;CSV;row 137 / Цена изделия;ORGANIZER_CSV;HIGH;Raw price preserved exactly.
price_offer;price-v4-row-0137;normalized_amount;3500000.00;catalog_export_v4.csv;CSV;row 137 / Цена изделия;NORMALIZED_FROM_ORGANIZER;HIGH;"Decimal comma/space normalization only; currency not inferred."
price_offer;price-v4-row-0137;vat_status;ORGANIZER_ASSUMPTION_INCLUDED;Дополнения для участников.pdf;page 4;prices assumed VAT-inclusive;ORGANIZER_ASSUMPTION;MEDIUM;Assumption from addendum, not confirmed per-offer fact.
price_offer;price-v4-row-0137;excluded_costs;delivery | commissioning/start-up | deep IT integration;Дополнения для участников.pdf;page 4;delivery, commissioning and deep integration excluded;ORGANIZER_ASSUMPTION;HIGH;Explicit addendum exclusion applied to each raw price offer.
product;c05b1315-5e53-46fe-bbc1-a5eb6a1aa6ae;name;Omega;catalog_export_v4.csv;CSV;row 138 / Название;ORGANIZER_CSV;HIGH;Raw organizer value preserved.
product;c05b1315-5e53-46fe-bbc1-a5eb6a1aa6ae;manufacturer;"ООО НПП ""Авакс -Геосервис""";catalog_export_v4.csv;CSV;row 138 / компания;ORGANIZER_CSV;HIGH;Raw organizer value preserved.
product;c05b1315-5e53-46fe-bbc1-a5eb6a1aa6ae;system_family;BAS;catalog_export_v4.csv;CSV;row 138 / тип;ORGANIZER_CSV;HIGH;Normalized only from organizer token `bas`.
product;c05b1315-5e53-46fe-bbc1-a5eb6a1aa6ae;maturity_status;OPERATION;catalog_export_v4.csv;CSV;row 138 / статус;ORGANIZER_CSV;HIGH;Normalized only from organizer token `operation`.
product;c05b1315-5e53-46fe-bbc1-a5eb6a1aa6ae;trl;8;catalog_export_v4.csv;CSV;row 138 / УГТ;ORGANIZER_CSV;HIGH;Organizer value normalized to integer when possible.
product;c05b1315-5e53-46fe-bbc1-a5eb6a1aa6ae;market_potential;4.0;catalog_export_v4.csv;CSV;row 138 / Рын Потенциал;ORGANIZER_CSV;HIGH;Organizer value normalized to numeric representation.
applicability;app-v4-row-0138;industries;Строительство;catalog_export_v4.csv;CSV;row 138 / Отрасль;ORGANIZER_CSV;HIGH;Raw organizer applicability value.
applicability;app-v4-row-0138;use_cases;Мониторинг;catalog_export_v4.csv;CSV;row 138 / Сценарий;ORGANIZER_CSV;HIGH;Raw organizer applicability value.
applicability;app-v4-row-0138;regions;Красноярский край;catalog_export_v4.csv;CSV;row 138 / Регион;ORGANIZER_CSV;HIGH;Raw organizer applicability value.
applicability;app-v4-row-0138;case_evidence;БАС OMEGA благодаря своим компактным габаритам и складной конструкции оперативно разворачивается прямо на стройплощадке. Проводя площадную высокоточную аэрофотосъемку, дрон зависает над конструкциями под разными углами.;catalog_export_v4.csv;CSV;row 138 / Кейсы;ORGANIZER_CSV;HIGH;Raw organizer case text.
price_offer;price-v4-row-0138;raw_price;3 500 000,00;catalog_export_v4.csv;CSV;row 138 / Цена изделия;ORGANIZER_CSV;HIGH;Raw price preserved exactly.
price_offer;price-v4-row-0138;normalized_amount;3500000.00;catalog_export_v4.csv;CSV;row 138 / Цена изделия;NORMALIZED_FROM_ORGANIZER;HIGH;"Decimal comma/space normalization only; currency not inferred."
price_offer;price-v4-row-0138;vat_status;ORGANIZER_ASSUMPTION_INCLUDED;Дополнения для участников.pdf;page 4;prices assumed VAT-inclusive;ORGANIZER_ASSUMPTION;MEDIUM;Assumption from addendum, not confirmed per-offer fact.
price_offer;price-v4-row-0138;excluded_costs;delivery | commissioning/start-up | deep IT integration;Дополнения для участников.pdf;page 4;delivery, commissioning and deep integration excluded;ORGANIZER_ASSUMPTION;HIGH;Explicit addendum exclusion applied to each raw price offer.
product;f1c8478c-86c2-4381-96db-08e0ae889b41;name;Геоскан 701;catalog_export_v4.csv;CSV;row 139 / Название;ORGANIZER_CSV;HIGH;Raw organizer value preserved.
product;f1c8478c-86c2-4381-96db-08e0ae889b41;manufacturer;"ООО ""Геоскан""";catalog_export_v4.csv;CSV;row 139 / компания;ORGANIZER_CSV;HIGH;Raw organizer value preserved.
product;f1c8478c-86c2-4381-96db-08e0ae889b41;system_family;BAS;catalog_export_v4.csv;CSV;row 139 / тип;ORGANIZER_CSV;HIGH;Normalized only from organizer token `bas`.
product;f1c8478c-86c2-4381-96db-08e0ae889b41;maturity_status;OPERATION;catalog_export_v4.csv;CSV;row 139 / статус;ORGANIZER_CSV;HIGH;Normalized only from organizer token `operation`.
product;f1c8478c-86c2-4381-96db-08e0ae889b41;trl;7;catalog_export_v4.csv;CSV;row 139 / УГТ;ORGANIZER_CSV;HIGH;Organizer value normalized to integer when possible.
product;f1c8478c-86c2-4381-96db-08e0ae889b41;market_potential;5.0;catalog_export_v4.csv;CSV;row 139 / Рын Потенциал;ORGANIZER_CSV;HIGH;Organizer value normalized to numeric representation.
product;f1c8478c-86c2-4381-96db-08e0ae889b41;description.raw;Комплекс для аэрофотосъемки максимальной производительности.;catalog_export_v4.csv;CSV;row 139 / описание;ORGANIZER_CSV;HIGH;Raw organizer description preserved without rewriting.
applicability;app-v4-row-0139;industries;ТЭК;catalog_export_v4.csv;CSV;row 139 / Отрасль;ORGANIZER_CSV;HIGH;Raw organizer applicability value.
applicability;app-v4-row-0139;use_cases;Регулярный мониторинг трубопроводов и детальный анализ, Регулярный мониторинг ЛЭП;catalog_export_v4.csv;CSV;row 139 / Сценарий;ORGANIZER_CSV;HIGH;Raw organizer applicability value.
applicability;app-v4-row-0139;regions;Санкт-Петербург;catalog_export_v4.csv;CSV;row 139 / Регион;ORGANIZER_CSV;HIGH;Raw organizer applicability value.
applicability;app-v4-row-0139;case_evidence;БАС применяется для мониторинговых задач;catalog_export_v4.csv;CSV;row 139 / Кейсы;ORGANIZER_CSV;HIGH;Raw organizer case text.
price_offer;price-v4-row-0139;raw_price;13 000 000,00;catalog_export_v4.csv;CSV;row 139 / Цена изделия;ORGANIZER_CSV;HIGH;Raw price preserved exactly.
price_offer;price-v4-row-0139;normalized_amount;13000000.00;catalog_export_v4.csv;CSV;row 139 / Цена изделия;NORMALIZED_FROM_ORGANIZER;HIGH;"Decimal comma/space normalization only; currency not inferred."
price_offer;price-v4-row-0139;vat_status;ORGANIZER_ASSUMPTION_INCLUDED;Дополнения для участников.pdf;page 4;prices assumed VAT-inclusive;ORGANIZER_ASSUMPTION;MEDIUM;Assumption from addendum, not confirmed per-offer fact.
price_offer;price-v4-row-0139;excluded_costs;delivery | commissioning/start-up | deep IT integration;Дополнения для участников.pdf;page 4;delivery, commissioning and deep integration excluded;ORGANIZER_ASSUMPTION;HIGH;Explicit addendum exclusion applied to each raw price offer.
product;6c0df6e9-ea39-40d2-93af-7aec13d629c7;name;Геоскан 401;catalog_export_v4.csv;CSV;row 140 / Название;ORGANIZER_CSV;HIGH;Raw organizer value preserved.
product;6c0df6e9-ea39-40d2-93af-7aec13d629c7;manufacturer;"ООО ""Геоскан""";catalog_export_v4.csv;CSV;row 140 / компания;ORGANIZER_CSV;HIGH;Raw organizer value preserved.
product;6c0df6e9-ea39-40d2-93af-7aec13d629c7;system_family;BAS;catalog_export_v4.csv;CSV;row 140 / тип;ORGANIZER_CSV;HIGH;Normalized only from organizer token `bas`.
product;6c0df6e9-ea39-40d2-93af-7aec13d629c7;maturity_status;OPERATION;catalog_export_v4.csv;CSV;row 140 / статус;ORGANIZER_CSV;HIGH;Normalized only from organizer token `operation`.
product;6c0df6e9-ea39-40d2-93af-7aec13d629c7;trl;9;catalog_export_v4.csv;CSV;row 140 / УГТ;ORGANIZER_CSV;HIGH;Organizer value normalized to integer when possible.
product;6c0df6e9-ea39-40d2-93af-7aec13d629c7;market_potential;4.0;catalog_export_v4.csv;CSV;row 140 / Рын Потенциал;ORGANIZER_CSV;HIGH;Organizer value normalized to numeric representation.
applicability;app-v4-row-0140;industries;ТЭК;catalog_export_v4.csv;CSV;row 140 / Отрасль;ORGANIZER_CSV;HIGH;Raw organizer applicability value.
applicability;app-v4-row-0140;use_cases;Регулярный мониторинг трубопроводов и детальный анализ, Детальный анализ состояния ЛЭП, Геологический контроль (надзор);catalog_export_v4.csv;CSV;row 140 / Сценарий;ORGANIZER_CSV;HIGH;Raw organizer applicability value.
applicability;app-v4-row-0140;regions;Санкт-Петербург;catalog_export_v4.csv;CSV;row 140 / Регион;ORGANIZER_CSV;HIGH;Raw organizer applicability value.
applicability;app-v4-row-0140;case_evidence;БАС применяется для мониторинговых задач;catalog_export_v4.csv;CSV;row 140 / Кейсы;ORGANIZER_CSV;HIGH;Raw organizer case text.
price_offer;price-v4-row-0140;raw_price;4 000 000,00;catalog_export_v4.csv;CSV;row 140 / Цена изделия;ORGANIZER_CSV;HIGH;Raw price preserved exactly.
price_offer;price-v4-row-0140;normalized_amount;4000000.00;catalog_export_v4.csv;CSV;row 140 / Цена изделия;NORMALIZED_FROM_ORGANIZER;HIGH;"Decimal comma/space normalization only; currency not inferred."
price_offer;price-v4-row-0140;vat_status;ORGANIZER_ASSUMPTION_INCLUDED;Дополнения для участников.pdf;page 4;prices assumed VAT-inclusive;ORGANIZER_ASSUMPTION;MEDIUM;Assumption from addendum, not confirmed per-offer fact.
price_offer;price-v4-row-0140;excluded_costs;delivery | commissioning/start-up | deep IT integration;Дополнения для участников.pdf;page 4;delivery, commissioning and deep integration excluded;ORGANIZER_ASSUMPTION;HIGH;Explicit addendum exclusion applied to each raw price offer.
product;33fca97e-ef4f-459d-a773-ab58b7f84fd5;name;Геоскан 401 Геодезия;catalog_export_v4.csv;CSV;row 141 / Название;ORGANIZER_CSV;HIGH;Raw organizer value preserved.
product;33fca97e-ef4f-459d-a773-ab58b7f84fd5;manufacturer;"ООО ""Геоскан""";catalog_export_v4.csv;CSV;row 141 / компания;ORGANIZER_CSV;HIGH;Raw organizer value preserved.
product;33fca97e-ef4f-459d-a773-ab58b7f84fd5;system_family;BAS;catalog_export_v4.csv;CSV;row 141 / тип;ORGANIZER_CSV;HIGH;Normalized only from organizer token `bas`.
product;33fca97e-ef4f-459d-a773-ab58b7f84fd5;maturity_status;OPERATION;catalog_export_v4.csv;CSV;row 141 / статус;ORGANIZER_CSV;HIGH;Normalized only from organizer token `operation`.
product;33fca97e-ef4f-459d-a773-ab58b7f84fd5;trl;9;catalog_export_v4.csv;CSV;row 141 / УГТ;ORGANIZER_CSV;HIGH;Organizer value normalized to integer when possible.
product;33fca97e-ef4f-459d-a773-ab58b7f84fd5;market_potential;4.0;catalog_export_v4.csv;CSV;row 141 / Рын Потенциал;ORGANIZER_CSV;HIGH;Organizer value normalized to numeric representation.
applicability;app-v4-row-0141;industries;ТЭК;catalog_export_v4.csv;CSV;row 141 / Отрасль;ORGANIZER_CSV;HIGH;Raw organizer applicability value.
applicability;app-v4-row-0141;use_cases;"Контроль состояния складов и отвалов горнодобывающих компаний 
с использованием фотограмметрии";catalog_export_v4.csv;CSV;row 141 / Сценарий;ORGANIZER_CSV;HIGH;Raw organizer applicability value.
applicability;app-v4-row-0141;regions;Санкт-Петербург;catalog_export_v4.csv;CSV;row 141 / Регион;ORGANIZER_CSV;HIGH;Raw organizer applicability value.
applicability;app-v4-row-0141;case_evidence;БАС применяется для мониторинговых задач;catalog_export_v4.csv;CSV;row 141 / Кейсы;ORGANIZER_CSV;HIGH;Raw organizer case text.
price_offer;price-v4-row-0141;raw_price;3 965 000,00;catalog_export_v4.csv;CSV;row 141 / Цена изделия;ORGANIZER_CSV;HIGH;Raw price preserved exactly.
price_offer;price-v4-row-0141;normalized_amount;3965000.00;catalog_export_v4.csv;CSV;row 141 / Цена изделия;NORMALIZED_FROM_ORGANIZER;HIGH;"Decimal comma/space normalization only; currency not inferred."
price_offer;price-v4-row-0141;vat_status;ORGANIZER_ASSUMPTION_INCLUDED;Дополнения для участников.pdf;page 4;prices assumed VAT-inclusive;ORGANIZER_ASSUMPTION;MEDIUM;Assumption from addendum, not confirmed per-offer fact.
price_offer;price-v4-row-0141;excluded_costs;delivery | commissioning/start-up | deep IT integration;Дополнения для участников.pdf;page 4;delivery, commissioning and deep integration excluded;ORGANIZER_ASSUMPTION;HIGH;Explicit addendum exclusion applied to each raw price offer.
product;3d8ff7d4-19fb-4a21-bc4a-15fb13ad3393;name;Геоскан 201;catalog_export_v4.csv;CSV;row 142 / Название;ORGANIZER_CSV;HIGH;Raw organizer value preserved.
product;3d8ff7d4-19fb-4a21-bc4a-15fb13ad3393;manufacturer;"ООО ""Геоскан""";catalog_export_v4.csv;CSV;row 142 / компания;ORGANIZER_CSV;HIGH;Raw organizer value preserved.
product;3d8ff7d4-19fb-4a21-bc4a-15fb13ad3393;system_family;BAS;catalog_export_v4.csv;CSV;row 142 / тип;ORGANIZER_CSV;HIGH;Normalized only from organizer token `bas`.
product;3d8ff7d4-19fb-4a21-bc4a-15fb13ad3393;maturity_status;OPERATION;catalog_export_v4.csv;CSV;row 142 / статус;ORGANIZER_CSV;HIGH;Normalized only from organizer token `operation`.
product;3d8ff7d4-19fb-4a21-bc4a-15fb13ad3393;trl;9;catalog_export_v4.csv;CSV;row 142 / УГТ;ORGANIZER_CSV;HIGH;Organizer value normalized to integer when possible.
product;3d8ff7d4-19fb-4a21-bc4a-15fb13ad3393;market_potential;4.0;catalog_export_v4.csv;CSV;row 142 / Рын Потенциал;ORGANIZER_CSV;HIGH;Organizer value normalized to numeric representation.
product;3d8ff7d4-19fb-4a21-bc4a-15fb13ad3393;subtype;Самолет;catalog_export_v4.csv;CSV;row 142 / Подтип;ORGANIZER_CSV;HIGH;Raw organizer value preserved.
product;3d8ff7d4-19fb-4a21-bc4a-15fb13ad3393;description.raw;Беспилотный авиационный комплекс (БАС) самолетного типа («летающее крыло»). Он спроектирован для высокоточной аэрофотосъемки, 3D-моделирования и мониторинга обширных территорий или линейно-протяженных объектов (ЛЭП, трубопроводов, дорог). Это один из самых массовых и востребованных промышленных дронов в России.;catalog_export_v4.csv;CSV;row 142 / описание;ORGANIZER_CSV;HIGH;Raw organizer description preserved without rewriting.
applicability;app-v4-row-0142;industries;ТЭК;catalog_export_v4.csv;CSV;row 142 / Отрасль;ORGANIZER_CSV;HIGH;Raw organizer applicability value.
applicability;app-v4-row-0142;use_cases;Регулярный мониторинг трубопроводов и детальный анализ;catalog_export_v4.csv;CSV;row 142 / Сценарий;ORGANIZER_CSV;HIGH;Raw organizer applicability value.
applicability;app-v4-row-0142;regions;Санкт-Петербург;catalog_export_v4.csv;CSV;row 142 / Регион;ORGANIZER_CSV;HIGH;Raw organizer applicability value.
applicability;app-v4-row-0142;case_evidence;БАС применяется для мониторинговых задач;catalog_export_v4.csv;CSV;row 142 / Кейсы;ORGANIZER_CSV;HIGH;Raw organizer case text.
price_offer;price-v4-row-0142;raw_price;3 200 000,00;catalog_export_v4.csv;CSV;row 142 / Цена изделия;ORGANIZER_CSV;HIGH;Raw price preserved exactly.
price_offer;price-v4-row-0142;normalized_amount;3200000.00;catalog_export_v4.csv;CSV;row 142 / Цена изделия;NORMALIZED_FROM_ORGANIZER;HIGH;"Decimal comma/space normalization only; currency not inferred."
price_offer;price-v4-row-0142;vat_status;ORGANIZER_ASSUMPTION_INCLUDED;Дополнения для участников.pdf;page 4;prices assumed VAT-inclusive;ORGANIZER_ASSUMPTION;MEDIUM;Assumption from addendum, not confirmed per-offer fact.
price_offer;price-v4-row-0142;excluded_costs;delivery | commissioning/start-up | deep IT integration;Дополнения для участников.pdf;page 4;delivery, commissioning and deep integration excluded;ORGANIZER_ASSUMPTION;HIGH;Explicit addendum exclusion applied to each raw price offer.
product;4d5900ff-77ef-4536-8077-7f18bc242a53;name;Supercam X4;catalog_export_v4.csv;CSV;row 143 / Название;ORGANIZER_CSV;HIGH;Raw organizer value preserved.
product;4d5900ff-77ef-4536-8077-7f18bc242a53;manufacturer;"ООО ""Финко""";catalog_export_v4.csv;CSV;row 143 / компания;ORGANIZER_CSV;HIGH;Raw organizer value preserved.
product;4d5900ff-77ef-4536-8077-7f18bc242a53;system_family;BAS;catalog_export_v4.csv;CSV;row 143 / тип;ORGANIZER_CSV;HIGH;Normalized only from organizer token `bas`.
product;4d5900ff-77ef-4536-8077-7f18bc242a53;maturity_status;OPERATION;catalog_export_v4.csv;CSV;row 143 / статус;ORGANIZER_CSV;HIGH;Normalized only from organizer token `operation`.
product;4d5900ff-77ef-4536-8077-7f18bc242a53;trl;9;catalog_export_v4.csv;CSV;row 143 / УГТ;ORGANIZER_CSV;HIGH;Organizer value normalized to integer when possible.
product;4d5900ff-77ef-4536-8077-7f18bc242a53;market_potential;4.0;catalog_export_v4.csv;CSV;row 143 / Рын Потенциал;ORGANIZER_CSV;HIGH;Organizer value normalized to numeric representation.
applicability;app-v4-row-0143;industries;ТЭК;catalog_export_v4.csv;CSV;row 143 / Отрасль;ORGANIZER_CSV;HIGH;Raw organizer applicability value.
applicability;app-v4-row-0143;use_cases;Регулярный мониторинг трубопроводов и детальный анализ, Детальный анализ состояния ЛЭП;catalog_export_v4.csv;CSV;row 143 / Сценарий;ORGANIZER_CSV;HIGH;Raw organizer applicability value.
applicability;app-v4-row-0143;regions;Удмуртская Республика;catalog_export_v4.csv;CSV;row 143 / Регион;ORGANIZER_CSV;HIGH;Raw organizer applicability value.
applicability;app-v4-row-0143;case_evidence;БАС применяется для мониторинговых задач;catalog_export_v4.csv;CSV;row 143 / Кейсы;ORGANIZER_CSV;HIGH;Raw organizer case text.
price_offer;price-v4-row-0143;raw_price;3 137 600,00;catalog_export_v4.csv;CSV;row 143 / Цена изделия;ORGANIZER_CSV;HIGH;Raw price preserved exactly.
price_offer;price-v4-row-0143;normalized_amount;3137600.00;catalog_export_v4.csv;CSV;row 143 / Цена изделия;NORMALIZED_FROM_ORGANIZER;HIGH;"Decimal comma/space normalization only; currency not inferred."
price_offer;price-v4-row-0143;vat_status;ORGANIZER_ASSUMPTION_INCLUDED;Дополнения для участников.pdf;page 4;prices assumed VAT-inclusive;ORGANIZER_ASSUMPTION;MEDIUM;Assumption from addendum, not confirmed per-offer fact.
price_offer;price-v4-row-0143;excluded_costs;delivery | commissioning/start-up | deep IT integration;Дополнения для участников.pdf;page 4;delivery, commissioning and deep integration excluded;ORGANIZER_ASSUMPTION;HIGH;Explicit addendum exclusion applied to each raw price offer.
product;8dbe4684-18ef-49f7-bced-95969703a49a;name;Supercam X4E;catalog_export_v4.csv;CSV;row 144 / Название;ORGANIZER_CSV;HIGH;Raw organizer value preserved.
product;8dbe4684-18ef-49f7-bced-95969703a49a;manufacturer;"ООО ""Финко""";catalog_export_v4.csv;CSV;row 144 / компания;ORGANIZER_CSV;HIGH;Raw organizer value preserved.
product;8dbe4684-18ef-49f7-bced-95969703a49a;system_family;BAS;catalog_export_v4.csv;CSV;row 144 / тип;ORGANIZER_CSV;HIGH;Normalized only from organizer token `bas`.
product;8dbe4684-18ef-49f7-bced-95969703a49a;maturity_status;OPERATION;catalog_export_v4.csv;CSV;row 144 / статус;ORGANIZER_CSV;HIGH;Normalized only from organizer token `operation`.
product;8dbe4684-18ef-49f7-bced-95969703a49a;trl;8;catalog_export_v4.csv;CSV;row 144 / УГТ;ORGANIZER_CSV;HIGH;Organizer value normalized to integer when possible.
product;8dbe4684-18ef-49f7-bced-95969703a49a;market_potential;4.0;catalog_export_v4.csv;CSV;row 144 / Рын Потенциал;ORGANIZER_CSV;HIGH;Organizer value normalized to numeric representation.
product;8dbe4684-18ef-49f7-bced-95969703a49a;description.raw;Профессиональный беспилотный летательный аппарат (БПЛА) мультироторного типа, разработанный группой компаний Беспилотные системы, который предназначен для высокоточного мониторинга, геодезии и картографирования в любое время суток.;catalog_export_v4.csv;CSV;row 144 / описание;ORGANIZER_CSV;HIGH;Raw organizer description preserved without rewriting.
applicability;app-v4-row-0144;industries;ТЭК;catalog_export_v4.csv;CSV;row 144 / Отрасль;ORGANIZER_CSV;HIGH;Raw organizer applicability value.
applicability;app-v4-row-0144;use_cases;Геологический контроль (надзор);catalog_export_v4.csv;CSV;row 144 / Сценарий;ORGANIZER_CSV;HIGH;Raw organizer applicability value.
applicability;app-v4-row-0144;regions;Удмуртская Республика;catalog_export_v4.csv;CSV;row 144 / Регион;ORGANIZER_CSV;HIGH;Raw organizer applicability value.
applicability;app-v4-row-0144;case_evidence;БАС применяется для мониторинговых задач;catalog_export_v4.csv;CSV;row 144 / Кейсы;ORGANIZER_CSV;HIGH;Raw organizer case text.
price_offer;price-v4-row-0144;raw_price;5 038 000,00;catalog_export_v4.csv;CSV;row 144 / Цена изделия;ORGANIZER_CSV;HIGH;Raw price preserved exactly.
price_offer;price-v4-row-0144;normalized_amount;5038000.00;catalog_export_v4.csv;CSV;row 144 / Цена изделия;NORMALIZED_FROM_ORGANIZER;HIGH;"Decimal comma/space normalization only; currency not inferred."
price_offer;price-v4-row-0144;vat_status;ORGANIZER_ASSUMPTION_INCLUDED;Дополнения для участников.pdf;page 4;prices assumed VAT-inclusive;ORGANIZER_ASSUMPTION;MEDIUM;Assumption from addendum, not confirmed per-offer fact.
price_offer;price-v4-row-0144;excluded_costs;delivery | commissioning/start-up | deep IT integration;Дополнения для участников.pdf;page 4;delivery, commissioning and deep integration excluded;ORGANIZER_ASSUMPTION;HIGH;Explicit addendum exclusion applied to each raw price offer.
product;93ad5785-a2bb-47a2-b611-1b9b857cea48;name;ДИАМ 20К;catalog_export_v4.csv;CSV;row 145 / Название;ORGANIZER_CSV;HIGH;Raw organizer value preserved.
product;93ad5785-a2bb-47a2-b611-1b9b857cea48;manufacturer;"АО ГК ""Икар""";catalog_export_v4.csv;CSV;row 145 / компания;ORGANIZER_CSV;HIGH;Raw organizer value preserved.
product;93ad5785-a2bb-47a2-b611-1b9b857cea48;system_family;BAS;catalog_export_v4.csv;CSV;row 145 / тип;ORGANIZER_CSV;HIGH;Normalized only from organizer token `bas`.
product;93ad5785-a2bb-47a2-b611-1b9b857cea48;maturity_status;OPERATION;catalog_export_v4.csv;CSV;row 145 / статус;ORGANIZER_CSV;HIGH;Normalized only from organizer token `operation`.
product;93ad5785-a2bb-47a2-b611-1b9b857cea48;trl;7;catalog_export_v4.csv;CSV;row 145 / УГТ;ORGANIZER_CSV;HIGH;Organizer value normalized to integer when possible.
product;93ad5785-a2bb-47a2-b611-1b9b857cea48;market_potential;4.0;catalog_export_v4.csv;CSV;row 145 / Рын Потенциал;ORGANIZER_CSV;HIGH;Organizer value normalized to numeric representation.
applicability;app-v4-row-0145;industries;ТЭК;catalog_export_v4.csv;CSV;row 145 / Отрасль;ORGANIZER_CSV;HIGH;Raw organizer applicability value.
applicability;app-v4-row-0145;use_cases;Геологический контроль (надзор);catalog_export_v4.csv;CSV;row 145 / Сценарий;ORGANIZER_CSV;HIGH;Raw organizer applicability value.
applicability;app-v4-row-0145;regions;Москва;catalog_export_v4.csv;CSV;row 145 / Регион;ORGANIZER_CSV;HIGH;Raw organizer applicability value.
applicability;app-v4-row-0145;case_evidence;БАС применяется для мониторинговых задач;catalog_export_v4.csv;CSV;row 145 / Кейсы;ORGANIZER_CSV;HIGH;Raw organizer case text.
price_offer;price-v4-row-0145;raw_price;13 000 000,00;catalog_export_v4.csv;CSV;row 145 / Цена изделия;ORGANIZER_CSV;HIGH;Raw price preserved exactly.
price_offer;price-v4-row-0145;normalized_amount;13000000.00;catalog_export_v4.csv;CSV;row 145 / Цена изделия;NORMALIZED_FROM_ORGANIZER;HIGH;"Decimal comma/space normalization only; currency not inferred."
price_offer;price-v4-row-0145;vat_status;ORGANIZER_ASSUMPTION_INCLUDED;Дополнения для участников.pdf;page 4;prices assumed VAT-inclusive;ORGANIZER_ASSUMPTION;MEDIUM;Assumption from addendum, not confirmed per-offer fact.
price_offer;price-v4-row-0145;excluded_costs;delivery | commissioning/start-up | deep IT integration;Дополнения для участников.pdf;page 4;delivery, commissioning and deep integration excluded;ORGANIZER_ASSUMPTION;HIGH;Explicit addendum exclusion applied to each raw price offer.
product;5778fa74-615d-4f5e-8660-70d0d7ee4b88;name;MARTin;catalog_export_v4.csv;CSV;row 146 / Название;ORGANIZER_CSV;HIGH;Raw organizer value preserved.
product;5778fa74-615d-4f5e-8660-70d0d7ee4b88;manufacturer;"ООО ""Миррико""";catalog_export_v4.csv;CSV;row 146 / компания;ORGANIZER_CSV;HIGH;Raw organizer value preserved.
product;5778fa74-615d-4f5e-8660-70d0d7ee4b88;system_family;BRS;catalog_export_v4.csv;CSV;row 146 / тип;ORGANIZER_CSV;HIGH;Normalized only from organizer token `brs`.
product;5778fa74-615d-4f5e-8660-70d0d7ee4b88;maturity_status;OPERATION;catalog_export_v4.csv;CSV;row 146 / статус;ORGANIZER_CSV;HIGH;Normalized only from organizer token `operation`.
product;5778fa74-615d-4f5e-8660-70d0d7ee4b88;trl;9;catalog_export_v4.csv;CSV;row 146 / УГТ;ORGANIZER_CSV;HIGH;Organizer value normalized to integer when possible.
product;5778fa74-615d-4f5e-8660-70d0d7ee4b88;market_potential;3.0;catalog_export_v4.csv;CSV;row 146 / Рын Потенциал;ORGANIZER_CSV;HIGH;Organizer value normalized to numeric representation.
product;5778fa74-615d-4f5e-8660-70d0d7ee4b88;type;Мобильные роботы;catalog_export_v4.csv;CSV;row 146 / Тип;ORGANIZER_CSV;HIGH;Raw organizer value preserved.
product;5778fa74-615d-4f5e-8660-70d0d7ee4b88;subtype;Внутритрубные роботизированные системы;catalog_export_v4.csv;CSV;row 146 / Подтип;ORGANIZER_CSV;HIGH;Raw organizer value preserved.
product;5778fa74-615d-4f5e-8660-70d0d7ee4b88;description.raw;Мобильный автономный роботизированный комплекс. Предназначен для бесконтактной (дистанционной) зачистки резервуаров (РВС) от донных нефтешламов и очистки нефтепромыслового оборудования. Использование робота позволяет полностью исключить присутствие человека внутри опасной емкости и автоматизировать процесс.;catalog_export_v4.csv;CSV;row 146 / описание;ORGANIZER_CSV;HIGH;Raw organizer description preserved without rewriting.
applicability;app-v4-row-0146;industries;ТЭК;catalog_export_v4.csv;CSV;row 146 / Отрасль;ORGANIZER_CSV;HIGH;Raw organizer applicability value.
applicability;app-v4-row-0146;use_cases;Внутритрубная диагностика, очистка и ремонт труб;catalog_export_v4.csv;CSV;row 146 / Сценарий;ORGANIZER_CSV;HIGH;Raw organizer applicability value.
applicability;app-v4-row-0146;regions;Москва;catalog_export_v4.csv;CSV;row 146 / Регион;ORGANIZER_CSV;HIGH;Raw organizer applicability value.
applicability;app-v4-row-0146;case_evidence;Успешно применен роботизированный метод стриппинга нефтехимического оборудования на Вынгапуровском месторождении («Газпром-нефть-Ноябрьскнефтегаз»).;catalog_export_v4.csv;CSV;row 146 / Кейсы;ORGANIZER_CSV;HIGH;Raw organizer case text.
price_offer;price-v4-row-0146;raw_price;2 500 000,00;catalog_export_v4.csv;CSV;row 146 / Цена изделия;ORGANIZER_CSV;HIGH;Raw price preserved exactly.
price_offer;price-v4-row-0146;normalized_amount;2500000.00;catalog_export_v4.csv;CSV;row 146 / Цена изделия;NORMALIZED_FROM_ORGANIZER;HIGH;"Decimal comma/space normalization only; currency not inferred."
price_offer;price-v4-row-0146;vat_status;ORGANIZER_ASSUMPTION_INCLUDED;Дополнения для участников.pdf;page 4;prices assumed VAT-inclusive;ORGANIZER_ASSUMPTION;MEDIUM;Assumption from addendum, not confirmed per-offer fact.
price_offer;price-v4-row-0146;excluded_costs;delivery | commissioning/start-up | deep IT integration;Дополнения для участников.pdf;page 4;delivery, commissioning and deep integration excluded;ORGANIZER_ASSUMPTION;HIGH;Explicit addendum exclusion applied to each raw price offer.
product;bec9e863-0c3d-44cc-a656-766a323a9746;name;Внутритрубные роботизированные системы Тьюбот;catalog_export_v4.csv;CSV;row 147 / Название;ORGANIZER_CSV;HIGH;Raw organizer value preserved.
product;bec9e863-0c3d-44cc-a656-766a323a9746;manufacturer;"ООО ""Тьюбот""";catalog_export_v4.csv;CSV;row 147 / компания;ORGANIZER_CSV;HIGH;Raw organizer value preserved.
product;bec9e863-0c3d-44cc-a656-766a323a9746;system_family;BRS;catalog_export_v4.csv;CSV;row 147 / тип;ORGANIZER_CSV;HIGH;Normalized only from organizer token `brs`.
product;bec9e863-0c3d-44cc-a656-766a323a9746;maturity_status;OPERATION;catalog_export_v4.csv;CSV;row 147 / статус;ORGANIZER_CSV;HIGH;Normalized only from organizer token `operation`.
product;bec9e863-0c3d-44cc-a656-766a323a9746;trl;9;catalog_export_v4.csv;CSV;row 147 / УГТ;ORGANIZER_CSV;HIGH;Organizer value normalized to integer when possible.
product;bec9e863-0c3d-44cc-a656-766a323a9746;market_potential;4.0;catalog_export_v4.csv;CSV;row 147 / Рын Потенциал;ORGANIZER_CSV;HIGH;Organizer value normalized to numeric representation.
product;bec9e863-0c3d-44cc-a656-766a323a9746;type;Мобильные роботы;catalog_export_v4.csv;CSV;row 147 / Тип;ORGANIZER_CSV;HIGH;Raw organizer value preserved.
product;bec9e863-0c3d-44cc-a656-766a323a9746;subtype;Внутритрубные роботизированные системы;catalog_export_v4.csv;CSV;row 147 / Подтип;ORGANIZER_CSV;HIGH;Raw organizer value preserved.
product;bec9e863-0c3d-44cc-a656-766a323a9746;description.raw;Роботы TUBOT созданы для сегмента unpiggable — сложных, разветвленных заводских и городских сетей, которые раньше приходилось проверять только снаружи (что требовало раскопок или демонтажа). Робот передвигается внутри пустых или заполненных сред за счет собственного автономного тягового модуля.;catalog_export_v4.csv;CSV;row 147 / описание;ORGANIZER_CSV;HIGH;Raw organizer description preserved without rewriting.
applicability;app-v4-row-0147;industries;ТЭК;catalog_export_v4.csv;CSV;row 147 / Отрасль;ORGANIZER_CSV;HIGH;Raw organizer applicability value.
applicability;app-v4-row-0147;use_cases;Внутритрубная диагностика, очистка и ремонт труб;catalog_export_v4.csv;CSV;row 147 / Сценарий;ORGANIZER_CSV;HIGH;Raw organizer applicability value.
applicability;app-v4-row-0147;regions;Москва;catalog_export_v4.csv;CSV;row 147 / Регион;ORGANIZER_CSV;HIGH;Raw organizer applicability value.
applicability;app-v4-row-0147;case_evidence;Применены роботы для внутритрубной диагностики на нефтегазовом месторождении в ЯНАО.;catalog_export_v4.csv;CSV;row 147 / Кейсы;ORGANIZER_CSV;HIGH;Raw organizer case text.
price_offer;price-v4-row-0147;raw_price;3 500 000,00;catalog_export_v4.csv;CSV;row 147 / Цена изделия;ORGANIZER_CSV;HIGH;Raw price preserved exactly.
price_offer;price-v4-row-0147;normalized_amount;3500000.00;catalog_export_v4.csv;CSV;row 147 / Цена изделия;NORMALIZED_FROM_ORGANIZER;HIGH;"Decimal comma/space normalization only; currency not inferred."
price_offer;price-v4-row-0147;vat_status;ORGANIZER_ASSUMPTION_INCLUDED;Дополнения для участников.pdf;page 4;prices assumed VAT-inclusive;ORGANIZER_ASSUMPTION;MEDIUM;Assumption from addendum, not confirmed per-offer fact.
price_offer;price-v4-row-0147;excluded_costs;delivery | commissioning/start-up | deep IT integration;Дополнения для участников.pdf;page 4;delivery, commissioning and deep integration excluded;ORGANIZER_ASSUMPTION;HIGH;Explicit addendum exclusion applied to each raw price offer.
product;8ab1ea05-1c09-4f71-88a4-fffb0b725d6b;name;Херсонес;catalog_export_v4.csv;CSV;row 148 / Название;ORGANIZER_CSV;HIGH;Raw organizer value preserved.
product;8ab1ea05-1c09-4f71-88a4-fffb0b725d6b;manufacturer;"ФГАОУ ВО ""Севастопольский Государственный Университет""";catalog_export_v4.csv;CSV;row 148 / компания;ORGANIZER_CSV;HIGH;Raw organizer value preserved.
product;8ab1ea05-1c09-4f71-88a4-fffb0b725d6b;system_family;BRS;catalog_export_v4.csv;CSV;row 148 / тип;ORGANIZER_CSV;HIGH;Normalized only from organizer token `brs`.
product;8ab1ea05-1c09-4f71-88a4-fffb0b725d6b;maturity_status;PILOTING;catalog_export_v4.csv;CSV;row 148 / статус;ORGANIZER_CSV;HIGH;Normalized only from organizer token `piloting`.
product;8ab1ea05-1c09-4f71-88a4-fffb0b725d6b;trl;7;catalog_export_v4.csv;CSV;row 148 / УГТ;ORGANIZER_CSV;HIGH;Organizer value normalized to integer when possible.
product;8ab1ea05-1c09-4f71-88a4-fffb0b725d6b;market_potential;3.0;catalog_export_v4.csv;CSV;row 148 / Рын Потенциал;ORGANIZER_CSV;HIGH;Organizer value normalized to numeric representation.
product;8ab1ea05-1c09-4f71-88a4-fffb0b725d6b;type;Морские роботы;catalog_export_v4.csv;CSV;row 148 / Тип;ORGANIZER_CSV;HIGH;Raw organizer value preserved.
product;8ab1ea05-1c09-4f71-88a4-fffb0b725d6b;subtype;ТНПА;catalog_export_v4.csv;CSV;row 148 / Подтип;ORGANIZER_CSV;HIGH;Raw organizer value preserved.
applicability;app-v4-row-0148;industries;ТЭК;catalog_export_v4.csv;CSV;row 148 / Отрасль;ORGANIZER_CSV;HIGH;Raw organizer applicability value.
applicability;app-v4-row-0148;use_cases;Проведение подводных работ и мониторинга;catalog_export_v4.csv;CSV;row 148 / Сценарий;ORGANIZER_CSV;HIGH;Raw organizer applicability value.
applicability;app-v4-row-0148;regions;Севастополь;catalog_export_v4.csv;CSV;row 148 / Регион;ORGANIZER_CSV;HIGH;Raw organizer applicability value.
applicability;app-v4-row-0148;case_evidence;Испытанный при разливе мазута аппарат из Севастополя предложили применять в газовой сфере.;catalog_export_v4.csv;CSV;row 148 / Кейсы;ORGANIZER_CSV;HIGH;Raw organizer case text.
price_offer;price-v4-row-0148;raw_price;5 000 000,00;catalog_export_v4.csv;CSV;row 148 / Цена изделия;ORGANIZER_CSV;HIGH;Raw price preserved exactly.
price_offer;price-v4-row-0148;normalized_amount;5000000.00;catalog_export_v4.csv;CSV;row 148 / Цена изделия;NORMALIZED_FROM_ORGANIZER;HIGH;"Decimal comma/space normalization only; currency not inferred."
price_offer;price-v4-row-0148;vat_status;ORGANIZER_ASSUMPTION_INCLUDED;Дополнения для участников.pdf;page 4;prices assumed VAT-inclusive;ORGANIZER_ASSUMPTION;MEDIUM;Assumption from addendum, not confirmed per-offer fact.
price_offer;price-v4-row-0148;excluded_costs;delivery | commissioning/start-up | deep IT integration;Дополнения для участников.pdf;page 4;delivery, commissioning and deep integration excluded;ORGANIZER_ASSUMPTION;HIGH;Explicit addendum exclusion applied to each raw price offer.
product;45487628-a2c6-421f-9ea4-761b6c3be240;name;МК;catalog_export_v4.csv;CSV;row 149 / Название;ORGANIZER_CSV;HIGH;Raw organizer value preserved.
product;45487628-a2c6-421f-9ea4-761b6c3be240;manufacturer;"ФГАОУ ВО ""Севастопольский Государственный Университет""";catalog_export_v4.csv;CSV;row 149 / компания;ORGANIZER_CSV;HIGH;Raw organizer value preserved.
product;45487628-a2c6-421f-9ea4-761b6c3be240;system_family;BRS;catalog_export_v4.csv;CSV;row 149 / тип;ORGANIZER_CSV;HIGH;Normalized only from organizer token `brs`.
product;45487628-a2c6-421f-9ea4-761b6c3be240;maturity_status;PILOTING;catalog_export_v4.csv;CSV;row 149 / статус;ORGANIZER_CSV;HIGH;Normalized only from organizer token `piloting`.
product;45487628-a2c6-421f-9ea4-761b6c3be240;trl;7;catalog_export_v4.csv;CSV;row 149 / УГТ;ORGANIZER_CSV;HIGH;Organizer value normalized to integer when possible.
product;45487628-a2c6-421f-9ea4-761b6c3be240;market_potential;3.0;catalog_export_v4.csv;CSV;row 149 / Рын Потенциал;ORGANIZER_CSV;HIGH;Organizer value normalized to numeric representation.
product;45487628-a2c6-421f-9ea4-761b6c3be240;type;Морские роботы;catalog_export_v4.csv;CSV;row 149 / Тип;ORGANIZER_CSV;HIGH;Raw organizer value preserved.
product;45487628-a2c6-421f-9ea4-761b6c3be240;subtype;Модульная надводная многофункциональная платформа;catalog_export_v4.csv;CSV;row 149 / Подтип;ORGANIZER_CSV;HIGH;Raw organizer value preserved.
applicability;app-v4-row-0149;industries;ТЭК;catalog_export_v4.csv;CSV;row 149 / Отрасль;ORGANIZER_CSV;HIGH;Raw organizer applicability value.
applicability;app-v4-row-0149;use_cases;Проведение подводных работ и мониторинга;catalog_export_v4.csv;CSV;row 149 / Сценарий;ORGANIZER_CSV;HIGH;Raw organizer applicability value.
applicability;app-v4-row-0149;regions;Севастополь;catalog_export_v4.csv;CSV;row 149 / Регион;ORGANIZER_CSV;HIGH;Raw organizer applicability value.
applicability;app-v4-row-0149;case_evidence;Модульная надводная многофункциональная платформа применяется для мониторинговых задач;catalog_export_v4.csv;CSV;row 149 / Кейсы;ORGANIZER_CSV;HIGH;Raw organizer case text.
price_offer;price-v4-row-0149;raw_price;5 000 000,00;catalog_export_v4.csv;CSV;row 149 / Цена изделия;ORGANIZER_CSV;HIGH;Raw price preserved exactly.
price_offer;price-v4-row-0149;normalized_amount;5000000.00;catalog_export_v4.csv;CSV;row 149 / Цена изделия;NORMALIZED_FROM_ORGANIZER;HIGH;"Decimal comma/space normalization only; currency not inferred."
price_offer;price-v4-row-0149;vat_status;ORGANIZER_ASSUMPTION_INCLUDED;Дополнения для участников.pdf;page 4;prices assumed VAT-inclusive;ORGANIZER_ASSUMPTION;MEDIUM;Assumption from addendum, not confirmed per-offer fact.
price_offer;price-v4-row-0149;excluded_costs;delivery | commissioning/start-up | deep IT integration;Дополнения для участников.pdf;page 4;delivery, commissioning and deep integration excluded;ORGANIZER_ASSUMPTION;HIGH;Explicit addendum exclusion applied to each raw price offer.
product;60023f03-3a54-4d12-a1d7-6a00f8a353be;name;БЭК-Р;catalog_export_v4.csv;CSV;row 150 / Название;ORGANIZER_CSV;HIGH;Raw organizer value preserved.
product;60023f03-3a54-4d12-a1d7-6a00f8a353be;manufacturer;"ФГАОУ ВО ""Севастопольский Государственный Университет""";catalog_export_v4.csv;CSV;row 150 / компания;ORGANIZER_CSV;HIGH;Raw organizer value preserved.
product;60023f03-3a54-4d12-a1d7-6a00f8a353be;system_family;BRS;catalog_export_v4.csv;CSV;row 150 / тип;ORGANIZER_CSV;HIGH;Normalized only from organizer token `brs`.
product;60023f03-3a54-4d12-a1d7-6a00f8a353be;maturity_status;RND;catalog_export_v4.csv;CSV;row 150 / статус;ORGANIZER_CSV;HIGH;Normalized only from organizer token `rnd`.
product;60023f03-3a54-4d12-a1d7-6a00f8a353be;trl;6;catalog_export_v4.csv;CSV;row 150 / УГТ;ORGANIZER_CSV;HIGH;Organizer value normalized to integer when possible.
product;60023f03-3a54-4d12-a1d7-6a00f8a353be;market_potential;3.0;catalog_export_v4.csv;CSV;row 150 / Рын Потенциал;ORGANIZER_CSV;HIGH;Organizer value normalized to numeric representation.
product;60023f03-3a54-4d12-a1d7-6a00f8a353be;type;Морские роботы;catalog_export_v4.csv;CSV;row 150 / Тип;ORGANIZER_CSV;HIGH;Raw organizer value preserved.
product;60023f03-3a54-4d12-a1d7-6a00f8a353be;subtype;Многофункциональный бэзэкипажный катер;catalog_export_v4.csv;CSV;row 150 / Подтип;ORGANIZER_CSV;HIGH;Raw organizer value preserved.
applicability;app-v4-row-0150;industries;ТЭК;catalog_export_v4.csv;CSV;row 150 / Отрасль;ORGANIZER_CSV;HIGH;Raw organizer applicability value.
applicability;app-v4-row-0150;use_cases;Проведение подводных работ и мониторинга, Доставка грузов;catalog_export_v4.csv;CSV;row 150 / Сценарий;ORGANIZER_CSV;HIGH;Raw organizer applicability value.
applicability;app-v4-row-0150;regions;Севастополь;catalog_export_v4.csv;CSV;row 150 / Регион;ORGANIZER_CSV;HIGH;Raw organizer applicability value.
applicability;app-v4-row-0150;case_evidence;Безэкипажный катер предназначен для мониторинга, патрулирования, доставки полезной нагрузки массой до 350 кг в речных и морских акваториях;catalog_export_v4.csv;CSV;row 150 / Кейсы;ORGANIZER_CSV;HIGH;Raw organizer case text.
price_offer;price-v4-row-0150;raw_price;5 000 000,00;catalog_export_v4.csv;CSV;row 150 / Цена изделия;ORGANIZER_CSV;HIGH;Raw price preserved exactly.
price_offer;price-v4-row-0150;normalized_amount;5000000.00;catalog_export_v4.csv;CSV;row 150 / Цена изделия;NORMALIZED_FROM_ORGANIZER;HIGH;"Decimal comma/space normalization only; currency not inferred."
price_offer;price-v4-row-0150;vat_status;ORGANIZER_ASSUMPTION_INCLUDED;Дополнения для участников.pdf;page 4;prices assumed VAT-inclusive;ORGANIZER_ASSUMPTION;MEDIUM;Assumption from addendum, not confirmed per-offer fact.
price_offer;price-v4-row-0150;excluded_costs;delivery | commissioning/start-up | deep IT integration;Дополнения для участников.pdf;page 4;delivery, commissioning and deep integration excluded;ORGANIZER_ASSUMPTION;HIGH;Explicit addendum exclusion applied to each raw price offer.
product;3416f6ec-ccf2-457f-b076-fa9d09648e33;name;"БЭК ""Сивуч""";catalog_export_v4.csv;CSV;row 151 / Название;ORGANIZER_CSV;HIGH;Raw organizer value preserved.
product;3416f6ec-ccf2-457f-b076-fa9d09648e33;manufacturer;"АНО ""Техносфера""";catalog_export_v4.csv;CSV;row 151 / компания;ORGANIZER_CSV;HIGH;Raw organizer value preserved.
product;3416f6ec-ccf2-457f-b076-fa9d09648e33;system_family;BRS;catalog_export_v4.csv;CSV;row 151 / тип;ORGANIZER_CSV;HIGH;Normalized only from organizer token `brs`.
product;3416f6ec-ccf2-457f-b076-fa9d09648e33;maturity_status;RND;catalog_export_v4.csv;CSV;row 151 / статус;ORGANIZER_CSV;HIGH;Normalized only from organizer token `rnd`.
product;3416f6ec-ccf2-457f-b076-fa9d09648e33;trl;7;catalog_export_v4.csv;CSV;row 151 / УГТ;ORGANIZER_CSV;HIGH;Organizer value normalized to integer when possible.
product;3416f6ec-ccf2-457f-b076-fa9d09648e33;type;Морские роботы;catalog_export_v4.csv;CSV;row 151 / Тип;ORGANIZER_CSV;HIGH;Raw organizer value preserved.
product;3416f6ec-ccf2-457f-b076-fa9d09648e33;description.raw;"Осадка - 0.3 метра
Удаленное управление спуском и подъёмом двигателя
Удаленное управление спуском и подъёмом штанги МЛЭ
Радиус эксплуатации - в телеуправляемом режиме 5-15 км (зависит от высоты базовой станции и метеоусловий) в автономном режимеограничен запасом хода.";catalog_export_v4.csv;CSV;row 151 / описание;ORGANIZER_CSV;HIGH;Raw organizer description preserved without rewriting.
applicability;app-v4-row-0151;industries;ТЭК;catalog_export_v4.csv;CSV;row 151 / Отрасль;ORGANIZER_CSV;HIGH;Raw organizer applicability value.
applicability;app-v4-row-0151;use_cases;Мониторинг трубопроводов;catalog_export_v4.csv;CSV;row 151 / Сценарий;ORGANIZER_CSV;HIGH;Raw organizer applicability value.
applicability;app-v4-row-0151;regions;Сахалинская область;catalog_export_v4.csv;CSV;row 151 / Регион;ORGANIZER_CSV;HIGH;Raw organizer applicability value.
applicability;app-v4-row-0151;case_evidence;Безэкипажный катер для доставки грузов грузоподъемностью 750 кг совершил переход из Тараная до мыса Анастасия на Сахалине. В результате были подтверждены надежность и эффективность аппарата.;catalog_export_v4.csv;CSV;row 151 / Кейсы;ORGANIZER_CSV;HIGH;Raw organizer case text.
price_offer;price-v4-row-0151;raw_price;5 000 000,00;catalog_export_v4.csv;CSV;row 151 / Цена изделия;ORGANIZER_CSV;HIGH;Raw price preserved exactly.
price_offer;price-v4-row-0151;normalized_amount;5000000.00;catalog_export_v4.csv;CSV;row 151 / Цена изделия;NORMALIZED_FROM_ORGANIZER;HIGH;"Decimal comma/space normalization only; currency not inferred."
price_offer;price-v4-row-0151;vat_status;ORGANIZER_ASSUMPTION_INCLUDED;Дополнения для участников.pdf;page 4;prices assumed VAT-inclusive;ORGANIZER_ASSUMPTION;MEDIUM;Assumption from addendum, not confirmed per-offer fact.
price_offer;price-v4-row-0151;excluded_costs;delivery | commissioning/start-up | deep IT integration;Дополнения для участников.pdf;page 4;delivery, commissioning and deep integration excluded;ORGANIZER_ASSUMPTION;HIGH;Explicit addendum exclusion applied to each raw price offer.
product;cd5058fb-f2d3-4bd2-8213-5e708d1cef3b;name;РБ-100;catalog_export_v4.csv;CSV;row 152 / Название;ORGANIZER_CSV;HIGH;Raw organizer value preserved.
product;cd5058fb-f2d3-4bd2-8213-5e708d1cef3b;manufacturer;"ООО ""Ровбилдер""";catalog_export_v4.csv;CSV;row 152 / компания;ORGANIZER_CSV;HIGH;Raw organizer value preserved.
product;cd5058fb-f2d3-4bd2-8213-5e708d1cef3b;system_family;BRS;catalog_export_v4.csv;CSV;row 152 / тип;ORGANIZER_CSV;HIGH;Normalized only from organizer token `brs`.
product;cd5058fb-f2d3-4bd2-8213-5e708d1cef3b;maturity_status;PILOTING;catalog_export_v4.csv;CSV;row 152 / статус;ORGANIZER_CSV;HIGH;Normalized only from organizer token `piloting`.
product;cd5058fb-f2d3-4bd2-8213-5e708d1cef3b;trl;7;catalog_export_v4.csv;CSV;row 152 / УГТ;ORGANIZER_CSV;HIGH;Organizer value normalized to integer when possible.
product;cd5058fb-f2d3-4bd2-8213-5e708d1cef3b;market_potential;3.0;catalog_export_v4.csv;CSV;row 152 / Рын Потенциал;ORGANIZER_CSV;HIGH;Organizer value normalized to numeric representation.
product;cd5058fb-f2d3-4bd2-8213-5e708d1cef3b;type;Морские роботы;catalog_export_v4.csv;CSV;row 152 / Тип;ORGANIZER_CSV;HIGH;Raw organizer value preserved.
product;cd5058fb-f2d3-4bd2-8213-5e708d1cef3b;description.raw;"Стартовая модель линейки – подводный аппарат РБ-100. При максимально возможной глубине в 100 метров не рекомендуем использовать ее в реальных условиях на глубинах свыше 30-50 метров и течении более 0.5 м/с.
Область применения подводного аппарата РБ-100 — это работы, выполняемые: 
водолазными компаниями,
рыбными хозяйствами,
дайвинг-центрами,
рыбаками и яхтсменами, также
осмотр гидросооружений и т. д";catalog_export_v4.csv;CSV;row 152 / описание;ORGANIZER_CSV;HIGH;Raw organizer description preserved without rewriting.
applicability;app-v4-row-0152;industries;ТЭК;catalog_export_v4.csv;CSV;row 152 / Отрасль;ORGANIZER_CSV;HIGH;Raw organizer applicability value.
applicability;app-v4-row-0152;use_cases;Проведение подводных работ и мониторинга;catalog_export_v4.csv;CSV;row 152 / Сценарий;ORGANIZER_CSV;HIGH;Raw organizer applicability value.
applicability;app-v4-row-0152;regions; Калужская обл;catalog_export_v4.csv;CSV;row 152 / Регион;ORGANIZER_CSV;HIGH;Raw organizer applicability value.
applicability;app-v4-row-0152;case_evidence;Подводный аппарат РБ-100 применяется для смотровых, поисковых работ, а также для выполнения водолазных задач на глубине до 100 метров;catalog_export_v4.csv;CSV;row 152 / Кейсы;ORGANIZER_CSV;HIGH;Raw organizer case text.
price_offer;price-v4-row-0152;raw_price;5 000 000,00;catalog_export_v4.csv;CSV;row 152 / Цена изделия;ORGANIZER_CSV;HIGH;Raw price preserved exactly.
price_offer;price-v4-row-0152;normalized_amount;5000000.00;catalog_export_v4.csv;CSV;row 152 / Цена изделия;NORMALIZED_FROM_ORGANIZER;HIGH;"Decimal comma/space normalization only; currency not inferred."
price_offer;price-v4-row-0152;vat_status;ORGANIZER_ASSUMPTION_INCLUDED;Дополнения для участников.pdf;page 4;prices assumed VAT-inclusive;ORGANIZER_ASSUMPTION;MEDIUM;Assumption from addendum, not confirmed per-offer fact.
price_offer;price-v4-row-0152;excluded_costs;delivery | commissioning/start-up | deep IT integration;Дополнения для участников.pdf;page 4;delivery, commissioning and deep integration excluded;ORGANIZER_ASSUMPTION;HIGH;Explicit addendum exclusion applied to each raw price offer.
product;e0a7a647-8cdf-471a-bf6f-dff6ec9cec7d;name;РБ-150;catalog_export_v4.csv;CSV;row 153 / Название;ORGANIZER_CSV;HIGH;Raw organizer value preserved.
product;e0a7a647-8cdf-471a-bf6f-dff6ec9cec7d;manufacturer;"ООО ""Ровбилдер""";catalog_export_v4.csv;CSV;row 153 / компания;ORGANIZER_CSV;HIGH;Raw organizer value preserved.
product;e0a7a647-8cdf-471a-bf6f-dff6ec9cec7d;system_family;BRS;catalog_export_v4.csv;CSV;row 153 / тип;ORGANIZER_CSV;HIGH;Normalized only from organizer token `brs`.
product;e0a7a647-8cdf-471a-bf6f-dff6ec9cec7d;maturity_status;PILOTING;catalog_export_v4.csv;CSV;row 153 / статус;ORGANIZER_CSV;HIGH;Normalized only from organizer token `piloting`.
product;e0a7a647-8cdf-471a-bf6f-dff6ec9cec7d;trl;7;catalog_export_v4.csv;CSV;row 153 / УГТ;ORGANIZER_CSV;HIGH;Organizer value normalized to integer when possible.
product;e0a7a647-8cdf-471a-bf6f-dff6ec9cec7d;market_potential;3.0;catalog_export_v4.csv;CSV;row 153 / Рын Потенциал;ORGANIZER_CSV;HIGH;Organizer value normalized to numeric representation.
product;e0a7a647-8cdf-471a-bf6f-dff6ec9cec7d;type;Морские роботы;catalog_export_v4.csv;CSV;row 153 / Тип;ORGANIZER_CSV;HIGH;Raw organizer value preserved.
product;e0a7a647-8cdf-471a-bf6f-dff6ec9cec7d;description.raw;Аппарат оснащается боковым движителем. Что упрощяет и ускоряет ряд осмотровых работ. Также в базовой комплектации уже 150метров на надежной катушке из нержавеющей стали.   При максимальной возможной глубине в 100 метров мы не рекомендуем использовать его в реальных условиях на глубинах свыше 30-50 метров и течении более 0.5 м/с. Подойдет для осмотров причальных стенок, пирсов и корпусов судов. Будет полезен для поддержки водолазных спусков. Высококачественная широкоуг;catalog_export_v4.csv;CSV;row 153 / описание;ORGANIZER_CSV;HIGH;Raw organizer description preserved without rewriting.
applicability;app-v4-row-0153;industries;ТЭК;catalog_export_v4.csv;CSV;row 153 / Отрасль;ORGANIZER_CSV;HIGH;Raw organizer applicability value.
applicability;app-v4-row-0153;use_cases;Проведение подводных работ и мониторинга;catalog_export_v4.csv;CSV;row 153 / Сценарий;ORGANIZER_CSV;HIGH;Raw organizer applicability value.
applicability;app-v4-row-0153;regions; Калужская обл;catalog_export_v4.csv;CSV;row 153 / Регион;ORGANIZER_CSV;HIGH;Raw organizer applicability value.
applicability;app-v4-row-0153;case_evidence;Подводный аппарат РБ-150 применяется для смотровых, поисковых работ, а также для выполнения водолазных задач на глубине до 100 метров и дальностью до 150 метров;catalog_export_v4.csv;CSV;row 153 / Кейсы;ORGANIZER_CSV;HIGH;Raw organizer case text.
price_offer;price-v4-row-0153;raw_price;5 000 000,00;catalog_export_v4.csv;CSV;row 153 / Цена изделия;ORGANIZER_CSV;HIGH;Raw price preserved exactly.
price_offer;price-v4-row-0153;normalized_amount;5000000.00;catalog_export_v4.csv;CSV;row 153 / Цена изделия;NORMALIZED_FROM_ORGANIZER;HIGH;"Decimal comma/space normalization only; currency not inferred."
price_offer;price-v4-row-0153;vat_status;ORGANIZER_ASSUMPTION_INCLUDED;Дополнения для участников.pdf;page 4;prices assumed VAT-inclusive;ORGANIZER_ASSUMPTION;MEDIUM;Assumption from addendum, not confirmed per-offer fact.
price_offer;price-v4-row-0153;excluded_costs;delivery | commissioning/start-up | deep IT integration;Дополнения для участников.pdf;page 4;delivery, commissioning and deep integration excluded;ORGANIZER_ASSUMPTION;HIGH;Explicit addendum exclusion applied to each raw price offer.
product;5e346a9f-abe8-4aad-a2c2-87ba696942e8;name;РБ-300;catalog_export_v4.csv;CSV;row 154 / Название;ORGANIZER_CSV;HIGH;Raw organizer value preserved.
product;5e346a9f-abe8-4aad-a2c2-87ba696942e8;manufacturer;"ООО ""Ровбилдер""";catalog_export_v4.csv;CSV;row 154 / компания;ORGANIZER_CSV;HIGH;Raw organizer value preserved.
product;5e346a9f-abe8-4aad-a2c2-87ba696942e8;system_family;BRS;catalog_export_v4.csv;CSV;row 154 / тип;ORGANIZER_CSV;HIGH;Normalized only from organizer token `brs`.
product;5e346a9f-abe8-4aad-a2c2-87ba696942e8;maturity_status;PILOTING;catalog_export_v4.csv;CSV;row 154 / статус;ORGANIZER_CSV;HIGH;Normalized only from organizer token `piloting`.
product;5e346a9f-abe8-4aad-a2c2-87ba696942e8;trl;7;catalog_export_v4.csv;CSV;row 154 / УГТ;ORGANIZER_CSV;HIGH;Organizer value normalized to integer when possible.
product;5e346a9f-abe8-4aad-a2c2-87ba696942e8;market_potential;3.0;catalog_export_v4.csv;CSV;row 154 / Рын Потенциал;ORGANIZER_CSV;HIGH;Organizer value normalized to numeric representation.
product;5e346a9f-abe8-4aad-a2c2-87ba696942e8;type;Морские роботы;catalog_export_v4.csv;CSV;row 154 / Тип;ORGANIZER_CSV;HIGH;Raw organizer value preserved.
product;5e346a9f-abe8-4aad-a2c2-87ba696942e8;description.raw;РБ-300. В отличии от РБ-100 и РБ-150 аппарат имеет более длинную базу. Вкупе с более мощными движками это упрощает управляемость аппарата. Два вертикальных движка позволяют себя чувствовать более уверенно на глубинах уже 70-100 метров (при максимальной глубине в 200 метров). Также в базовой комплектации уже 220метров кабеля на надежной катушке из нержавеющей стали.  На максимальной глубине ( 200 метров) возможно использовать аппарат в простых условиях пресных водоемов.;catalog_export_v4.csv;CSV;row 154 / описание;ORGANIZER_CSV;HIGH;Raw organizer description preserved without rewriting.
applicability;app-v4-row-0154;industries;ТЭК;catalog_export_v4.csv;CSV;row 154 / Отрасль;ORGANIZER_CSV;HIGH;Raw organizer applicability value.
applicability;app-v4-row-0154;use_cases;Проведение подводных работ и мониторинга;catalog_export_v4.csv;CSV;row 154 / Сценарий;ORGANIZER_CSV;HIGH;Raw organizer applicability value.
applicability;app-v4-row-0154;regions; Калужская обл;catalog_export_v4.csv;CSV;row 154 / Регион;ORGANIZER_CSV;HIGH;Raw organizer applicability value.
applicability;app-v4-row-0154;case_evidence;Подводный аппарат РБ-300 применяется для смотровых, поисковых работ, а также для выполнения водолазных задач на глубине до 200 метров;catalog_export_v4.csv;CSV;row 154 / Кейсы;ORGANIZER_CSV;HIGH;Raw organizer case text.
price_offer;price-v4-row-0154;raw_price;5 000 000,00;catalog_export_v4.csv;CSV;row 154 / Цена изделия;ORGANIZER_CSV;HIGH;Raw price preserved exactly.
price_offer;price-v4-row-0154;normalized_amount;5000000.00;catalog_export_v4.csv;CSV;row 154 / Цена изделия;NORMALIZED_FROM_ORGANIZER;HIGH;"Decimal comma/space normalization only; currency not inferred."
price_offer;price-v4-row-0154;vat_status;ORGANIZER_ASSUMPTION_INCLUDED;Дополнения для участников.pdf;page 4;prices assumed VAT-inclusive;ORGANIZER_ASSUMPTION;MEDIUM;Assumption from addendum, not confirmed per-offer fact.
price_offer;price-v4-row-0154;excluded_costs;delivery | commissioning/start-up | deep IT integration;Дополнения для участников.pdf;page 4;delivery, commissioning and deep integration excluded;ORGANIZER_ASSUMPTION;HIGH;Explicit addendum exclusion applied to each raw price offer.
product;dc9e8ee5-17bf-422d-a621-daa8876e385c;name;РБ-600;catalog_export_v4.csv;CSV;row 155 / Название;ORGANIZER_CSV;HIGH;Raw organizer value preserved.
product;dc9e8ee5-17bf-422d-a621-daa8876e385c;manufacturer;"ООО ""Ровбилдер""";catalog_export_v4.csv;CSV;row 155 / компания;ORGANIZER_CSV;HIGH;Raw organizer value preserved.
product;dc9e8ee5-17bf-422d-a621-daa8876e385c;system_family;BRS;catalog_export_v4.csv;CSV;row 155 / тип;ORGANIZER_CSV;HIGH;Normalized only from organizer token `brs`.
product;dc9e8ee5-17bf-422d-a621-daa8876e385c;maturity_status;PILOTING;catalog_export_v4.csv;CSV;row 155 / статус;ORGANIZER_CSV;HIGH;Normalized only from organizer token `piloting`.
product;dc9e8ee5-17bf-422d-a621-daa8876e385c;trl;7;catalog_export_v4.csv;CSV;row 155 / УГТ;ORGANIZER_CSV;HIGH;Organizer value normalized to integer when possible.
product;dc9e8ee5-17bf-422d-a621-daa8876e385c;market_potential;3.0;catalog_export_v4.csv;CSV;row 155 / Рын Потенциал;ORGANIZER_CSV;HIGH;Organizer value normalized to numeric representation.
product;dc9e8ee5-17bf-422d-a621-daa8876e385c;type;Морские роботы;catalog_export_v4.csv;CSV;row 155 / Тип;ORGANIZER_CSV;HIGH;Raw organizer value preserved.
product;dc9e8ee5-17bf-422d-a621-daa8876e385c;description.raw;РБ-600. Аппарат выпускается более 15 ти лет и за это время пережил три рейсталинга. Нынешнюю реинкарнацию от прежних отличает значительно увеличенная мощность, много качественного света и конечно все возможности цифрового аппарата. Богатая базовая комплектация. Максимальная глубина 300метров…уверенно работает в морских условиях до глубин 200-250 метров. Может работать на течениях. Вес голого носителя 28кг — еще возможно опускать — поднимать с судна без специальных приспособлений.;catalog_export_v4.csv;CSV;row 155 / описание;ORGANIZER_CSV;HIGH;Raw organizer description preserved without rewriting.
applicability;app-v4-row-0155;industries;ТЭК;catalog_export_v4.csv;CSV;row 155 / Отрасль;ORGANIZER_CSV;HIGH;Raw organizer applicability value.
applicability;app-v4-row-0155;use_cases;Проведение подводных работ и мониторинга;catalog_export_v4.csv;CSV;row 155 / Сценарий;ORGANIZER_CSV;HIGH;Raw organizer applicability value.
applicability;app-v4-row-0155;regions; Калужская обл;catalog_export_v4.csv;CSV;row 155 / Регион;ORGANIZER_CSV;HIGH;Raw organizer applicability value.
applicability;app-v4-row-0155;case_evidence;Подводный аппарат РБ-600 применяется для смотровых, поисковых работ, а также для выполнения водолазных задач на глубине до 300 метров;catalog_export_v4.csv;CSV;row 155 / Кейсы;ORGANIZER_CSV;HIGH;Raw organizer case text.
price_offer;price-v4-row-0155;raw_price;8 500 000,00;catalog_export_v4.csv;CSV;row 155 / Цена изделия;ORGANIZER_CSV;HIGH;Raw price preserved exactly.
price_offer;price-v4-row-0155;normalized_amount;8500000.00;catalog_export_v4.csv;CSV;row 155 / Цена изделия;NORMALIZED_FROM_ORGANIZER;HIGH;"Decimal comma/space normalization only; currency not inferred."
price_offer;price-v4-row-0155;vat_status;ORGANIZER_ASSUMPTION_INCLUDED;Дополнения для участников.pdf;page 4;prices assumed VAT-inclusive;ORGANIZER_ASSUMPTION;MEDIUM;Assumption from addendum, not confirmed per-offer fact.
price_offer;price-v4-row-0155;excluded_costs;delivery | commissioning/start-up | deep IT integration;Дополнения для участников.pdf;page 4;delivery, commissioning and deep integration excluded;ORGANIZER_ASSUMPTION;HIGH;Explicit addendum exclusion applied to each raw price offer.
product;aa6c4a0f-08d6-4e18-aae3-cb3856324c9c;name;РБ-Мираж 1000;catalog_export_v4.csv;CSV;row 156 / Название;ORGANIZER_CSV;HIGH;Raw organizer value preserved.
product;aa6c4a0f-08d6-4e18-aae3-cb3856324c9c;manufacturer;"ООО ""Ровбилдер""";catalog_export_v4.csv;CSV;row 156 / компания;ORGANIZER_CSV;HIGH;Raw organizer value preserved.
product;aa6c4a0f-08d6-4e18-aae3-cb3856324c9c;system_family;BRS;catalog_export_v4.csv;CSV;row 156 / тип;ORGANIZER_CSV;HIGH;Normalized only from organizer token `brs`.
product;aa6c4a0f-08d6-4e18-aae3-cb3856324c9c;maturity_status;PILOTING;catalog_export_v4.csv;CSV;row 156 / статус;ORGANIZER_CSV;HIGH;Normalized only from organizer token `piloting`.
product;aa6c4a0f-08d6-4e18-aae3-cb3856324c9c;trl;7;catalog_export_v4.csv;CSV;row 156 / УГТ;ORGANIZER_CSV;HIGH;Organizer value normalized to integer when possible.
product;aa6c4a0f-08d6-4e18-aae3-cb3856324c9c;market_potential;3.0;catalog_export_v4.csv;CSV;row 156 / Рын Потенциал;ORGANIZER_CSV;HIGH;Organizer value normalized to numeric representation.
product;aa6c4a0f-08d6-4e18-aae3-cb3856324c9c;type;Морские роботы;catalog_export_v4.csv;CSV;row 156 / Тип;ORGANIZER_CSV;HIGH;Raw organizer value preserved.
product;aa6c4a0f-08d6-4e18-aae3-cb3856324c9c;description.raw;Подводный аппарат РБ-Мираж 1000 – профессиональная модель для работ на  глубинах до 1000 метров с течением до 2м/c.;catalog_export_v4.csv;CSV;row 156 / описание;ORGANIZER_CSV;HIGH;Raw organizer description preserved without rewriting.
applicability;app-v4-row-0156;industries;ТЭК;catalog_export_v4.csv;CSV;row 156 / Отрасль;ORGANIZER_CSV;HIGH;Raw organizer applicability value.
applicability;app-v4-row-0156;use_cases;Проведение подводных работ и мониторинга;catalog_export_v4.csv;CSV;row 156 / Сценарий;ORGANIZER_CSV;HIGH;Raw organizer applicability value.
applicability;app-v4-row-0156;regions; Калужская обл;catalog_export_v4.csv;CSV;row 156 / Регион;ORGANIZER_CSV;HIGH;Raw organizer applicability value.
applicability;app-v4-row-0156;case_evidence;Подводный аппарат РБ-Мираж 1000 применяется для смотровых, поисковых работ, а также для выполнения водолазных задач на глубине до 1000 метров;catalog_export_v4.csv;CSV;row 156 / Кейсы;ORGANIZER_CSV;HIGH;Raw organizer case text.
price_offer;price-v4-row-0156;raw_price;9 500 000,00;catalog_export_v4.csv;CSV;row 156 / Цена изделия;ORGANIZER_CSV;HIGH;Raw price preserved exactly.
price_offer;price-v4-row-0156;normalized_amount;9500000.00;catalog_export_v4.csv;CSV;row 156 / Цена изделия;NORMALIZED_FROM_ORGANIZER;HIGH;"Decimal comma/space normalization only; currency not inferred."
price_offer;price-v4-row-0156;vat_status;ORGANIZER_ASSUMPTION_INCLUDED;Дополнения для участников.pdf;page 4;prices assumed VAT-inclusive;ORGANIZER_ASSUMPTION;MEDIUM;Assumption from addendum, not confirmed per-offer fact.
price_offer;price-v4-row-0156;excluded_costs;delivery | commissioning/start-up | deep IT integration;Дополнения для участников.pdf;page 4;delivery, commissioning and deep integration excluded;ORGANIZER_ASSUMPTION;HIGH;Explicit addendum exclusion applied to each raw price offer.
product;4051cac7-0e4b-408e-b9c0-71fb93471ff7;name;ТНПА «ГНОМ Про Вектор»;catalog_export_v4.csv;CSV;row 157 / Название;ORGANIZER_CSV;HIGH;Raw organizer value preserved.
product;4051cac7-0e4b-408e-b9c0-71fb93471ff7;manufacturer;"ООО ""Подводная робототехника""";catalog_export_v4.csv;CSV;row 157 / компания;ORGANIZER_CSV;HIGH;Raw organizer value preserved.
product;4051cac7-0e4b-408e-b9c0-71fb93471ff7;system_family;BRS;catalog_export_v4.csv;CSV;row 157 / тип;ORGANIZER_CSV;HIGH;Normalized only from organizer token `brs`.
product;4051cac7-0e4b-408e-b9c0-71fb93471ff7;maturity_status;PILOTING;catalog_export_v4.csv;CSV;row 157 / статус;ORGANIZER_CSV;HIGH;Normalized only from organizer token `piloting`.
product;4051cac7-0e4b-408e-b9c0-71fb93471ff7;trl;7;catalog_export_v4.csv;CSV;row 157 / УГТ;ORGANIZER_CSV;HIGH;Organizer value normalized to integer when possible.
product;4051cac7-0e4b-408e-b9c0-71fb93471ff7;market_potential;3.0;catalog_export_v4.csv;CSV;row 157 / Рын Потенциал;ORGANIZER_CSV;HIGH;Organizer value normalized to numeric representation.
product;4051cac7-0e4b-408e-b9c0-71fb93471ff7;type;Морские роботы;catalog_export_v4.csv;CSV;row 157 / Тип;ORGANIZER_CSV;HIGH;Raw organizer value preserved.
product;4051cac7-0e4b-408e-b9c0-71fb93471ff7;description.raw;Новая линия мощных аппаратов ГНОМ. Подводный робот оснащен 4-мя маршевыми движителями, расположенными векторно и 2-мя вертикальными движителями.;catalog_export_v4.csv;CSV;row 157 / описание;ORGANIZER_CSV;HIGH;Raw organizer description preserved without rewriting.
applicability;app-v4-row-0157;industries;ТЭК;catalog_export_v4.csv;CSV;row 157 / Отрасль;ORGANIZER_CSV;HIGH;Raw organizer applicability value.
applicability;app-v4-row-0157;use_cases;Проведение подводных работ и мониторинга;catalog_export_v4.csv;CSV;row 157 / Сценарий;ORGANIZER_CSV;HIGH;Raw organizer applicability value.
applicability;app-v4-row-0157;regions;Москва;catalog_export_v4.csv;CSV;row 157 / Регион;ORGANIZER_CSV;HIGH;Raw organizer applicability value.
applicability;app-v4-row-0157;case_evidence;ТНПА с максимальной глубиной погружения до 300 метров применяется для инспекции прибрежных вод, обследования гидротехнических сооружений, трубопроводов и кабельных линий;catalog_export_v4.csv;CSV;row 157 / Кейсы;ORGANIZER_CSV;HIGH;Raw organizer case text.
price_offer;price-v4-row-0157;raw_price;5 700 000,00;catalog_export_v4.csv;CSV;row 157 / Цена изделия;ORGANIZER_CSV;HIGH;Raw price preserved exactly.
price_offer;price-v4-row-0157;normalized_amount;5700000.00;catalog_export_v4.csv;CSV;row 157 / Цена изделия;NORMALIZED_FROM_ORGANIZER;HIGH;"Decimal comma/space normalization only; currency not inferred."
price_offer;price-v4-row-0157;vat_status;ORGANIZER_ASSUMPTION_INCLUDED;Дополнения для участников.pdf;page 4;prices assumed VAT-inclusive;ORGANIZER_ASSUMPTION;MEDIUM;Assumption from addendum, not confirmed per-offer fact.
price_offer;price-v4-row-0157;excluded_costs;delivery | commissioning/start-up | deep IT integration;Дополнения для участников.pdf;page 4;delivery, commissioning and deep integration excluded;ORGANIZER_ASSUMPTION;HIGH;Explicit addendum exclusion applied to each raw price offer.
product;0a2e93bc-ebd4-4f0e-a4f5-c6097fe7a9b1;name;ТНПА «ГНОМ Про»;catalog_export_v4.csv;CSV;row 158 / Название;ORGANIZER_CSV;HIGH;Raw organizer value preserved.
product;0a2e93bc-ebd4-4f0e-a4f5-c6097fe7a9b1;manufacturer;"ООО ""Подводная робототехника""";catalog_export_v4.csv;CSV;row 158 / компания;ORGANIZER_CSV;HIGH;Raw organizer value preserved.
product;0a2e93bc-ebd4-4f0e-a4f5-c6097fe7a9b1;system_family;BRS;catalog_export_v4.csv;CSV;row 158 / тип;ORGANIZER_CSV;HIGH;Normalized only from organizer token `brs`.
product;0a2e93bc-ebd4-4f0e-a4f5-c6097fe7a9b1;maturity_status;PILOTING;catalog_export_v4.csv;CSV;row 158 / статус;ORGANIZER_CSV;HIGH;Normalized only from organizer token `piloting`.
product;0a2e93bc-ebd4-4f0e-a4f5-c6097fe7a9b1;trl;7;catalog_export_v4.csv;CSV;row 158 / УГТ;ORGANIZER_CSV;HIGH;Organizer value normalized to integer when possible.
product;0a2e93bc-ebd4-4f0e-a4f5-c6097fe7a9b1;market_potential;3.0;catalog_export_v4.csv;CSV;row 158 / Рын Потенциал;ORGANIZER_CSV;HIGH;Organizer value normalized to numeric representation.
product;0a2e93bc-ebd4-4f0e-a4f5-c6097fe7a9b1;type;Морские роботы;catalog_export_v4.csv;CSV;row 158 / Тип;ORGANIZER_CSV;HIGH;Raw organizer value preserved.
product;0a2e93bc-ebd4-4f0e-a4f5-c6097fe7a9b1;description.raw;"Флагманская модель серии ГНОМ для профессионалов с широким набором дополнительного оборудования.

ТНПА предназначен для проведения подводных осмотровых и обследовательских работ в прибрежных морских и внутренних водах, а также при осмотре внутренних полостей водонаполненных резервуаров и гидротехнических сооружений.";catalog_export_v4.csv;CSV;row 158 / описание;ORGANIZER_CSV;HIGH;Raw organizer description preserved without rewriting.
applicability;app-v4-row-0158;industries;ТЭК;catalog_export_v4.csv;CSV;row 158 / Отрасль;ORGANIZER_CSV;HIGH;Raw organizer applicability value.
applicability;app-v4-row-0158;use_cases;Проведение подводных работ и мониторинга;catalog_export_v4.csv;CSV;row 158 / Сценарий;ORGANIZER_CSV;HIGH;Raw organizer applicability value.
applicability;app-v4-row-0158;regions;Москва;catalog_export_v4.csv;CSV;row 158 / Регион;ORGANIZER_CSV;HIGH;Raw organizer applicability value.
applicability;app-v4-row-0158;case_evidence;ТНПА с максимальной глубиной погружения до 150 метров применяется для инспекции прибрежных вод, обследования гидротехнических сооружений, трубопроводов и кабельных линий;catalog_export_v4.csv;CSV;row 158 / Кейсы;ORGANIZER_CSV;HIGH;Raw organizer case text.
price_offer;price-v4-row-0158;raw_price;4 800 000,00;catalog_export_v4.csv;CSV;row 158 / Цена изделия;ORGANIZER_CSV;HIGH;Raw price preserved exactly.
price_offer;price-v4-row-0158;normalized_amount;4800000.00;catalog_export_v4.csv;CSV;row 158 / Цена изделия;NORMALIZED_FROM_ORGANIZER;HIGH;"Decimal comma/space normalization only; currency not inferred."
price_offer;price-v4-row-0158;vat_status;ORGANIZER_ASSUMPTION_INCLUDED;Дополнения для участников.pdf;page 4;prices assumed VAT-inclusive;ORGANIZER_ASSUMPTION;MEDIUM;Assumption from addendum, not confirmed per-offer fact.
price_offer;price-v4-row-0158;excluded_costs;delivery | commissioning/start-up | deep IT integration;Дополнения для участников.pdf;page 4;delivery, commissioning and deep integration excluded;ORGANIZER_ASSUMPTION;HIGH;Explicit addendum exclusion applied to each raw price offer.
product;012ceb2f-4831-4039-a8db-64e6764884fb;name;ТНПА «ГНОМ X»;catalog_export_v4.csv;CSV;row 159 / Название;ORGANIZER_CSV;HIGH;Raw organizer value preserved.
product;012ceb2f-4831-4039-a8db-64e6764884fb;manufacturer;"ООО ""Подводная робототехника""";catalog_export_v4.csv;CSV;row 159 / компания;ORGANIZER_CSV;HIGH;Raw organizer value preserved.
product;012ceb2f-4831-4039-a8db-64e6764884fb;system_family;BRS;catalog_export_v4.csv;CSV;row 159 / тип;ORGANIZER_CSV;HIGH;Normalized only from organizer token `brs`.
product;012ceb2f-4831-4039-a8db-64e6764884fb;maturity_status;PILOTING;catalog_export_v4.csv;CSV;row 159 / статус;ORGANIZER_CSV;HIGH;Normalized only from organizer token `piloting`.
product;012ceb2f-4831-4039-a8db-64e6764884fb;trl;7;catalog_export_v4.csv;CSV;row 159 / УГТ;ORGANIZER_CSV;HIGH;Organizer value normalized to integer when possible.
product;012ceb2f-4831-4039-a8db-64e6764884fb;market_potential;3.0;catalog_export_v4.csv;CSV;row 159 / Рын Потенциал;ORGANIZER_CSV;HIGH;Organizer value normalized to numeric representation.
product;012ceb2f-4831-4039-a8db-64e6764884fb;type;Морские роботы;catalog_export_v4.csv;CSV;row 159 / Тип;ORGANIZER_CSV;HIGH;Raw organizer value preserved.
product;012ceb2f-4831-4039-a8db-64e6764884fb;description.raw;ТНПА предназначен для проведения подводных осмотровых и обследовательских работ в прибрежных морских и внутренних водах, а также при осмотре внутренних полостей водонаполненных резервуаров и гидротехнических сооружений. Наиболее доступная модель для широкого круга пользователей.;catalog_export_v4.csv;CSV;row 159 / описание;ORGANIZER_CSV;HIGH;Raw organizer description preserved without rewriting.
applicability;app-v4-row-0159;industries;ТЭК;catalog_export_v4.csv;CSV;row 159 / Отрасль;ORGANIZER_CSV;HIGH;Raw organizer applicability value.
applicability;app-v4-row-0159;use_cases;Проведение подводных работ и мониторинга;catalog_export_v4.csv;CSV;row 159 / Сценарий;ORGANIZER_CSV;HIGH;Raw organizer applicability value.
applicability;app-v4-row-0159;regions;Москва;catalog_export_v4.csv;CSV;row 159 / Регион;ORGANIZER_CSV;HIGH;Raw organizer applicability value.
applicability;app-v4-row-0159;case_evidence;ТНПА с максимальной глубиной погружения до 200 метров применяется для инспекции прибрежных вод, обследования гидротехнических сооружений, трубопроводов и кабельных линий;catalog_export_v4.csv;CSV;row 159 / Кейсы;ORGANIZER_CSV;HIGH;Raw organizer case text.
price_offer;price-v4-row-0159;raw_price;2 380 000,00;catalog_export_v4.csv;CSV;row 159 / Цена изделия;ORGANIZER_CSV;HIGH;Raw price preserved exactly.
price_offer;price-v4-row-0159;normalized_amount;2380000.00;catalog_export_v4.csv;CSV;row 159 / Цена изделия;NORMALIZED_FROM_ORGANIZER;HIGH;"Decimal comma/space normalization only; currency not inferred."
price_offer;price-v4-row-0159;vat_status;ORGANIZER_ASSUMPTION_INCLUDED;Дополнения для участников.pdf;page 4;prices assumed VAT-inclusive;ORGANIZER_ASSUMPTION;MEDIUM;Assumption from addendum, not confirmed per-offer fact.
price_offer;price-v4-row-0159;excluded_costs;delivery | commissioning/start-up | deep IT integration;Дополнения для участников.pdf;page 4;delivery, commissioning and deep integration excluded;ORGANIZER_ASSUMPTION;HIGH;Explicit addendum exclusion applied to each raw price offer.
product;f6cc47ab-c645-4fe5-9bd1-0acc609758f0;name;ОМДЖЕТ -ГМ01;catalog_export_v4.csv;CSV;row 160 / Название;ORGANIZER_CSV;HIGH;Raw organizer value preserved.
product;f6cc47ab-c645-4fe5-9bd1-0acc609758f0;manufacturer;"ООО ""Роспроект""";catalog_export_v4.csv;CSV;row 160 / компания;ORGANIZER_CSV;HIGH;Raw organizer value preserved.
product;f6cc47ab-c645-4fe5-9bd1-0acc609758f0;system_family;BRS;catalog_export_v4.csv;CSV;row 160 / тип;ORGANIZER_CSV;HIGH;Normalized only from organizer token `brs`.
product;f6cc47ab-c645-4fe5-9bd1-0acc609758f0;maturity_status;PILOTING;catalog_export_v4.csv;CSV;row 160 / статус;ORGANIZER_CSV;HIGH;Normalized only from organizer token `piloting`.
product;f6cc47ab-c645-4fe5-9bd1-0acc609758f0;trl;7;catalog_export_v4.csv;CSV;row 160 / УГТ;ORGANIZER_CSV;HIGH;Organizer value normalized to integer when possible.
product;f6cc47ab-c645-4fe5-9bd1-0acc609758f0;market_potential;3.0;catalog_export_v4.csv;CSV;row 160 / Рын Потенциал;ORGANIZER_CSV;HIGH;Organizer value normalized to numeric representation.
product;f6cc47ab-c645-4fe5-9bd1-0acc609758f0;type;Морские роботы;catalog_export_v4.csv;CSV;row 160 / Тип;ORGANIZER_CSV;HIGH;Raw organizer value preserved.
product;f6cc47ab-c645-4fe5-9bd1-0acc609758f0;subtype;Беспилотный катамаран;catalog_export_v4.csv;CSV;row 160 / Подтип;ORGANIZER_CSV;HIGH;Raw organizer value preserved.
applicability;app-v4-row-0160;industries;ТЭК;catalog_export_v4.csv;CSV;row 160 / Отрасль;ORGANIZER_CSV;HIGH;Raw organizer applicability value.
applicability;app-v4-row-0160;use_cases;Проведение подводных работ и мониторинга;catalog_export_v4.csv;CSV;row 160 / Сценарий;ORGANIZER_CSV;HIGH;Raw organizer applicability value.
applicability;app-v4-row-0160;regions;Омская область;catalog_export_v4.csv;CSV;row 160 / Регион;ORGANIZER_CSV;HIGH;Raw organizer applicability value.
applicability;app-v4-row-0160;case_evidence;Беспилотный катамаран проходит пилотные испытания;catalog_export_v4.csv;CSV;row 160 / Кейсы;ORGANIZER_CSV;HIGH;Raw organizer case text.
price_offer;price-v4-row-0160;raw_price;400 000,00;catalog_export_v4.csv;CSV;row 160 / Цена изделия;ORGANIZER_CSV;HIGH;Raw price preserved exactly.
price_offer;price-v4-row-0160;normalized_amount;400000.00;catalog_export_v4.csv;CSV;row 160 / Цена изделия;NORMALIZED_FROM_ORGANIZER;HIGH;"Decimal comma/space normalization only; currency not inferred."
price_offer;price-v4-row-0160;vat_status;ORGANIZER_ASSUMPTION_INCLUDED;Дополнения для участников.pdf;page 4;prices assumed VAT-inclusive;ORGANIZER_ASSUMPTION;MEDIUM;Assumption from addendum, not confirmed per-offer fact.
price_offer;price-v4-row-0160;excluded_costs;delivery | commissioning/start-up | deep IT integration;Дополнения для участников.pdf;page 4;delivery, commissioning and deep integration excluded;ORGANIZER_ASSUMPTION;HIGH;Explicit addendum exclusion applied to each raw price offer.
product;ece9a02a-2d71-496f-a29d-39ab24a8e9d9;name;T-16;catalog_export_v4.csv;CSV;row 161 / Название;ORGANIZER_CSV;HIGH;Raw organizer value preserved.
product;ece9a02a-2d71-496f-a29d-39ab24a8e9d9;manufacturer;"АО ""Зала Аэро""";catalog_export_v4.csv;CSV;row 161 / компания;ORGANIZER_CSV;HIGH;Raw organizer value preserved.
product;ece9a02a-2d71-496f-a29d-39ab24a8e9d9;system_family;BAS;catalog_export_v4.csv;CSV;row 161 / тип;ORGANIZER_CSV;HIGH;Normalized only from organizer token `bas`.
product;ece9a02a-2d71-496f-a29d-39ab24a8e9d9;maturity_status;OPERATION;catalog_export_v4.csv;CSV;row 161 / статус;ORGANIZER_CSV;HIGH;Normalized only from organizer token `operation`.
product;ece9a02a-2d71-496f-a29d-39ab24a8e9d9;trl;9;catalog_export_v4.csv;CSV;row 161 / УГТ;ORGANIZER_CSV;HIGH;Organizer value normalized to integer when possible.
product;ece9a02a-2d71-496f-a29d-39ab24a8e9d9;market_potential;4.0;catalog_export_v4.csv;CSV;row 161 / Рын Потенциал;ORGANIZER_CSV;HIGH;Organizer value normalized to numeric representation.
applicability;app-v4-row-0161;industries;ТЭК;catalog_export_v4.csv;CSV;row 161 / Отрасль;ORGANIZER_CSV;HIGH;Raw organizer applicability value.
applicability;app-v4-row-0161;use_cases;Регулярный мониторинг трубопроводов и детальный анализ;catalog_export_v4.csv;CSV;row 161 / Сценарий;ORGANIZER_CSV;HIGH;Raw organizer applicability value.
applicability;app-v4-row-0161;regions;Москва;catalog_export_v4.csv;CSV;row 161 / Регион;ORGANIZER_CSV;HIGH;Raw organizer applicability value.
applicability;app-v4-row-0161;case_evidence;Беспилотный комплекс ZALA T-16 еженедельно пролетает более 4 000 км над объектами «Удмуртнефти» (Роснефть). Борт круглосуточно патрулирует трубопроводы, предотвращая кражи, незаконные врезки и выявляя тепловизором скрытые утечки нефти.;catalog_export_v4.csv;CSV;row 161 / Кейсы;ORGANIZER_CSV;HIGH;Raw organizer case text.
price_offer;price-v4-row-0161;raw_price;4 600 000,00;catalog_export_v4.csv;CSV;row 161 / Цена изделия;ORGANIZER_CSV;HIGH;Raw price preserved exactly.
price_offer;price-v4-row-0161;normalized_amount;4600000.00;catalog_export_v4.csv;CSV;row 161 / Цена изделия;NORMALIZED_FROM_ORGANIZER;HIGH;"Decimal comma/space normalization only; currency not inferred."
price_offer;price-v4-row-0161;vat_status;ORGANIZER_ASSUMPTION_INCLUDED;Дополнения для участников.pdf;page 4;prices assumed VAT-inclusive;ORGANIZER_ASSUMPTION;MEDIUM;Assumption from addendum, not confirmed per-offer fact.
price_offer;price-v4-row-0161;excluded_costs;delivery | commissioning/start-up | deep IT integration;Дополнения для участников.pdf;page 4;delivery, commissioning and deep integration excluded;ORGANIZER_ASSUMPTION;HIGH;Explicit addendum exclusion applied to each raw price offer.
product;c7c905b8-1dcd-43de-8d3c-6e4493077e28;name;Грузовик M700 V2;catalog_export_v4.csv;CSV;row 162 / Название;ORGANIZER_CSV;HIGH;Raw organizer value preserved.
product;c7c905b8-1dcd-43de-8d3c-6e4493077e28;manufacturer;"ООО ""Лаборатория Будущего""";catalog_export_v4.csv;CSV;row 162 / компания;ORGANIZER_CSV;HIGH;Raw organizer value preserved.
product;c7c905b8-1dcd-43de-8d3c-6e4493077e28;system_family;BAS;catalog_export_v4.csv;CSV;row 162 / тип;ORGANIZER_CSV;HIGH;Normalized only from organizer token `bas`.
product;c7c905b8-1dcd-43de-8d3c-6e4493077e28;maturity_status;OPERATION;catalog_export_v4.csv;CSV;row 162 / статус;ORGANIZER_CSV;HIGH;Normalized only from organizer token `operation`.
product;c7c905b8-1dcd-43de-8d3c-6e4493077e28;trl;8;catalog_export_v4.csv;CSV;row 162 / УГТ;ORGANIZER_CSV;HIGH;Organizer value normalized to integer when possible.
product;c7c905b8-1dcd-43de-8d3c-6e4493077e28;market_potential;4.0;catalog_export_v4.csv;CSV;row 162 / Рын Потенциал;ORGANIZER_CSV;HIGH;Organizer value normalized to numeric representation.
product;c7c905b8-1dcd-43de-8d3c-6e4493077e28;description.raw;Беспилотная авиационная система «Грузовик М700» предназначена для доставки грузов массой до 70 кг на расстояние до 10 км. Оснащена функцией автоматического возврата на точку старта.;catalog_export_v4.csv;CSV;row 162 / описание;ORGANIZER_CSV;HIGH;Raw organizer description preserved without rewriting.
applicability;app-v4-row-0162;industries;ТЭК;catalog_export_v4.csv;CSV;row 162 / Отрасль;ORGANIZER_CSV;HIGH;Raw organizer applicability value.
applicability;app-v4-row-0162;use_cases;Регулярный мониторинг трубопроводов и детальный анализ;catalog_export_v4.csv;CSV;row 162 / Сценарий;ORGANIZER_CSV;HIGH;Raw organizer applicability value.
applicability;app-v4-row-0162;regions;Свердловская область;catalog_export_v4.csv;CSV;row 162 / Регион;ORGANIZER_CSV;HIGH;Raw organizer applicability value.
applicability;app-v4-row-0162;case_evidence;Тяжелый дрон «Грузовик М700» от «Лаборатории будущего» задействован в труднодоступных северных регионах, в частности на удаленных объектах и фельдшерско-акушерских пунктах Ханты-Мансийского автономного округа (ХМАО). ;catalog_export_v4.csv;CSV;row 162 / Кейсы;ORGANIZER_CSV;HIGH;Raw organizer case text.
price_offer;price-v4-row-0162;raw_price;4 500 000,00;catalog_export_v4.csv;CSV;row 162 / Цена изделия;ORGANIZER_CSV;HIGH;Raw price preserved exactly.
price_offer;price-v4-row-0162;normalized_amount;4500000.00;catalog_export_v4.csv;CSV;row 162 / Цена изделия;NORMALIZED_FROM_ORGANIZER;HIGH;"Decimal comma/space normalization only; currency not inferred."
price_offer;price-v4-row-0162;vat_status;ORGANIZER_ASSUMPTION_INCLUDED;Дополнения для участников.pdf;page 4;prices assumed VAT-inclusive;ORGANIZER_ASSUMPTION;MEDIUM;Assumption from addendum, not confirmed per-offer fact.
price_offer;price-v4-row-0162;excluded_costs;delivery | commissioning/start-up | deep IT integration;Дополнения для участников.pdf;page 4;delivery, commissioning and deep integration excluded;ORGANIZER_ASSUMPTION;HIGH;Explicit addendum exclusion applied to each raw price offer.
product;e091d100-5f2a-4b05-a012-e972f6367a4d;name;Грузовик М500 V2;catalog_export_v4.csv;CSV;row 163 / Название;ORGANIZER_CSV;HIGH;Raw organizer value preserved.
product;e091d100-5f2a-4b05-a012-e972f6367a4d;manufacturer;"ООО ""Лаборатория Будущего""";catalog_export_v4.csv;CSV;row 163 / компания;ORGANIZER_CSV;HIGH;Raw organizer value preserved.
product;e091d100-5f2a-4b05-a012-e972f6367a4d;system_family;BAS;catalog_export_v4.csv;CSV;row 163 / тип;ORGANIZER_CSV;HIGH;Normalized only from organizer token `bas`.
product;e091d100-5f2a-4b05-a012-e972f6367a4d;maturity_status;OPERATION;catalog_export_v4.csv;CSV;row 163 / статус;ORGANIZER_CSV;HIGH;Normalized only from organizer token `operation`.
product;e091d100-5f2a-4b05-a012-e972f6367a4d;trl;8;catalog_export_v4.csv;CSV;row 163 / УГТ;ORGANIZER_CSV;HIGH;Organizer value normalized to integer when possible.
product;e091d100-5f2a-4b05-a012-e972f6367a4d;market_potential;4.0;catalog_export_v4.csv;CSV;row 163 / Рын Потенциал;ORGANIZER_CSV;HIGH;Organizer value normalized to numeric representation.
product;e091d100-5f2a-4b05-a012-e972f6367a4d;description.raw;Беспилотная авиационная система «Грузовик М500» предназначена для доставки грузов массой до 40 кг на расстояние до 10 км. Оснащена функцией автоматического возврата на точку старта.;catalog_export_v4.csv;CSV;row 163 / описание;ORGANIZER_CSV;HIGH;Raw organizer description preserved without rewriting.
applicability;app-v4-row-0163;industries;ТЭК;catalog_export_v4.csv;CSV;row 163 / Отрасль;ORGANIZER_CSV;HIGH;Raw organizer applicability value.
applicability;app-v4-row-0163;use_cases;Регулярный мониторинг трубопроводов и детальный анализ;catalog_export_v4.csv;CSV;row 163 / Сценарий;ORGANIZER_CSV;HIGH;Raw organizer applicability value.
applicability;app-v4-row-0163;regions;Свердловская область;catalog_export_v4.csv;CSV;row 163 / Регион;ORGANIZER_CSV;HIGH;Raw organizer applicability value.
applicability;app-v4-row-0163;case_evidence;Пожарный дрон «Грузовик М500 V2» применяется для ликвидации возгораний горючих жидкостей на промышленных предприятиях и складах ГСМ Свердловской области. ;catalog_export_v4.csv;CSV;row 163 / Кейсы;ORGANIZER_CSV;HIGH;Raw organizer case text.
price_offer;price-v4-row-0163;raw_price;4 775 080,00;catalog_export_v4.csv;CSV;row 163 / Цена изделия;ORGANIZER_CSV;HIGH;Raw price preserved exactly.
price_offer;price-v4-row-0163;normalized_amount;4775080.00;catalog_export_v4.csv;CSV;row 163 / Цена изделия;NORMALIZED_FROM_ORGANIZER;HIGH;"Decimal comma/space normalization only; currency not inferred."
price_offer;price-v4-row-0163;vat_status;ORGANIZER_ASSUMPTION_INCLUDED;Дополнения для участников.pdf;page 4;prices assumed VAT-inclusive;ORGANIZER_ASSUMPTION;MEDIUM;Assumption from addendum, not confirmed per-offer fact.
price_offer;price-v4-row-0163;excluded_costs;delivery | commissioning/start-up | deep IT integration;Дополнения для участников.pdf;page 4;delivery, commissioning and deep integration excluded;ORGANIZER_ASSUMPTION;HIGH;Explicit addendum exclusion applied to each raw price offer.
product;f1c8478c-86c2-4381-96db-08e0ae889b41;name;Геоскан 701;catalog_export_v4.csv;CSV;row 164 / Название;ORGANIZER_CSV;HIGH;Raw organizer value preserved.
product;f1c8478c-86c2-4381-96db-08e0ae889b41;manufacturer;"ООО ""Геоскан""";catalog_export_v4.csv;CSV;row 164 / компания;ORGANIZER_CSV;HIGH;Raw organizer value preserved.
product;f1c8478c-86c2-4381-96db-08e0ae889b41;system_family;BAS;catalog_export_v4.csv;CSV;row 164 / тип;ORGANIZER_CSV;HIGH;Normalized only from organizer token `bas`.
product;f1c8478c-86c2-4381-96db-08e0ae889b41;maturity_status;OPERATION;catalog_export_v4.csv;CSV;row 164 / статус;ORGANIZER_CSV;HIGH;Normalized only from organizer token `operation`.
product;f1c8478c-86c2-4381-96db-08e0ae889b41;trl;7;catalog_export_v4.csv;CSV;row 164 / УГТ;ORGANIZER_CSV;HIGH;Organizer value normalized to integer when possible.
product;f1c8478c-86c2-4381-96db-08e0ae889b41;market_potential;5.0;catalog_export_v4.csv;CSV;row 164 / Рын Потенциал;ORGANIZER_CSV;HIGH;Organizer value normalized to numeric representation.
product;f1c8478c-86c2-4381-96db-08e0ae889b41;description.raw;Комплекс для аэрофотосъемки максимальной производительности.;catalog_export_v4.csv;CSV;row 164 / описание;ORGANIZER_CSV;HIGH;Raw organizer description preserved without rewriting.
applicability;app-v4-row-0164;industries;Безопасность;catalog_export_v4.csv;CSV;row 164 / Отрасль;ORGANIZER_CSV;HIGH;Raw organizer applicability value.
applicability;app-v4-row-0164;use_cases;Мониторинг паводков и затоплений, Геофизическая разведка, Оценка ущерба от ЧС;catalog_export_v4.csv;CSV;row 164 / Сценарий;ORGANIZER_CSV;HIGH;Raw organizer applicability value.
applicability;app-v4-row-0164;regions;Санкт-Петербург;catalog_export_v4.csv;CSV;row 164 / Регион;ORGANIZER_CSV;HIGH;Raw organizer applicability value.
applicability;app-v4-row-0164;case_evidence;БАС применяется для мониторинговых задач;catalog_export_v4.csv;CSV;row 164 / Кейсы;ORGANIZER_CSV;HIGH;Raw organizer case text.
price_offer;price-v4-row-0164;raw_price;13 000 000,00;catalog_export_v4.csv;CSV;row 164 / Цена изделия;ORGANIZER_CSV;HIGH;Raw price preserved exactly.
price_offer;price-v4-row-0164;normalized_amount;13000000.00;catalog_export_v4.csv;CSV;row 164 / Цена изделия;NORMALIZED_FROM_ORGANIZER;HIGH;"Decimal comma/space normalization only; currency not inferred."
price_offer;price-v4-row-0164;vat_status;ORGANIZER_ASSUMPTION_INCLUDED;Дополнения для участников.pdf;page 4;prices assumed VAT-inclusive;ORGANIZER_ASSUMPTION;MEDIUM;Assumption from addendum, not confirmed per-offer fact.
price_offer;price-v4-row-0164;excluded_costs;delivery | commissioning/start-up | deep IT integration;Дополнения для участников.pdf;page 4;delivery, commissioning and deep integration excluded;ORGANIZER_ASSUMPTION;HIGH;Explicit addendum exclusion applied to each raw price offer.
product;b639b73b-9c1e-4eec-af6f-9662e1d1d171;name;Альбатрос М5;catalog_export_v4.csv;CSV;row 165 / Название;ORGANIZER_CSV;HIGH;Raw organizer value preserved.
product;b639b73b-9c1e-4eec-af6f-9662e1d1d171;manufacturer;"ООО ""Альбатрос""";catalog_export_v4.csv;CSV;row 165 / компания;ORGANIZER_CSV;HIGH;Raw organizer value preserved.
product;b639b73b-9c1e-4eec-af6f-9662e1d1d171;system_family;BAS;catalog_export_v4.csv;CSV;row 165 / тип;ORGANIZER_CSV;HIGH;Normalized only from organizer token `bas`.
product;b639b73b-9c1e-4eec-af6f-9662e1d1d171;maturity_status;OPERATION;catalog_export_v4.csv;CSV;row 165 / статус;ORGANIZER_CSV;HIGH;Normalized only from organizer token `operation`.
product;b639b73b-9c1e-4eec-af6f-9662e1d1d171;trl;9;catalog_export_v4.csv;CSV;row 165 / УГТ;ORGANIZER_CSV;HIGH;Organizer value normalized to integer when possible.
product;b639b73b-9c1e-4eec-af6f-9662e1d1d171;market_potential;4.0;catalog_export_v4.csv;CSV;row 165 / Рын Потенциал;ORGANIZER_CSV;HIGH;Organizer value normalized to numeric representation.
applicability;app-v4-row-0165;industries;Безопасность;catalog_export_v4.csv;CSV;row 165 / Отрасль;ORGANIZER_CSV;HIGH;Raw organizer applicability value.
applicability;app-v4-row-0165;use_cases;Мониторинг паводков и затоплений;catalog_export_v4.csv;CSV;row 165 / Сценарий;ORGANIZER_CSV;HIGH;Raw organizer applicability value.
applicability;app-v4-row-0165;regions;Республика Татарстан;catalog_export_v4.csv;CSV;row 165 / Регион;ORGANIZER_CSV;HIGH;Raw organizer applicability value.
applicability;app-v4-row-0165;case_evidence;БАС применяется для мониторинговых задач;catalog_export_v4.csv;CSV;row 165 / Кейсы;ORGANIZER_CSV;HIGH;Raw organizer case text.
price_offer;price-v4-row-0165;raw_price;7 000 000,00;catalog_export_v4.csv;CSV;row 165 / Цена изделия;ORGANIZER_CSV;HIGH;Raw price preserved exactly.
price_offer;price-v4-row-0165;normalized_amount;7000000.00;catalog_export_v4.csv;CSV;row 165 / Цена изделия;NORMALIZED_FROM_ORGANIZER;HIGH;"Decimal comma/space normalization only; currency not inferred."
price_offer;price-v4-row-0165;vat_status;ORGANIZER_ASSUMPTION_INCLUDED;Дополнения для участников.pdf;page 4;prices assumed VAT-inclusive;ORGANIZER_ASSUMPTION;MEDIUM;Assumption from addendum, not confirmed per-offer fact.
price_offer;price-v4-row-0165;excluded_costs;delivery | commissioning/start-up | deep IT integration;Дополнения для участников.pdf;page 4;delivery, commissioning and deep integration excluded;ORGANIZER_ASSUMPTION;HIGH;Explicit addendum exclusion applied to each raw price offer.
product;c293732e-214e-4473-93fd-15db477db3af;name;Геоскан Gemini;catalog_export_v4.csv;CSV;row 166 / Название;ORGANIZER_CSV;HIGH;Raw organizer value preserved.
product;c293732e-214e-4473-93fd-15db477db3af;manufacturer;"ООО ""Геоскан""";catalog_export_v4.csv;CSV;row 166 / компания;ORGANIZER_CSV;HIGH;Raw organizer value preserved.
product;c293732e-214e-4473-93fd-15db477db3af;system_family;BAS;catalog_export_v4.csv;CSV;row 166 / тип;ORGANIZER_CSV;HIGH;Normalized only from organizer token `bas`.
product;c293732e-214e-4473-93fd-15db477db3af;maturity_status;OPERATION;catalog_export_v4.csv;CSV;row 166 / статус;ORGANIZER_CSV;HIGH;Normalized only from organizer token `operation`.
product;c293732e-214e-4473-93fd-15db477db3af;trl;9;catalog_export_v4.csv;CSV;row 166 / УГТ;ORGANIZER_CSV;HIGH;Organizer value normalized to integer when possible.
product;c293732e-214e-4473-93fd-15db477db3af;market_potential;4.0;catalog_export_v4.csv;CSV;row 166 / Рын Потенциал;ORGANIZER_CSV;HIGH;Organizer value normalized to numeric representation.
applicability;app-v4-row-0166;industries;Безопасность;catalog_export_v4.csv;CSV;row 166 / Отрасль;ORGANIZER_CSV;HIGH;Raw organizer applicability value.
applicability;app-v4-row-0166;use_cases;Мониторинг паводков и затоплений, Оценка ущерба от ЧС;catalog_export_v4.csv;CSV;row 166 / Сценарий;ORGANIZER_CSV;HIGH;Raw organizer applicability value.
applicability;app-v4-row-0166;regions;Санкт-Петербург;catalog_export_v4.csv;CSV;row 166 / Регион;ORGANIZER_CSV;HIGH;Raw organizer applicability value.
applicability;app-v4-row-0166;case_evidence;БАС применяется для мониторинговых задач;catalog_export_v4.csv;CSV;row 166 / Кейсы;ORGANIZER_CSV;HIGH;Raw organizer case text.
price_offer;price-v4-row-0166;raw_price;1 795 000,00;catalog_export_v4.csv;CSV;row 166 / Цена изделия;ORGANIZER_CSV;HIGH;Raw price preserved exactly.
price_offer;price-v4-row-0166;normalized_amount;1795000.00;catalog_export_v4.csv;CSV;row 166 / Цена изделия;NORMALIZED_FROM_ORGANIZER;HIGH;"Decimal comma/space normalization only; currency not inferred."
price_offer;price-v4-row-0166;vat_status;ORGANIZER_ASSUMPTION_INCLUDED;Дополнения для участников.pdf;page 4;prices assumed VAT-inclusive;ORGANIZER_ASSUMPTION;MEDIUM;Assumption from addendum, not confirmed per-offer fact.
price_offer;price-v4-row-0166;excluded_costs;delivery | commissioning/start-up | deep IT integration;Дополнения для участников.pdf;page 4;delivery, commissioning and deep integration excluded;ORGANIZER_ASSUMPTION;HIGH;Explicit addendum exclusion applied to each raw price offer.
product;6c0df6e9-ea39-40d2-93af-7aec13d629c7;name;Геоскан 401;catalog_export_v4.csv;CSV;row 167 / Название;ORGANIZER_CSV;HIGH;Raw organizer value preserved.
product;6c0df6e9-ea39-40d2-93af-7aec13d629c7;manufacturer;"ООО ""Геоскан""";catalog_export_v4.csv;CSV;row 167 / компания;ORGANIZER_CSV;HIGH;Raw organizer value preserved.
product;6c0df6e9-ea39-40d2-93af-7aec13d629c7;system_family;BAS;catalog_export_v4.csv;CSV;row 167 / тип;ORGANIZER_CSV;HIGH;Normalized only from organizer token `bas`.
product;6c0df6e9-ea39-40d2-93af-7aec13d629c7;maturity_status;OPERATION;catalog_export_v4.csv;CSV;row 167 / статус;ORGANIZER_CSV;HIGH;Normalized only from organizer token `operation`.
product;6c0df6e9-ea39-40d2-93af-7aec13d629c7;trl;9;catalog_export_v4.csv;CSV;row 167 / УГТ;ORGANIZER_CSV;HIGH;Organizer value normalized to integer when possible.
product;6c0df6e9-ea39-40d2-93af-7aec13d629c7;market_potential;4.0;catalog_export_v4.csv;CSV;row 167 / Рын Потенциал;ORGANIZER_CSV;HIGH;Organizer value normalized to numeric representation.
applicability;app-v4-row-0167;industries;Безопасность;catalog_export_v4.csv;CSV;row 167 / Отрасль;ORGANIZER_CSV;HIGH;Raw organizer applicability value.
applicability;app-v4-row-0167;use_cases;Геофизическая разведка;catalog_export_v4.csv;CSV;row 167 / Сценарий;ORGANIZER_CSV;HIGH;Raw organizer applicability value.
applicability;app-v4-row-0167;regions;Санкт-Петербург;catalog_export_v4.csv;CSV;row 167 / Регион;ORGANIZER_CSV;HIGH;Raw organizer applicability value.
applicability;app-v4-row-0167;case_evidence;БАС применяется для мониторинговых задач;catalog_export_v4.csv;CSV;row 167 / Кейсы;ORGANIZER_CSV;HIGH;Raw organizer case text.
price_offer;price-v4-row-0167;raw_price;4 000 000,00;catalog_export_v4.csv;CSV;row 167 / Цена изделия;ORGANIZER_CSV;HIGH;Raw price preserved exactly.
price_offer;price-v4-row-0167;normalized_amount;4000000.00;catalog_export_v4.csv;CSV;row 167 / Цена изделия;NORMALIZED_FROM_ORGANIZER;HIGH;"Decimal comma/space normalization only; currency not inferred."
price_offer;price-v4-row-0167;vat_status;ORGANIZER_ASSUMPTION_INCLUDED;Дополнения для участников.pdf;page 4;prices assumed VAT-inclusive;ORGANIZER_ASSUMPTION;MEDIUM;Assumption from addendum, not confirmed per-offer fact.
price_offer;price-v4-row-0167;excluded_costs;delivery | commissioning/start-up | deep IT integration;Дополнения для участников.pdf;page 4;delivery, commissioning and deep integration excluded;ORGANIZER_ASSUMPTION;HIGH;Explicit addendum exclusion applied to each raw price offer.
product;a23855b0-2d22-44f1-838c-b4d23f4a69fb;name;Геоскан 801;catalog_export_v4.csv;CSV;row 168 / Название;ORGANIZER_CSV;HIGH;Raw organizer value preserved.
product;a23855b0-2d22-44f1-838c-b4d23f4a69fb;manufacturer;"ООО ""Геоскан""";catalog_export_v4.csv;CSV;row 168 / компания;ORGANIZER_CSV;HIGH;Raw organizer value preserved.
product;a23855b0-2d22-44f1-838c-b4d23f4a69fb;system_family;BAS;catalog_export_v4.csv;CSV;row 168 / тип;ORGANIZER_CSV;HIGH;Normalized only from organizer token `bas`.
product;a23855b0-2d22-44f1-838c-b4d23f4a69fb;maturity_status;OPERATION;catalog_export_v4.csv;CSV;row 168 / статус;ORGANIZER_CSV;HIGH;Normalized only from organizer token `operation`.
product;a23855b0-2d22-44f1-838c-b4d23f4a69fb;trl;9;catalog_export_v4.csv;CSV;row 168 / УГТ;ORGANIZER_CSV;HIGH;Organizer value normalized to integer when possible.
product;a23855b0-2d22-44f1-838c-b4d23f4a69fb;market_potential;4.0;catalog_export_v4.csv;CSV;row 168 / Рын Потенциал;ORGANIZER_CSV;HIGH;Organizer value normalized to numeric representation.
applicability;app-v4-row-0168;industries;Безопасность;catalog_export_v4.csv;CSV;row 168 / Отрасль;ORGANIZER_CSV;HIGH;Raw organizer applicability value.
applicability;app-v4-row-0168;use_cases;Поиск пропавших людей, Мониторинг ПДД, Разбор ДТП;catalog_export_v4.csv;CSV;row 168 / Сценарий;ORGANIZER_CSV;HIGH;Raw organizer applicability value.
applicability;app-v4-row-0168;regions;Санкт-Петербург;catalog_export_v4.csv;CSV;row 168 / Регион;ORGANIZER_CSV;HIGH;Raw organizer applicability value.
applicability;app-v4-row-0168;case_evidence;БАС применяется для мониторинговых задач;catalog_export_v4.csv;CSV;row 168 / Кейсы;ORGANIZER_CSV;HIGH;Raw organizer case text.
price_offer;price-v4-row-0168;raw_price;2 155 000,00;catalog_export_v4.csv;CSV;row 168 / Цена изделия;ORGANIZER_CSV;HIGH;Raw price preserved exactly.
price_offer;price-v4-row-0168;normalized_amount;2155000.00;catalog_export_v4.csv;CSV;row 168 / Цена изделия;NORMALIZED_FROM_ORGANIZER;HIGH;"Decimal comma/space normalization only; currency not inferred."
price_offer;price-v4-row-0168;vat_status;ORGANIZER_ASSUMPTION_INCLUDED;Дополнения для участников.pdf;page 4;prices assumed VAT-inclusive;ORGANIZER_ASSUMPTION;MEDIUM;Assumption from addendum, not confirmed per-offer fact.
price_offer;price-v4-row-0168;excluded_costs;delivery | commissioning/start-up | deep IT integration;Дополнения для участников.pdf;page 4;delivery, commissioning and deep integration excluded;ORGANIZER_ASSUMPTION;HIGH;Explicit addendum exclusion applied to each raw price offer.
product;8eb78e78-ab23-4f2a-9684-65fa37fd3a06;name;Пегас;catalog_export_v4.csv;CSV;row 169 / Название;ORGANIZER_CSV;HIGH;Raw organizer value preserved.
product;8eb78e78-ab23-4f2a-9684-65fa37fd3a06;manufacturer;"ООО ""Аэродин""";catalog_export_v4.csv;CSV;row 169 / компания;ORGANIZER_CSV;HIGH;Raw organizer value preserved.
product;8eb78e78-ab23-4f2a-9684-65fa37fd3a06;system_family;BAS;catalog_export_v4.csv;CSV;row 169 / тип;ORGANIZER_CSV;HIGH;Normalized only from organizer token `bas`.
product;8eb78e78-ab23-4f2a-9684-65fa37fd3a06;maturity_status;OPERATION;catalog_export_v4.csv;CSV;row 169 / статус;ORGANIZER_CSV;HIGH;Normalized only from organizer token `operation`.
product;8eb78e78-ab23-4f2a-9684-65fa37fd3a06;trl;9;catalog_export_v4.csv;CSV;row 169 / УГТ;ORGANIZER_CSV;HIGH;Organizer value normalized to integer when possible.
product;8eb78e78-ab23-4f2a-9684-65fa37fd3a06;market_potential;4.0;catalog_export_v4.csv;CSV;row 169 / Рын Потенциал;ORGANIZER_CSV;HIGH;Organizer value normalized to numeric representation.
applicability;app-v4-row-0169;industries;Безопасность;catalog_export_v4.csv;CSV;row 169 / Отрасль;ORGANIZER_CSV;HIGH;Raw organizer applicability value.
applicability;app-v4-row-0169;use_cases;Геофизическая разведка;catalog_export_v4.csv;CSV;row 169 / Сценарий;ORGANIZER_CSV;HIGH;Raw organizer applicability value.
applicability;app-v4-row-0169;regions;Ленинградская область;catalog_export_v4.csv;CSV;row 169 / Регион;ORGANIZER_CSV;HIGH;Raw organizer applicability value.
applicability;app-v4-row-0169;case_evidence;БАС применяется для мониторинговых задач;catalog_export_v4.csv;CSV;row 169 / Кейсы;ORGANIZER_CSV;HIGH;Raw organizer case text.
price_offer;price-v4-row-0169;raw_price;2 500 000,00;catalog_export_v4.csv;CSV;row 169 / Цена изделия;ORGANIZER_CSV;HIGH;Raw price preserved exactly.
price_offer;price-v4-row-0169;normalized_amount;2500000.00;catalog_export_v4.csv;CSV;row 169 / Цена изделия;NORMALIZED_FROM_ORGANIZER;HIGH;"Decimal comma/space normalization only; currency not inferred."
price_offer;price-v4-row-0169;vat_status;ORGANIZER_ASSUMPTION_INCLUDED;Дополнения для участников.pdf;page 4;prices assumed VAT-inclusive;ORGANIZER_ASSUMPTION;MEDIUM;Assumption from addendum, not confirmed per-offer fact.
price_offer;price-v4-row-0169;excluded_costs;delivery | commissioning/start-up | deep IT integration;Дополнения для участников.pdf;page 4;delivery, commissioning and deep integration excluded;ORGANIZER_ASSUMPTION;HIGH;Explicit addendum exclusion applied to each raw price offer.
product;8dbe4684-18ef-49f7-bced-95969703a49a;name;Supercam X4E;catalog_export_v4.csv;CSV;row 170 / Название;ORGANIZER_CSV;HIGH;Raw organizer value preserved.
product;8dbe4684-18ef-49f7-bced-95969703a49a;manufacturer;"ООО ""Финко""";catalog_export_v4.csv;CSV;row 170 / компания;ORGANIZER_CSV;HIGH;Raw organizer value preserved.
product;8dbe4684-18ef-49f7-bced-95969703a49a;system_family;BAS;catalog_export_v4.csv;CSV;row 170 / тип;ORGANIZER_CSV;HIGH;Normalized only from organizer token `bas`.
product;8dbe4684-18ef-49f7-bced-95969703a49a;maturity_status;OPERATION;catalog_export_v4.csv;CSV;row 170 / статус;ORGANIZER_CSV;HIGH;Normalized only from organizer token `operation`.
product;8dbe4684-18ef-49f7-bced-95969703a49a;trl;8;catalog_export_v4.csv;CSV;row 170 / УГТ;ORGANIZER_CSV;HIGH;Organizer value normalized to integer when possible.
product;8dbe4684-18ef-49f7-bced-95969703a49a;market_potential;4.0;catalog_export_v4.csv;CSV;row 170 / Рын Потенциал;ORGANIZER_CSV;HIGH;Organizer value normalized to numeric representation.
product;8dbe4684-18ef-49f7-bced-95969703a49a;description.raw;Профессиональный беспилотный летательный аппарат (БПЛА) мультироторного типа, разработанный группой компаний Беспилотные системы, который предназначен для высокоточного мониторинга, геодезии и картографирования в любое время суток.;catalog_export_v4.csv;CSV;row 170 / описание;ORGANIZER_CSV;HIGH;Raw organizer description preserved without rewriting.
applicability;app-v4-row-0170;industries;Безопасность;catalog_export_v4.csv;CSV;row 170 / Отрасль;ORGANIZER_CSV;HIGH;Raw organizer applicability value.
applicability;app-v4-row-0170;use_cases;Поиск пропавших людей;catalog_export_v4.csv;CSV;row 170 / Сценарий;ORGANIZER_CSV;HIGH;Raw organizer applicability value.
applicability;app-v4-row-0170;regions;Удмуртская Республика;catalog_export_v4.csv;CSV;row 170 / Регион;ORGANIZER_CSV;HIGH;Raw organizer applicability value.
applicability;app-v4-row-0170;case_evidence;БАС применяется для мониторинговых задач;catalog_export_v4.csv;CSV;row 170 / Кейсы;ORGANIZER_CSV;HIGH;Raw organizer case text.
price_offer;price-v4-row-0170;raw_price;5 038 000,00;catalog_export_v4.csv;CSV;row 170 / Цена изделия;ORGANIZER_CSV;HIGH;Raw price preserved exactly.
price_offer;price-v4-row-0170;normalized_amount;5038000.00;catalog_export_v4.csv;CSV;row 170 / Цена изделия;NORMALIZED_FROM_ORGANIZER;HIGH;"Decimal comma/space normalization only; currency not inferred."
price_offer;price-v4-row-0170;vat_status;ORGANIZER_ASSUMPTION_INCLUDED;Дополнения для участников.pdf;page 4;prices assumed VAT-inclusive;ORGANIZER_ASSUMPTION;MEDIUM;Assumption from addendum, not confirmed per-offer fact.
price_offer;price-v4-row-0170;excluded_costs;delivery | commissioning/start-up | deep IT integration;Дополнения для участников.pdf;page 4;delivery, commissioning and deep integration excluded;ORGANIZER_ASSUMPTION;HIGH;Explicit addendum exclusion applied to each raw price offer.
product;cf43e50c-bdf6-4069-accb-e16b1d2c670e;name;Геоскан 201 Термо;catalog_export_v4.csv;CSV;row 171 / Название;ORGANIZER_CSV;HIGH;Raw organizer value preserved.
product;cf43e50c-bdf6-4069-accb-e16b1d2c670e;manufacturer;"ООО ""Геоскан""";catalog_export_v4.csv;CSV;row 171 / компания;ORGANIZER_CSV;HIGH;Raw organizer value preserved.
product;cf43e50c-bdf6-4069-accb-e16b1d2c670e;system_family;BAS;catalog_export_v4.csv;CSV;row 171 / тип;ORGANIZER_CSV;HIGH;Normalized only from organizer token `bas`.
product;cf43e50c-bdf6-4069-accb-e16b1d2c670e;maturity_status;OPERATION;catalog_export_v4.csv;CSV;row 171 / статус;ORGANIZER_CSV;HIGH;Normalized only from organizer token `operation`.
product;cf43e50c-bdf6-4069-accb-e16b1d2c670e;trl;9;catalog_export_v4.csv;CSV;row 171 / УГТ;ORGANIZER_CSV;HIGH;Organizer value normalized to integer when possible.
product;cf43e50c-bdf6-4069-accb-e16b1d2c670e;market_potential;4.0;catalog_export_v4.csv;CSV;row 171 / Рын Потенциал;ORGANIZER_CSV;HIGH;Organizer value normalized to numeric representation.
applicability;app-v4-row-0171;industries;Безопасность;catalog_export_v4.csv;CSV;row 171 / Отрасль;ORGANIZER_CSV;HIGH;Raw organizer applicability value.
applicability;app-v4-row-0171;use_cases;Поиск пропавших людей;catalog_export_v4.csv;CSV;row 171 / Сценарий;ORGANIZER_CSV;HIGH;Raw organizer applicability value.
applicability;app-v4-row-0171;regions;Санкт-Петербург;catalog_export_v4.csv;CSV;row 171 / Регион;ORGANIZER_CSV;HIGH;Raw organizer applicability value.
applicability;app-v4-row-0171;case_evidence;БАС применяется для мониторинговых задач;catalog_export_v4.csv;CSV;row 171 / Кейсы;ORGANIZER_CSV;HIGH;Raw organizer case text.
price_offer;price-v4-row-0171;raw_price;5 090 000,00;catalog_export_v4.csv;CSV;row 171 / Цена изделия;ORGANIZER_CSV;HIGH;Raw price preserved exactly.
price_offer;price-v4-row-0171;normalized_amount;5090000.00;catalog_export_v4.csv;CSV;row 171 / Цена изделия;NORMALIZED_FROM_ORGANIZER;HIGH;"Decimal comma/space normalization only; currency not inferred."
price_offer;price-v4-row-0171;vat_status;ORGANIZER_ASSUMPTION_INCLUDED;Дополнения для участников.pdf;page 4;prices assumed VAT-inclusive;ORGANIZER_ASSUMPTION;MEDIUM;Assumption from addendum, not confirmed per-offer fact.
price_offer;price-v4-row-0171;excluded_costs;delivery | commissioning/start-up | deep IT integration;Дополнения для участников.pdf;page 4;delivery, commissioning and deep integration excluded;ORGANIZER_ASSUMPTION;HIGH;Explicit addendum exclusion applied to each raw price offer.
product;22de87a2-a16a-4ce3-9581-1c3eb6f6d2ec;name;ДИАМ 20;catalog_export_v4.csv;CSV;row 172 / Название;ORGANIZER_CSV;HIGH;Raw organizer value preserved.
product;22de87a2-a16a-4ce3-9581-1c3eb6f6d2ec;manufacturer;"АО ГК ""Икар""";catalog_export_v4.csv;CSV;row 172 / компания;ORGANIZER_CSV;HIGH;Raw organizer value preserved.
product;22de87a2-a16a-4ce3-9581-1c3eb6f6d2ec;system_family;BAS;catalog_export_v4.csv;CSV;row 172 / тип;ORGANIZER_CSV;HIGH;Normalized only from organizer token `bas`.
product;22de87a2-a16a-4ce3-9581-1c3eb6f6d2ec;maturity_status;OPERATION;catalog_export_v4.csv;CSV;row 172 / статус;ORGANIZER_CSV;HIGH;Normalized only from organizer token `operation`.
product;22de87a2-a16a-4ce3-9581-1c3eb6f6d2ec;trl;8;catalog_export_v4.csv;CSV;row 172 / УГТ;ORGANIZER_CSV;HIGH;Organizer value normalized to integer when possible.
product;22de87a2-a16a-4ce3-9581-1c3eb6f6d2ec;market_potential;4.0;catalog_export_v4.csv;CSV;row 172 / Рын Потенциал;ORGANIZER_CSV;HIGH;Organizer value normalized to numeric representation.
applicability;app-v4-row-0172;industries;Безопасность;catalog_export_v4.csv;CSV;row 172 / Отрасль;ORGANIZER_CSV;HIGH;Raw organizer applicability value.
applicability;app-v4-row-0172;use_cases;Геофизическая разведка;catalog_export_v4.csv;CSV;row 172 / Сценарий;ORGANIZER_CSV;HIGH;Raw organizer applicability value.
applicability;app-v4-row-0172;regions;Москва;catalog_export_v4.csv;CSV;row 172 / Регион;ORGANIZER_CSV;HIGH;Raw organizer applicability value.
applicability;app-v4-row-0172;case_evidence;БАС применяется для мониторинговых задач;catalog_export_v4.csv;CSV;row 172 / Кейсы;ORGANIZER_CSV;HIGH;Raw organizer case text.
price_offer;price-v4-row-0172;raw_price;10 500 000,00;catalog_export_v4.csv;CSV;row 172 / Цена изделия;ORGANIZER_CSV;HIGH;Raw price preserved exactly.
price_offer;price-v4-row-0172;normalized_amount;10500000.00;catalog_export_v4.csv;CSV;row 172 / Цена изделия;NORMALIZED_FROM_ORGANIZER;HIGH;"Decimal comma/space normalization only; currency not inferred."
price_offer;price-v4-row-0172;vat_status;ORGANIZER_ASSUMPTION_INCLUDED;Дополнения для участников.pdf;page 4;prices assumed VAT-inclusive;ORGANIZER_ASSUMPTION;MEDIUM;Assumption from addendum, not confirmed per-offer fact.
price_offer;price-v4-row-0172;excluded_costs;delivery | commissioning/start-up | deep IT integration;Дополнения для участников.pdf;page 4;delivery, commissioning and deep integration excluded;ORGANIZER_ASSUMPTION;HIGH;Explicit addendum exclusion applied to each raw price offer.
product;49db955c-62c7-4f69-912f-2745000471fa;name;Робот Городовой;catalog_export_v4.csv;CSV;row 173 / Название;ORGANIZER_CSV;HIGH;Raw organizer value preserved.
product;49db955c-62c7-4f69-912f-2745000471fa;manufacturer;"ООО ""Гумич РТК""";catalog_export_v4.csv;CSV;row 173 / компания;ORGANIZER_CSV;HIGH;Raw organizer value preserved.
product;49db955c-62c7-4f69-912f-2745000471fa;system_family;BRS;catalog_export_v4.csv;CSV;row 173 / тип;ORGANIZER_CSV;HIGH;Normalized only from organizer token `brs`.
product;49db955c-62c7-4f69-912f-2745000471fa;maturity_status;OPERATION;catalog_export_v4.csv;CSV;row 173 / статус;ORGANIZER_CSV;HIGH;Normalized only from organizer token `operation`.
product;49db955c-62c7-4f69-912f-2745000471fa;trl;8;catalog_export_v4.csv;CSV;row 173 / УГТ;ORGANIZER_CSV;HIGH;Organizer value normalized to integer when possible.
product;49db955c-62c7-4f69-912f-2745000471fa;market_potential;2.0;catalog_export_v4.csv;CSV;row 173 / Рын Потенциал;ORGANIZER_CSV;HIGH;Organizer value normalized to numeric representation.
product;49db955c-62c7-4f69-912f-2745000471fa;type;Мобильные роботы;catalog_export_v4.csv;CSV;row 173 / Тип;ORGANIZER_CSV;HIGH;Raw organizer value preserved.
product;49db955c-62c7-4f69-912f-2745000471fa;subtype;Охранный робот;catalog_export_v4.csv;CSV;row 173 / Подтип;ORGANIZER_CSV;HIGH;Raw organizer value preserved.
applicability;app-v4-row-0173;industries;Безопасность;catalog_export_v4.csv;CSV;row 173 / Отрасль;ORGANIZER_CSV;HIGH;Raw organizer applicability value.
applicability;app-v4-row-0173;use_cases;Патрулирование территории;catalog_export_v4.csv;CSV;row 173 / Сценарий;ORGANIZER_CSV;HIGH;Raw organizer applicability value.
applicability;app-v4-row-0173;regions;Москва;catalog_export_v4.csv;CSV;row 173 / Регион;ORGANIZER_CSV;HIGH;Raw organizer applicability value.
applicability;app-v4-row-0173;case_evidence;Патрульный робот приветствовал студентов на дне открытых дверей в Технопарке «Нагатино».;catalog_export_v4.csv;CSV;row 173 / Кейсы;ORGANIZER_CSV;HIGH;Raw organizer case text.
price_offer;price-v4-row-0173;raw_price;3 500 000,00;catalog_export_v4.csv;CSV;row 173 / Цена изделия;ORGANIZER_CSV;HIGH;Raw price preserved exactly.
price_offer;price-v4-row-0173;normalized_amount;3500000.00;catalog_export_v4.csv;CSV;row 173 / Цена изделия;NORMALIZED_FROM_ORGANIZER;HIGH;"Decimal comma/space normalization only; currency not inferred."
price_offer;price-v4-row-0173;vat_status;ORGANIZER_ASSUMPTION_INCLUDED;Дополнения для участников.pdf;page 4;prices assumed VAT-inclusive;ORGANIZER_ASSUMPTION;MEDIUM;Assumption from addendum, not confirmed per-offer fact.
price_offer;price-v4-row-0173;excluded_costs;delivery | commissioning/start-up | deep IT integration;Дополнения для участников.pdf;page 4;delivery, commissioning and deep integration excluded;ORGANIZER_ASSUMPTION;HIGH;Explicit addendum exclusion applied to each raw price offer.
product;6aa68572-2fef-4dd7-bfd5-68d117c558cc;name;Трал Патруль 5;catalog_export_v4.csv;CSV;row 174 / Название;ORGANIZER_CSV;HIGH;Raw organizer value preserved.
product;6aa68572-2fef-4dd7-bfd5-68d117c558cc;manufacturer;"ООО ""СМП Сервис""";catalog_export_v4.csv;CSV;row 174 / компания;ORGANIZER_CSV;HIGH;Raw organizer value preserved.
product;6aa68572-2fef-4dd7-bfd5-68d117c558cc;system_family;BRS;catalog_export_v4.csv;CSV;row 174 / тип;ORGANIZER_CSV;HIGH;Normalized only from organizer token `brs`.
product;6aa68572-2fef-4dd7-bfd5-68d117c558cc;maturity_status;OPERATION;catalog_export_v4.csv;CSV;row 174 / статус;ORGANIZER_CSV;HIGH;Normalized only from organizer token `operation`.
product;6aa68572-2fef-4dd7-bfd5-68d117c558cc;trl;8;catalog_export_v4.csv;CSV;row 174 / УГТ;ORGANIZER_CSV;HIGH;Organizer value normalized to integer when possible.
product;6aa68572-2fef-4dd7-bfd5-68d117c558cc;market_potential;3.0;catalog_export_v4.csv;CSV;row 174 / Рын Потенциал;ORGANIZER_CSV;HIGH;Organizer value normalized to numeric representation.
product;6aa68572-2fef-4dd7-bfd5-68d117c558cc;type;Мобильные роботы;catalog_export_v4.csv;CSV;row 174 / Тип;ORGANIZER_CSV;HIGH;Raw organizer value preserved.
product;6aa68572-2fef-4dd7-bfd5-68d117c558cc;subtype;Охранный робот;catalog_export_v4.csv;CSV;row 174 / Подтип;ORGANIZER_CSV;HIGH;Raw organizer value preserved.
applicability;app-v4-row-0174;industries;Безопасность;catalog_export_v4.csv;CSV;row 174 / Отрасль;ORGANIZER_CSV;HIGH;Raw organizer applicability value.
applicability;app-v4-row-0174;use_cases;Патрулирование территории;catalog_export_v4.csv;CSV;row 174 / Сценарий;ORGANIZER_CSV;HIGH;Raw organizer applicability value.
applicability;app-v4-row-0174;regions;Москва;catalog_export_v4.csv;CSV;row 174 / Регион;ORGANIZER_CSV;HIGH;Raw organizer applicability value.
applicability;app-v4-row-0174;case_evidence;В парке «Зеленопарк» внедрен автономный комплекс для выполнения функций охранного робота.;catalog_export_v4.csv;CSV;row 174 / Кейсы;ORGANIZER_CSV;HIGH;Raw organizer case text.
price_offer;price-v4-row-0174;raw_price;4 000 000,00;catalog_export_v4.csv;CSV;row 174 / Цена изделия;ORGANIZER_CSV;HIGH;Raw price preserved exactly.
price_offer;price-v4-row-0174;normalized_amount;4000000.00;catalog_export_v4.csv;CSV;row 174 / Цена изделия;NORMALIZED_FROM_ORGANIZER;HIGH;"Decimal comma/space normalization only; currency not inferred."
price_offer;price-v4-row-0174;vat_status;ORGANIZER_ASSUMPTION_INCLUDED;Дополнения для участников.pdf;page 4;prices assumed VAT-inclusive;ORGANIZER_ASSUMPTION;MEDIUM;Assumption from addendum, not confirmed per-offer fact.
price_offer;price-v4-row-0174;excluded_costs;delivery | commissioning/start-up | deep IT integration;Дополнения для участников.pdf;page 4;delivery, commissioning and deep integration excluded;ORGANIZER_ASSUMPTION;HIGH;Explicit addendum exclusion applied to each raw price offer.
product;ac5b3159-9df0-4911-8cc3-31227a5b3b59;name;TFM-15-8E;catalog_export_v4.csv;CSV;row 175 / Название;ORGANIZER_CSV;HIGH;Raw organizer value preserved.
product;ac5b3159-9df0-4911-8cc3-31227a5b3b59;manufacturer;"ООО ""ЛМТ""";catalog_export_v4.csv;CSV;row 175 / компания;ORGANIZER_CSV;HIGH;Raw organizer value preserved.
product;ac5b3159-9df0-4911-8cc3-31227a5b3b59;system_family;BAS;catalog_export_v4.csv;CSV;row 175 / тип;ORGANIZER_CSV;HIGH;Normalized only from organizer token `bas`.
product;ac5b3159-9df0-4911-8cc3-31227a5b3b59;maturity_status;OPERATION;catalog_export_v4.csv;CSV;row 175 / статус;ORGANIZER_CSV;HIGH;Normalized only from organizer token `operation`.
product;ac5b3159-9df0-4911-8cc3-31227a5b3b59;trl;9;catalog_export_v4.csv;CSV;row 175 / УГТ;ORGANIZER_CSV;HIGH;Organizer value normalized to integer when possible.
product;ac5b3159-9df0-4911-8cc3-31227a5b3b59;market_potential;4.0;catalog_export_v4.csv;CSV;row 175 / Рын Потенциал;ORGANIZER_CSV;HIGH;Organizer value normalized to numeric representation.
applicability;app-v4-row-0175;industries;Безопасность;catalog_export_v4.csv;CSV;row 175 / Отрасль;ORGANIZER_CSV;HIGH;Raw organizer applicability value.
applicability;app-v4-row-0175;use_cases;Патрулирование площадных объектов, Доставка биоматериалов;catalog_export_v4.csv;CSV;row 175 / Сценарий;ORGANIZER_CSV;HIGH;Raw organizer applicability value.
applicability;app-v4-row-0175;regions;Москва;catalog_export_v4.csv;CSV;row 175 / Регион;ORGANIZER_CSV;HIGH;Raw organizer applicability value.
applicability;app-v4-row-0175;case_evidence;Дрон применяется в Калужской области для доставки грузов.;catalog_export_v4.csv;CSV;row 175 / Кейсы;ORGANIZER_CSV;HIGH;Raw organizer case text.
price_offer;price-v4-row-0175;raw_price;19 338 818,00;catalog_export_v4.csv;CSV;row 175 / Цена изделия;ORGANIZER_CSV;HIGH;Raw price preserved exactly.
price_offer;price-v4-row-0175;normalized_amount;19338818.00;catalog_export_v4.csv;CSV;row 175 / Цена изделия;NORMALIZED_FROM_ORGANIZER;HIGH;"Decimal comma/space normalization only; currency not inferred."
price_offer;price-v4-row-0175;vat_status;ORGANIZER_ASSUMPTION_INCLUDED;Дополнения для участников.pdf;page 4;prices assumed VAT-inclusive;ORGANIZER_ASSUMPTION;MEDIUM;Assumption from addendum, not confirmed per-offer fact.
price_offer;price-v4-row-0175;excluded_costs;delivery | commissioning/start-up | deep IT integration;Дополнения для участников.pdf;page 4;delivery, commissioning and deep integration excluded;ORGANIZER_ASSUMPTION;HIGH;Explicit addendum exclusion applied to each raw price offer.
product;0861538d-75c8-473e-a2ab-499a6b8c1d49;name;Курьер-30;catalog_export_v4.csv;CSV;row 176 / Название;ORGANIZER_CSV;HIGH;Raw organizer value preserved.
product;0861538d-75c8-473e-a2ab-499a6b8c1d49;manufacturer;"ООО ""Клеверкоптер""";catalog_export_v4.csv;CSV;row 176 / компания;ORGANIZER_CSV;HIGH;Raw organizer value preserved.
product;0861538d-75c8-473e-a2ab-499a6b8c1d49;system_family;BAS;catalog_export_v4.csv;CSV;row 176 / тип;ORGANIZER_CSV;HIGH;Normalized only from organizer token `bas`.
product;0861538d-75c8-473e-a2ab-499a6b8c1d49;maturity_status;OPERATION;catalog_export_v4.csv;CSV;row 176 / статус;ORGANIZER_CSV;HIGH;Normalized only from organizer token `operation`.
product;0861538d-75c8-473e-a2ab-499a6b8c1d49;trl;9;catalog_export_v4.csv;CSV;row 176 / УГТ;ORGANIZER_CSV;HIGH;Organizer value normalized to integer when possible.
product;0861538d-75c8-473e-a2ab-499a6b8c1d49;market_potential;4.0;catalog_export_v4.csv;CSV;row 176 / Рын Потенциал;ORGANIZER_CSV;HIGH;Organizer value normalized to numeric representation.
product;0861538d-75c8-473e-a2ab-499a6b8c1d49;type;БАС;catalog_export_v4.csv;CSV;row 176 / Тип;ORGANIZER_CSV;HIGH;Raw organizer value preserved.
product;0861538d-75c8-473e-a2ab-499a6b8c1d49;subtype;БАС мультироторного типа;catalog_export_v4.csv;CSV;row 176 / Подтип;ORGANIZER_CSV;HIGH;Raw organizer value preserved.
product;0861538d-75c8-473e-a2ab-499a6b8c1d49;description.raw;"Беспилотная авиационная система с
беспилотным воздушным судном
мультироторного типа c максимальной
взлетной массой 30 кг., подходит для
перевозки различных грузов массой до 6 кг.
объемом до 0,055 м3 на расстояние до 18
км. при различных погодных условиях.";catalog_export_v4.csv;CSV;row 176 / описание;ORGANIZER_CSV;HIGH;Raw organizer description preserved without rewriting.
applicability;app-v4-row-0176;industries;Безопасность;catalog_export_v4.csv;CSV;row 176 / Отрасль;ORGANIZER_CSV;HIGH;Raw organizer applicability value.
applicability;app-v4-row-0176;use_cases;Доставка биоматериаловм;catalog_export_v4.csv;CSV;row 176 / Сценарий;ORGANIZER_CSV;HIGH;Raw organizer applicability value.
applicability;app-v4-row-0176;regions;Нижегородская область;catalog_export_v4.csv;CSV;row 176 / Регион;ORGANIZER_CSV;HIGH;Raw organizer applicability value.
applicability;app-v4-row-0176;case_evidence;Запущен маршрут доставки биоматериалов с помощью БАС «Курьер-30» между медицинскими учреждениями в Нижегородской области. В результате время транспортировки сокращено с 1,5 часа до 10 минут, за год перевезено около 800 кг грузов.;catalog_export_v4.csv;CSV;row 176 / Кейсы;ORGANIZER_CSV;HIGH;Raw organizer case text.
price_offer;price-v4-row-0176;raw_price;2 200 000,00;catalog_export_v4.csv;CSV;row 176 / Цена изделия;ORGANIZER_CSV;HIGH;Raw price preserved exactly.
price_offer;price-v4-row-0176;normalized_amount;2200000.00;catalog_export_v4.csv;CSV;row 176 / Цена изделия;NORMALIZED_FROM_ORGANIZER;HIGH;"Decimal comma/space normalization only; currency not inferred."
price_offer;price-v4-row-0176;vat_status;ORGANIZER_ASSUMPTION_INCLUDED;Дополнения для участников.pdf;page 4;prices assumed VAT-inclusive;ORGANIZER_ASSUMPTION;MEDIUM;Assumption from addendum, not confirmed per-offer fact.
price_offer;price-v4-row-0176;excluded_costs;delivery | commissioning/start-up | deep IT integration;Дополнения для участников.pdf;page 4;delivery, commissioning and deep integration excluded;ORGANIZER_ASSUMPTION;HIGH;Explicit addendum exclusion applied to each raw price offer.
product;0aaaa4d1-9ca6-4737-a3d6-92081635402c;name;Ортез-1;catalog_export_v4.csv;CSV;row 177 / Название;ORGANIZER_CSV;HIGH;Raw organizer value preserved.
product;0aaaa4d1-9ca6-4737-a3d6-92081635402c;manufacturer;"АО ""НПО Андроидная Техника""";catalog_export_v4.csv;CSV;row 177 / компания;ORGANIZER_CSV;HIGH;Raw organizer value preserved.
product;0aaaa4d1-9ca6-4737-a3d6-92081635402c;system_family;BAS;catalog_export_v4.csv;CSV;row 177 / тип;ORGANIZER_CSV;HIGH;Normalized only from organizer token `bas`.
product;0aaaa4d1-9ca6-4737-a3d6-92081635402c;maturity_status;RND;catalog_export_v4.csv;CSV;row 177 / статус;ORGANIZER_CSV;HIGH;Normalized only from organizer token `rnd`.
product;0aaaa4d1-9ca6-4737-a3d6-92081635402c;trl;9;catalog_export_v4.csv;CSV;row 177 / УГТ;ORGANIZER_CSV;HIGH;Organizer value normalized to integer when possible.
product;0aaaa4d1-9ca6-4737-a3d6-92081635402c;market_potential;4.0;catalog_export_v4.csv;CSV;row 177 / Рын Потенциал;ORGANIZER_CSV;HIGH;Organizer value normalized to numeric representation.
applicability;app-v4-row-0177;industries;Безопасность;catalog_export_v4.csv;CSV;row 177 / Отрасль;ORGANIZER_CSV;HIGH;Raw organizer applicability value.
applicability;app-v4-row-0177;use_cases;Оказание медицинской помощи;catalog_export_v4.csv;CSV;row 177 / Сценарий;ORGANIZER_CSV;HIGH;Raw organizer applicability value.
applicability;app-v4-row-0177;regions;Москва;catalog_export_v4.csv;CSV;row 177 / Регион;ORGANIZER_CSV;HIGH;Raw organizer applicability value.
applicability;app-v4-row-0177;case_evidence;Реабилитационный робототехнический комплекс, предназначенный для восстановления двигательной активности пациентов, внедрен в 18 медицинских учреждениях России;catalog_export_v4.csv;CSV;row 177 / Кейсы;ORGANIZER_CSV;HIGH;Raw organizer case text.
price_offer;price-v4-row-0177;raw_price;4 000 000,00;catalog_export_v4.csv;CSV;row 177 / Цена изделия;ORGANIZER_CSV;HIGH;Raw price preserved exactly.
price_offer;price-v4-row-0177;normalized_amount;4000000.00;catalog_export_v4.csv;CSV;row 177 / Цена изделия;NORMALIZED_FROM_ORGANIZER;HIGH;"Decimal comma/space normalization only; currency not inferred."
price_offer;price-v4-row-0177;vat_status;ORGANIZER_ASSUMPTION_INCLUDED;Дополнения для участников.pdf;page 4;prices assumed VAT-inclusive;ORGANIZER_ASSUMPTION;MEDIUM;Assumption from addendum, not confirmed per-offer fact.
price_offer;price-v4-row-0177;excluded_costs;delivery | commissioning/start-up | deep IT integration;Дополнения для участников.pdf;page 4;delivery, commissioning and deep integration excluded;ORGANIZER_ASSUMPTION;HIGH;Explicit addendum exclusion applied to each raw price offer.
product;bace806b-bb2c-42d1-806b-be4fd48f75f1;name;Роботизированный лафетный ствол;catalog_export_v4.csv;CSV;row 178 / Название;ORGANIZER_CSV;HIGH;Raw organizer value preserved.
product;bace806b-bb2c-42d1-806b-be4fd48f75f1;manufacturer;"ООО ""Коруфайер""";catalog_export_v4.csv;CSV;row 178 / компания;ORGANIZER_CSV;HIGH;Raw organizer value preserved.
product;bace806b-bb2c-42d1-806b-be4fd48f75f1;system_family;BRS;catalog_export_v4.csv;CSV;row 178 / тип;ORGANIZER_CSV;HIGH;Normalized only from organizer token `brs`.
product;bace806b-bb2c-42d1-806b-be4fd48f75f1;maturity_status;OPERATION;catalog_export_v4.csv;CSV;row 178 / статус;ORGANIZER_CSV;HIGH;Normalized only from organizer token `operation`.
product;bace806b-bb2c-42d1-806b-be4fd48f75f1;trl;8;catalog_export_v4.csv;CSV;row 178 / УГТ;ORGANIZER_CSV;HIGH;Organizer value normalized to integer when possible.
product;bace806b-bb2c-42d1-806b-be4fd48f75f1;market_potential;5.0;catalog_export_v4.csv;CSV;row 178 / Рын Потенциал;ORGANIZER_CSV;HIGH;Organizer value normalized to numeric representation.
product;bace806b-bb2c-42d1-806b-be4fd48f75f1;type;Стационарные роботизированные системы;catalog_export_v4.csv;CSV;row 178 / Тип;ORGANIZER_CSV;HIGH;Raw organizer value preserved.
product;bace806b-bb2c-42d1-806b-be4fd48f75f1;subtype;Роботизированный лафетный ствол;catalog_export_v4.csv;CSV;row 178 / Подтип;ORGANIZER_CSV;HIGH;Raw organizer value preserved.
applicability;app-v4-row-0178;industries;Безопасность;catalog_export_v4.csv;CSV;row 178 / Отрасль;ORGANIZER_CSV;HIGH;Raw organizer applicability value.
applicability;app-v4-row-0178;use_cases;Тушение пожаров;catalog_export_v4.csv;CSV;row 178 / Сценарий;ORGANIZER_CSV;HIGH;Raw organizer applicability value.
applicability;app-v4-row-0178;regions;Москва;catalog_export_v4.csv;CSV;row 178 / Регион;ORGANIZER_CSV;HIGH;Raw organizer applicability value.
applicability;app-v4-row-0178;case_evidence;Робототехнический комплекс использовался в межведомственных опытно-исследовательских учениях «Безопасная Арктика – 2025».;catalog_export_v4.csv;CSV;row 178 / Кейсы;ORGANIZER_CSV;HIGH;Raw organizer case text.
price_offer;price-v4-row-0178;raw_price;2 200 000,00;catalog_export_v4.csv;CSV;row 178 / Цена изделия;ORGANIZER_CSV;HIGH;Raw price preserved exactly.
price_offer;price-v4-row-0178;normalized_amount;2200000.00;catalog_export_v4.csv;CSV;row 178 / Цена изделия;NORMALIZED_FROM_ORGANIZER;HIGH;"Decimal comma/space normalization only; currency not inferred."
price_offer;price-v4-row-0178;vat_status;ORGANIZER_ASSUMPTION_INCLUDED;Дополнения для участников.pdf;page 4;prices assumed VAT-inclusive;ORGANIZER_ASSUMPTION;MEDIUM;Assumption from addendum, not confirmed per-offer fact.
price_offer;price-v4-row-0178;excluded_costs;delivery | commissioning/start-up | deep IT integration;Дополнения для участников.pdf;page 4;delivery, commissioning and deep integration excluded;ORGANIZER_ASSUMPTION;HIGH;Explicit addendum exclusion applied to each raw price offer.
product;04d05489-05fb-46b3-aed0-1012f96d34a3;name;Гумич спасатель;catalog_export_v4.csv;CSV;row 179 / Название;ORGANIZER_CSV;HIGH;Raw organizer value preserved.
product;04d05489-05fb-46b3-aed0-1012f96d34a3;manufacturer;"ООО ""Гумич РТК""";catalog_export_v4.csv;CSV;row 179 / компания;ORGANIZER_CSV;HIGH;Raw organizer value preserved.
product;04d05489-05fb-46b3-aed0-1012f96d34a3;system_family;BRS;catalog_export_v4.csv;CSV;row 179 / тип;ORGANIZER_CSV;HIGH;Normalized only from organizer token `brs`.
product;04d05489-05fb-46b3-aed0-1012f96d34a3;maturity_status;PILOTING;catalog_export_v4.csv;CSV;row 179 / статус;ORGANIZER_CSV;HIGH;Normalized only from organizer token `piloting`.
product;04d05489-05fb-46b3-aed0-1012f96d34a3;trl;7;catalog_export_v4.csv;CSV;row 179 / УГТ;ORGANIZER_CSV;HIGH;Organizer value normalized to integer when possible.
product;04d05489-05fb-46b3-aed0-1012f96d34a3;market_potential;4.0;catalog_export_v4.csv;CSV;row 179 / Рын Потенциал;ORGANIZER_CSV;HIGH;Organizer value normalized to numeric representation.
product;04d05489-05fb-46b3-aed0-1012f96d34a3;type;Мобильные роботы;catalog_export_v4.csv;CSV;row 179 / Тип;ORGANIZER_CSV;HIGH;Raw organizer value preserved.
product;04d05489-05fb-46b3-aed0-1012f96d34a3;subtype;Охранный робот;catalog_export_v4.csv;CSV;row 179 / Подтип;ORGANIZER_CSV;HIGH;Raw organizer value preserved.
applicability;app-v4-row-0179;industries;Безопасность;catalog_export_v4.csv;CSV;row 179 / Отрасль;ORGANIZER_CSV;HIGH;Raw organizer applicability value.
applicability;app-v4-row-0179;use_cases;Эвакуация пострадавших с места ЧС;catalog_export_v4.csv;CSV;row 179 / Сценарий;ORGANIZER_CSV;HIGH;Raw organizer applicability value.
applicability;app-v4-row-0179;regions;Москва;catalog_export_v4.csv;CSV;row 179 / Регион;ORGANIZER_CSV;HIGH;Raw organizer applicability value.
applicability;app-v4-row-0179;case_evidence;Внедрен робот «Спасатель» компании Гумич РТК на территории Ямала для проверки состояния домов на сваях в условиях вечной мерзлоты.;catalog_export_v4.csv;CSV;row 179 / Кейсы;ORGANIZER_CSV;HIGH;Raw organizer case text.
price_offer;price-v4-row-0179;raw_price;5 500 000,00;catalog_export_v4.csv;CSV;row 179 / Цена изделия;ORGANIZER_CSV;HIGH;Raw price preserved exactly.
price_offer;price-v4-row-0179;normalized_amount;5500000.00;catalog_export_v4.csv;CSV;row 179 / Цена изделия;NORMALIZED_FROM_ORGANIZER;HIGH;"Decimal comma/space normalization only; currency not inferred."
price_offer;price-v4-row-0179;vat_status;ORGANIZER_ASSUMPTION_INCLUDED;Дополнения для участников.pdf;page 4;prices assumed VAT-inclusive;ORGANIZER_ASSUMPTION;MEDIUM;Assumption from addendum, not confirmed per-offer fact.
price_offer;price-v4-row-0179;excluded_costs;delivery | commissioning/start-up | deep IT integration;Дополнения для участников.pdf;page 4;delivery, commissioning and deep integration excluded;ORGANIZER_ASSUMPTION;HIGH;Explicit addendum exclusion applied to each raw price offer.
product;b86f4613-789b-4cee-9f75-5d010da90b61;name;Роботизированный комплекс по обследованию грунта;catalog_export_v4.csv;CSV;row 180 / Название;ORGANIZER_CSV;HIGH;Raw organizer value preserved.
product;b86f4613-789b-4cee-9f75-5d010da90b61;manufacturer;"ООО ""Аврора Роботикс""";catalog_export_v4.csv;CSV;row 180 / компания;ORGANIZER_CSV;HIGH;Raw organizer value preserved.
product;b86f4613-789b-4cee-9f75-5d010da90b61;system_family;BRS;catalog_export_v4.csv;CSV;row 180 / тип;ORGANIZER_CSV;HIGH;Normalized only from organizer token `brs`.
product;b86f4613-789b-4cee-9f75-5d010da90b61;maturity_status;PILOTING;catalog_export_v4.csv;CSV;row 180 / статус;ORGANIZER_CSV;HIGH;Normalized only from organizer token `piloting`.
product;b86f4613-789b-4cee-9f75-5d010da90b61;trl;7;catalog_export_v4.csv;CSV;row 180 / УГТ;ORGANIZER_CSV;HIGH;Organizer value normalized to integer when possible.
product;b86f4613-789b-4cee-9f75-5d010da90b61;market_potential;2.0;catalog_export_v4.csv;CSV;row 180 / Рын Потенциал;ORGANIZER_CSV;HIGH;Organizer value normalized to numeric representation.
product;b86f4613-789b-4cee-9f75-5d010da90b61;type;Мобильные роботы;catalog_export_v4.csv;CSV;row 180 / Тип;ORGANIZER_CSV;HIGH;Raw organizer value preserved.
product;b86f4613-789b-4cee-9f75-5d010da90b61;subtype;Роботизированная тележка;catalog_export_v4.csv;CSV;row 180 / Подтип;ORGANIZER_CSV;HIGH;Raw organizer value preserved.
applicability;app-v4-row-0180;industries;Безопасность;catalog_export_v4.csv;CSV;row 180 / Отрасль;ORGANIZER_CSV;HIGH;Raw organizer applicability value.
applicability;app-v4-row-0180;use_cases;Обследование подземной инфраструктуры;catalog_export_v4.csv;CSV;row 180 / Сценарий;ORGANIZER_CSV;HIGH;Raw organizer applicability value.
applicability;app-v4-row-0180;regions;Рязанская область;catalog_export_v4.csv;CSV;row 180 / Регион;ORGANIZER_CSV;HIGH;Raw organizer applicability value.
applicability;app-v4-row-0180;case_evidence;В Московской области стартовали испытания российских роботов с технологией подземного зрения для автономного поиска и классификации подземных объектов.;catalog_export_v4.csv;CSV;row 180 / Кейсы;ORGANIZER_CSV;HIGH;Raw organizer case text.
price_offer;price-v4-row-0180;raw_price;3 400 000,00;catalog_export_v4.csv;CSV;row 180 / Цена изделия;ORGANIZER_CSV;HIGH;Raw price preserved exactly.
price_offer;price-v4-row-0180;normalized_amount;3400000.00;catalog_export_v4.csv;CSV;row 180 / Цена изделия;NORMALIZED_FROM_ORGANIZER;HIGH;"Decimal comma/space normalization only; currency not inferred."
price_offer;price-v4-row-0180;vat_status;ORGANIZER_ASSUMPTION_INCLUDED;Дополнения для участников.pdf;page 4;prices assumed VAT-inclusive;ORGANIZER_ASSUMPTION;MEDIUM;Assumption from addendum, not confirmed per-offer fact.
price_offer;price-v4-row-0180;excluded_costs;delivery | commissioning/start-up | deep IT integration;Дополнения для участников.pdf;page 4;delivery, commissioning and deep integration excluded;ORGANIZER_ASSUMPTION;HIGH;Explicit addendum exclusion applied to each raw price offer.
product;26cb8cfb-e0bd-44e7-ae06-22b7bc8379f5;name;Лоцман;catalog_export_v4.csv;CSV;row 181 / Название;ORGANIZER_CSV;HIGH;Raw organizer value preserved.
product;26cb8cfb-e0bd-44e7-ae06-22b7bc8379f5;manufacturer;"АО ""НПП ПТ Океанос""";catalog_export_v4.csv;CSV;row 181 / компания;ORGANIZER_CSV;HIGH;Raw organizer value preserved.
product;26cb8cfb-e0bd-44e7-ae06-22b7bc8379f5;system_family;BRS;catalog_export_v4.csv;CSV;row 181 / тип;ORGANIZER_CSV;HIGH;Normalized only from organizer token `brs`.
product;26cb8cfb-e0bd-44e7-ae06-22b7bc8379f5;maturity_status;PILOTING;catalog_export_v4.csv;CSV;row 181 / статус;ORGANIZER_CSV;HIGH;Normalized only from organizer token `piloting`.
product;26cb8cfb-e0bd-44e7-ae06-22b7bc8379f5;trl;6;catalog_export_v4.csv;CSV;row 181 / УГТ;ORGANIZER_CSV;HIGH;Organizer value normalized to integer when possible.
product;26cb8cfb-e0bd-44e7-ae06-22b7bc8379f5;market_potential;2.0;catalog_export_v4.csv;CSV;row 181 / Рын Потенциал;ORGANIZER_CSV;HIGH;Organizer value normalized to numeric representation.
product;26cb8cfb-e0bd-44e7-ae06-22b7bc8379f5;type;Морские роботы;catalog_export_v4.csv;CSV;row 181 / Тип;ORGANIZER_CSV;HIGH;Raw organizer value preserved.
product;26cb8cfb-e0bd-44e7-ae06-22b7bc8379f5;subtype;Беспилотный катер;catalog_export_v4.csv;CSV;row 181 / Подтип;ORGANIZER_CSV;HIGH;Raw organizer value preserved.
applicability;app-v4-row-0181;industries;Безопасность;catalog_export_v4.csv;CSV;row 181 / Отрасль;ORGANIZER_CSV;HIGH;Raw organizer applicability value.
applicability;app-v4-row-0181;use_cases;Мониторинг мелководья;catalog_export_v4.csv;CSV;row 181 / Сценарий;ORGANIZER_CSV;HIGH;Raw organizer applicability value.
applicability;app-v4-row-0181;regions;Санкт-Петербург;catalog_export_v4.csv;CSV;row 181 / Регион;ORGANIZER_CSV;HIGH;Raw organizer applicability value.
applicability;app-v4-row-0181;case_evidence;Компания получила патент на морской робототехнический комплекс «Лоцман» для работы на предельном мелководье. Система предназначена для гидрографических исследований.;catalog_export_v4.csv;CSV;row 181 / Кейсы;ORGANIZER_CSV;HIGH;Raw organizer case text.
price_offer;price-v4-row-0181;raw_price;5 000 000,00;catalog_export_v4.csv;CSV;row 181 / Цена изделия;ORGANIZER_CSV;HIGH;Raw price preserved exactly.
price_offer;price-v4-row-0181;normalized_amount;5000000.00;catalog_export_v4.csv;CSV;row 181 / Цена изделия;NORMALIZED_FROM_ORGANIZER;HIGH;"Decimal comma/space normalization only; currency not inferred."
price_offer;price-v4-row-0181;vat_status;ORGANIZER_ASSUMPTION_INCLUDED;Дополнения для участников.pdf;page 4;prices assumed VAT-inclusive;ORGANIZER_ASSUMPTION;MEDIUM;Assumption from addendum, not confirmed per-offer fact.
price_offer;price-v4-row-0181;excluded_costs;delivery | commissioning/start-up | deep IT integration;Дополнения для участников.pdf;page 4;delivery, commissioning and deep integration excluded;ORGANIZER_ASSUMPTION;HIGH;Explicit addendum exclusion applied to each raw price offer.
product;75877a99-cc68-454a-b77f-12f2641337cc;name;Сарган;catalog_export_v4.csv;CSV;row 182 / Название;ORGANIZER_CSV;HIGH;Raw organizer value preserved.
product;75877a99-cc68-454a-b77f-12f2641337cc;manufacturer;"ФГАОУ ВО ""Севастопольский Государственный Университет""";catalog_export_v4.csv;CSV;row 182 / компания;ORGANIZER_CSV;HIGH;Raw organizer value preserved.
product;75877a99-cc68-454a-b77f-12f2641337cc;system_family;BRS;catalog_export_v4.csv;CSV;row 182 / тип;ORGANIZER_CSV;HIGH;Normalized only from organizer token `brs`.
product;75877a99-cc68-454a-b77f-12f2641337cc;maturity_status;PILOTING;catalog_export_v4.csv;CSV;row 182 / статус;ORGANIZER_CSV;HIGH;Normalized only from organizer token `piloting`.
product;75877a99-cc68-454a-b77f-12f2641337cc;trl;7;catalog_export_v4.csv;CSV;row 182 / УГТ;ORGANIZER_CSV;HIGH;Organizer value normalized to integer when possible.
product;75877a99-cc68-454a-b77f-12f2641337cc;market_potential;3.0;catalog_export_v4.csv;CSV;row 182 / Рын Потенциал;ORGANIZER_CSV;HIGH;Organizer value normalized to numeric representation.
product;75877a99-cc68-454a-b77f-12f2641337cc;type;Морские роботы;catalog_export_v4.csv;CSV;row 182 / Тип;ORGANIZER_CSV;HIGH;Raw organizer value preserved.
product;75877a99-cc68-454a-b77f-12f2641337cc;subtype;Безэкипажный катер;catalog_export_v4.csv;CSV;row 182 / Подтип;ORGANIZER_CSV;HIGH;Raw organizer value preserved.
applicability;app-v4-row-0182;industries;Безопасность;catalog_export_v4.csv;CSV;row 182 / Отрасль;ORGANIZER_CSV;HIGH;Raw organizer applicability value.
applicability;app-v4-row-0182;use_cases;Мониторинг и патрулирование;catalog_export_v4.csv;CSV;row 182 / Сценарий;ORGANIZER_CSV;HIGH;Raw organizer applicability value.
applicability;app-v4-row-0182;regions;Севастополь;catalog_export_v4.csv;CSV;row 182 / Регион;ORGANIZER_CSV;HIGH;Raw organizer applicability value.
applicability;app-v4-row-0182;case_evidence;Безэкипажный катер предназначен для мониторинга, патрулирования в речных и морских акваториях, может развивать скорость до 60 км в час;catalog_export_v4.csv;CSV;row 182 / Кейсы;ORGANIZER_CSV;HIGH;Raw organizer case text.
price_offer;price-v4-row-0182;raw_price;5 000 000,00;catalog_export_v4.csv;CSV;row 182 / Цена изделия;ORGANIZER_CSV;HIGH;Raw price preserved exactly.
price_offer;price-v4-row-0182;normalized_amount;5000000.00;catalog_export_v4.csv;CSV;row 182 / Цена изделия;NORMALIZED_FROM_ORGANIZER;HIGH;"Decimal comma/space normalization only; currency not inferred."
price_offer;price-v4-row-0182;vat_status;ORGANIZER_ASSUMPTION_INCLUDED;Дополнения для участников.pdf;page 4;prices assumed VAT-inclusive;ORGANIZER_ASSUMPTION;MEDIUM;Assumption from addendum, not confirmed per-offer fact.
price_offer;price-v4-row-0182;excluded_costs;delivery | commissioning/start-up | deep IT integration;Дополнения для участников.pdf;page 4;delivery, commissioning and deep integration excluded;ORGANIZER_ASSUMPTION;HIGH;Explicit addendum exclusion applied to each raw price offer.
product;34590532-dff0-4178-a9ca-6782e4db1701;name;Калкан;catalog_export_v4.csv;CSV;row 183 / Название;ORGANIZER_CSV;HIGH;Raw organizer value preserved.
product;34590532-dff0-4178-a9ca-6782e4db1701;manufacturer;"ФГАОУ ВО ""Севастопольский Государственный Университет""";catalog_export_v4.csv;CSV;row 183 / компания;ORGANIZER_CSV;HIGH;Raw organizer value preserved.
product;34590532-dff0-4178-a9ca-6782e4db1701;system_family;BRS;catalog_export_v4.csv;CSV;row 183 / тип;ORGANIZER_CSV;HIGH;Normalized only from organizer token `brs`.
product;34590532-dff0-4178-a9ca-6782e4db1701;maturity_status;PILOTING;catalog_export_v4.csv;CSV;row 183 / статус;ORGANIZER_CSV;HIGH;Normalized only from organizer token `piloting`.
product;34590532-dff0-4178-a9ca-6782e4db1701;trl;7;catalog_export_v4.csv;CSV;row 183 / УГТ;ORGANIZER_CSV;HIGH;Organizer value normalized to integer when possible.
product;34590532-dff0-4178-a9ca-6782e4db1701;market_potential;3.0;catalog_export_v4.csv;CSV;row 183 / Рын Потенциал;ORGANIZER_CSV;HIGH;Organizer value normalized to numeric representation.
product;34590532-dff0-4178-a9ca-6782e4db1701;type;Морские роботы;catalog_export_v4.csv;CSV;row 183 / Тип;ORGANIZER_CSV;HIGH;Raw organizer value preserved.
applicability;app-v4-row-0183;industries;Безопасность;catalog_export_v4.csv;CSV;row 183 / Отрасль;ORGANIZER_CSV;HIGH;Raw organizer applicability value.
applicability;app-v4-row-0183;use_cases;Мониторинг, патрулирование, перевозка грузов;catalog_export_v4.csv;CSV;row 183 / Сценарий;ORGANIZER_CSV;HIGH;Raw organizer applicability value.
applicability;app-v4-row-0183;regions;Севастополь;catalog_export_v4.csv;CSV;row 183 / Регион;ORGANIZER_CSV;HIGH;Raw organizer applicability value.
applicability;app-v4-row-0183;case_evidence;Сверхмалый безэкипажный катер предназначен для мониторинга и скоростной доставки специальных грузов;catalog_export_v4.csv;CSV;row 183 / Кейсы;ORGANIZER_CSV;HIGH;Raw organizer case text.
price_offer;price-v4-row-0183;raw_price;5 000 000,00;catalog_export_v4.csv;CSV;row 183 / Цена изделия;ORGANIZER_CSV;HIGH;Raw price preserved exactly.
price_offer;price-v4-row-0183;normalized_amount;5000000.00;catalog_export_v4.csv;CSV;row 183 / Цена изделия;NORMALIZED_FROM_ORGANIZER;HIGH;"Decimal comma/space normalization only; currency not inferred."
price_offer;price-v4-row-0183;vat_status;ORGANIZER_ASSUMPTION_INCLUDED;Дополнения для участников.pdf;page 4;prices assumed VAT-inclusive;ORGANIZER_ASSUMPTION;MEDIUM;Assumption from addendum, not confirmed per-offer fact.
price_offer;price-v4-row-0183;excluded_costs;delivery | commissioning/start-up | deep IT integration;Дополнения для участников.pdf;page 4;delivery, commissioning and deep integration excluded;ORGANIZER_ASSUMPTION;HIGH;Explicit addendum exclusion applied to each raw price offer.
product;38db0187-c455-4601-9ba1-7a1012485e4a;name;Роботизированная система патрулирования и охраны;catalog_export_v4.csv;CSV;row 184 / Название;ORGANIZER_CSV;HIGH;Raw organizer value preserved.
product;38db0187-c455-4601-9ba1-7a1012485e4a;manufacturer;МАИ;catalog_export_v4.csv;CSV;row 184 / компания;ORGANIZER_CSV;HIGH;Raw organizer value preserved.
product;38db0187-c455-4601-9ba1-7a1012485e4a;system_family;BRS;catalog_export_v4.csv;CSV;row 184 / тип;ORGANIZER_CSV;HIGH;Normalized only from organizer token `brs`.
product;38db0187-c455-4601-9ba1-7a1012485e4a;maturity_status;OPERATION;catalog_export_v4.csv;CSV;row 184 / статус;ORGANIZER_CSV;HIGH;Normalized only from organizer token `operation`.
product;38db0187-c455-4601-9ba1-7a1012485e4a;trl;8;catalog_export_v4.csv;CSV;row 184 / УГТ;ORGANIZER_CSV;HIGH;Organizer value normalized to integer when possible.
product;38db0187-c455-4601-9ba1-7a1012485e4a;market_potential;3.0;catalog_export_v4.csv;CSV;row 184 / Рын Потенциал;ORGANIZER_CSV;HIGH;Organizer value normalized to numeric representation.
product;38db0187-c455-4601-9ba1-7a1012485e4a;type;Мобильные роботы;catalog_export_v4.csv;CSV;row 184 / Тип;ORGANIZER_CSV;HIGH;Raw organizer value preserved.
product;38db0187-c455-4601-9ba1-7a1012485e4a;subtype;Охранный робот;catalog_export_v4.csv;CSV;row 184 / Подтип;ORGANIZER_CSV;HIGH;Raw organizer value preserved.
applicability;app-v4-row-0184;industries;Безопасность;catalog_export_v4.csv;CSV;row 184 / Отрасль;ORGANIZER_CSV;HIGH;Raw organizer applicability value.
applicability;app-v4-row-0184;use_cases;Мониторинг и патрулирование;catalog_export_v4.csv;CSV;row 184 / Сценарий;ORGANIZER_CSV;HIGH;Raw organizer applicability value.
applicability;app-v4-row-0184;regions;Москва;catalog_export_v4.csv;CSV;row 184 / Регион;ORGANIZER_CSV;HIGH;Raw organizer applicability value.
applicability;app-v4-row-0184;case_evidence;Внедрена технология для автономного патрулирования зоны стоянки самолета в аэропорту Жуковский в Москве.;catalog_export_v4.csv;CSV;row 184 / Кейсы;ORGANIZER_CSV;HIGH;Raw organizer case text.
price_offer;price-v4-row-0184;raw_price;3 600 000,00;catalog_export_v4.csv;CSV;row 184 / Цена изделия;ORGANIZER_CSV;HIGH;Raw price preserved exactly.
price_offer;price-v4-row-0184;normalized_amount;3600000.00;catalog_export_v4.csv;CSV;row 184 / Цена изделия;NORMALIZED_FROM_ORGANIZER;HIGH;"Decimal comma/space normalization only; currency not inferred."
price_offer;price-v4-row-0184;vat_status;ORGANIZER_ASSUMPTION_INCLUDED;Дополнения для участников.pdf;page 4;prices assumed VAT-inclusive;ORGANIZER_ASSUMPTION;MEDIUM;Assumption from addendum, not confirmed per-offer fact.
price_offer;price-v4-row-0184;excluded_costs;delivery | commissioning/start-up | deep IT integration;Дополнения для участников.pdf;page 4;delivery, commissioning and deep integration excluded;ORGANIZER_ASSUMPTION;HIGH;Explicit addendum exclusion applied to each raw price offer.
product;87af2fe4-1a49-4263-a2a0-85fbd2b87014;name;Муравей;catalog_export_v4.csv;CSV;row 185 / Название;ORGANIZER_CSV;HIGH;Raw organizer value preserved.
product;87af2fe4-1a49-4263-a2a0-85fbd2b87014;manufacturer;"ООО ""Лаборатория Будущего""";catalog_export_v4.csv;CSV;row 185 / компания;ORGANIZER_CSV;HIGH;Raw organizer value preserved.
product;87af2fe4-1a49-4263-a2a0-85fbd2b87014;system_family;BAS;catalog_export_v4.csv;CSV;row 185 / тип;ORGANIZER_CSV;HIGH;Normalized only from organizer token `bas`.
product;87af2fe4-1a49-4263-a2a0-85fbd2b87014;maturity_status;OPERATION;catalog_export_v4.csv;CSV;row 185 / статус;ORGANIZER_CSV;HIGH;Normalized only from organizer token `operation`.
product;87af2fe4-1a49-4263-a2a0-85fbd2b87014;trl;8;catalog_export_v4.csv;CSV;row 185 / УГТ;ORGANIZER_CSV;HIGH;Organizer value normalized to integer when possible.
product;87af2fe4-1a49-4263-a2a0-85fbd2b87014;market_potential;3.0;catalog_export_v4.csv;CSV;row 185 / Рын Потенциал;ORGANIZER_CSV;HIGH;Organizer value normalized to numeric representation.
product;87af2fe4-1a49-4263-a2a0-85fbd2b87014;type;БАС;catalog_export_v4.csv;CSV;row 185 / Тип;ORGANIZER_CSV;HIGH;Raw organizer value preserved.
applicability;app-v4-row-0185;industries;Транспорт и логистика;catalog_export_v4.csv;CSV;row 185 / Отрасль;ORGANIZER_CSV;HIGH;Raw organizer applicability value.
applicability;app-v4-row-0185;use_cases;Регулярный мониторинг состояния железных дорог и детальный анализ, Перевозка грузов в труднодоступных районах;catalog_export_v4.csv;CSV;row 185 / Сценарий;ORGANIZER_CSV;HIGH;Raw organizer applicability value.
applicability;app-v4-row-0185;regions;Свердловская область;catalog_export_v4.csv;CSV;row 185 / Регион;ORGANIZER_CSV;HIGH;Raw organizer applicability value.
applicability;app-v4-row-0185;case_evidence;Коптер применялся для доставки в Якутии через реку Лена;catalog_export_v4.csv;CSV;row 185 / Кейсы;ORGANIZER_CSV;HIGH;Raw organizer case text.
price_offer;price-v4-row-0185;raw_price;1 700 000,00;catalog_export_v4.csv;CSV;row 185 / Цена изделия;ORGANIZER_CSV;HIGH;Raw price preserved exactly.
price_offer;price-v4-row-0185;normalized_amount;1700000.00;catalog_export_v4.csv;CSV;row 185 / Цена изделия;NORMALIZED_FROM_ORGANIZER;HIGH;"Decimal comma/space normalization only; currency not inferred."
price_offer;price-v4-row-0185;vat_status;ORGANIZER_ASSUMPTION_INCLUDED;Дополнения для участников.pdf;page 4;prices assumed VAT-inclusive;ORGANIZER_ASSUMPTION;MEDIUM;Assumption from addendum, not confirmed per-offer fact.
price_offer;price-v4-row-0185;excluded_costs;delivery | commissioning/start-up | deep IT integration;Дополнения для участников.pdf;page 4;delivery, commissioning and deep integration excluded;ORGANIZER_ASSUMPTION;HIGH;Explicit addendum exclusion applied to each raw price offer.
product;4d5900ff-77ef-4536-8077-7f18bc242a53;name;Supercam X4;catalog_export_v4.csv;CSV;row 186 / Название;ORGANIZER_CSV;HIGH;Raw organizer value preserved.
product;4d5900ff-77ef-4536-8077-7f18bc242a53;manufacturer;"ООО ""Финко""";catalog_export_v4.csv;CSV;row 186 / компания;ORGANIZER_CSV;HIGH;Raw organizer value preserved.
product;4d5900ff-77ef-4536-8077-7f18bc242a53;system_family;BAS;catalog_export_v4.csv;CSV;row 186 / тип;ORGANIZER_CSV;HIGH;Normalized only from organizer token `bas`.
product;4d5900ff-77ef-4536-8077-7f18bc242a53;maturity_status;OPERATION;catalog_export_v4.csv;CSV;row 186 / статус;ORGANIZER_CSV;HIGH;Normalized only from organizer token `operation`.
product;4d5900ff-77ef-4536-8077-7f18bc242a53;trl;9;catalog_export_v4.csv;CSV;row 186 / УГТ;ORGANIZER_CSV;HIGH;Organizer value normalized to integer when possible.
product;4d5900ff-77ef-4536-8077-7f18bc242a53;market_potential;4.0;catalog_export_v4.csv;CSV;row 186 / Рын Потенциал;ORGANIZER_CSV;HIGH;Organizer value normalized to numeric representation.
applicability;app-v4-row-0186;industries;Транспорт и логистика;catalog_export_v4.csv;CSV;row 186 / Отрасль;ORGANIZER_CSV;HIGH;Raw organizer applicability value.
applicability;app-v4-row-0186;use_cases;Регулярный мониторинг состояния железных дорог и детальный анализ;catalog_export_v4.csv;CSV;row 186 / Сценарий;ORGANIZER_CSV;HIGH;Raw organizer applicability value.
applicability;app-v4-row-0186;regions;Удмуртская Республика;catalog_export_v4.csv;CSV;row 186 / Регион;ORGANIZER_CSV;HIGH;Raw organizer applicability value.
applicability;app-v4-row-0186;case_evidence;БАС применяется для мониторинговых задач;catalog_export_v4.csv;CSV;row 186 / Кейсы;ORGANIZER_CSV;HIGH;Raw organizer case text.
price_offer;price-v4-row-0186;raw_price;3 137 600,00;catalog_export_v4.csv;CSV;row 186 / Цена изделия;ORGANIZER_CSV;HIGH;Raw price preserved exactly.
price_offer;price-v4-row-0186;normalized_amount;3137600.00;catalog_export_v4.csv;CSV;row 186 / Цена изделия;NORMALIZED_FROM_ORGANIZER;HIGH;"Decimal comma/space normalization only; currency not inferred."
price_offer;price-v4-row-0186;vat_status;ORGANIZER_ASSUMPTION_INCLUDED;Дополнения для участников.pdf;page 4;prices assumed VAT-inclusive;ORGANIZER_ASSUMPTION;MEDIUM;Assumption from addendum, not confirmed per-offer fact.
price_offer;price-v4-row-0186;excluded_costs;delivery | commissioning/start-up | deep IT integration;Дополнения для участников.pdf;page 4;delivery, commissioning and deep integration excluded;ORGANIZER_ASSUMPTION;HIGH;Explicit addendum exclusion applied to each raw price offer.
product;f1c8478c-86c2-4381-96db-08e0ae889b41;name;Геоскан 701;catalog_export_v4.csv;CSV;row 187 / Название;ORGANIZER_CSV;HIGH;Raw organizer value preserved.
product;f1c8478c-86c2-4381-96db-08e0ae889b41;manufacturer;"ООО ""Геоскан""";catalog_export_v4.csv;CSV;row 187 / компания;ORGANIZER_CSV;HIGH;Raw organizer value preserved.
product;f1c8478c-86c2-4381-96db-08e0ae889b41;system_family;BAS;catalog_export_v4.csv;CSV;row 187 / тип;ORGANIZER_CSV;HIGH;Normalized only from organizer token `bas`.
product;f1c8478c-86c2-4381-96db-08e0ae889b41;maturity_status;OPERATION;catalog_export_v4.csv;CSV;row 187 / статус;ORGANIZER_CSV;HIGH;Normalized only from organizer token `operation`.
product;f1c8478c-86c2-4381-96db-08e0ae889b41;trl;7;catalog_export_v4.csv;CSV;row 187 / УГТ;ORGANIZER_CSV;HIGH;Organizer value normalized to integer when possible.
product;f1c8478c-86c2-4381-96db-08e0ae889b41;market_potential;5.0;catalog_export_v4.csv;CSV;row 187 / Рын Потенциал;ORGANIZER_CSV;HIGH;Organizer value normalized to numeric representation.
product;f1c8478c-86c2-4381-96db-08e0ae889b41;description.raw;Комплекс для аэрофотосъемки максимальной производительности.;catalog_export_v4.csv;CSV;row 187 / описание;ORGANIZER_CSV;HIGH;Raw organizer description preserved without rewriting.
applicability;app-v4-row-0187;industries;Транспорт и логистика;catalog_export_v4.csv;CSV;row 187 / Отрасль;ORGANIZER_CSV;HIGH;Raw organizer applicability value.
applicability;app-v4-row-0187;use_cases;Регулярный мониторинг состояния железных дорог и детальный анализ, Ледовый мониторинг, Мониторинг состояния дорожного покрытия;catalog_export_v4.csv;CSV;row 187 / Сценарий;ORGANIZER_CSV;HIGH;Raw organizer applicability value.
applicability;app-v4-row-0187;regions;Санкт-Петербург;catalog_export_v4.csv;CSV;row 187 / Регион;ORGANIZER_CSV;HIGH;Raw organizer applicability value.
applicability;app-v4-row-0187;case_evidence;БАС применяется для мониторинговых задач;catalog_export_v4.csv;CSV;row 187 / Кейсы;ORGANIZER_CSV;HIGH;Raw organizer case text.
price_offer;price-v4-row-0187;raw_price;13 000 000,00;catalog_export_v4.csv;CSV;row 187 / Цена изделия;ORGANIZER_CSV;HIGH;Raw price preserved exactly.
price_offer;price-v4-row-0187;normalized_amount;13000000.00;catalog_export_v4.csv;CSV;row 187 / Цена изделия;NORMALIZED_FROM_ORGANIZER;HIGH;"Decimal comma/space normalization only; currency not inferred."
price_offer;price-v4-row-0187;vat_status;ORGANIZER_ASSUMPTION_INCLUDED;Дополнения для участников.pdf;page 4;prices assumed VAT-inclusive;ORGANIZER_ASSUMPTION;MEDIUM;Assumption from addendum, not confirmed per-offer fact.
price_offer;price-v4-row-0187;excluded_costs;delivery | commissioning/start-up | deep IT integration;Дополнения для участников.pdf;page 4;delivery, commissioning and deep integration excluded;ORGANIZER_ASSUMPTION;HIGH;Explicit addendum exclusion applied to each raw price offer.
product;cf9643b1-7a04-429c-9ac2-33060c9f42dd;name;EVOCARGO N1;catalog_export_v4.csv;CSV;row 188 / Название;ORGANIZER_CSV;HIGH;Raw organizer value preserved.
product;cf9643b1-7a04-429c-9ac2-33060c9f42dd;manufacturer;"ООО ""Эвокарго""";catalog_export_v4.csv;CSV;row 188 / компания;ORGANIZER_CSV;HIGH;Raw organizer value preserved.
product;cf9643b1-7a04-429c-9ac2-33060c9f42dd;system_family;BRS;catalog_export_v4.csv;CSV;row 188 / тип;ORGANIZER_CSV;HIGH;Normalized only from organizer token `brs`.
product;cf9643b1-7a04-429c-9ac2-33060c9f42dd;maturity_status;OPERATION;catalog_export_v4.csv;CSV;row 188 / статус;ORGANIZER_CSV;HIGH;Normalized only from organizer token `operation`.
product;cf9643b1-7a04-429c-9ac2-33060c9f42dd;trl;9;catalog_export_v4.csv;CSV;row 188 / УГТ;ORGANIZER_CSV;HIGH;Organizer value normalized to integer when possible.
product;cf9643b1-7a04-429c-9ac2-33060c9f42dd;market_potential;5.0;catalog_export_v4.csv;CSV;row 188 / Рын Потенциал;ORGANIZER_CSV;HIGH;Organizer value normalized to numeric representation.
product;cf9643b1-7a04-429c-9ac2-33060c9f42dd;type;Автономные наземные транспортные средства;catalog_export_v4.csv;CSV;row 188 / Тип;ORGANIZER_CSV;HIGH;Raw organizer value preserved.
product;cf9643b1-7a04-429c-9ac2-33060c9f42dd;subtype;Беспилотный грузовик;catalog_export_v4.csv;CSV;row 188 / Подтип;ORGANIZER_CSV;HIGH;Raw organizer value preserved.
product;cf9643b1-7a04-429c-9ac2-33060c9f42dd;description.raw;"Высокоавтоматизированный автономный электрический грузовик класса малых коммерческих автомобилей.

Роботрак спроектирован с нуля как полноценный беспилотник 5-го поколения, у которого в конструкции физически отсутствуют кабина водителя, руль, педали и кресло. Машина ориентирована на автоматизацию внутренней логистики крупных закрытых территорий: распределительных центров (РЦ), маркетплейсов и заводов.";catalog_export_v4.csv;CSV;row 188 / описание;ORGANIZER_CSV;HIGH;Raw organizer description preserved without rewriting.
applicability;app-v4-row-0188;industries;Транспорт и логистика;catalog_export_v4.csv;CSV;row 188 / Отрасль;ORGANIZER_CSV;HIGH;Raw organizer applicability value.
applicability;app-v4-row-0188;use_cases;Перевозка грузов на закрытых площадках;catalog_export_v4.csv;CSV;row 188 / Сценарий;ORGANIZER_CSV;HIGH;Raw organizer applicability value.
applicability;app-v4-row-0188;regions;Москва;catalog_export_v4.csv;CSV;row 188 / Регион;ORGANIZER_CSV;HIGH;Raw organizer applicability value.
applicability;app-v4-row-0188;case_evidence;"Внедрены 6 автономных грузовиков EVOCARGO N1 в ОЭЗ Алабуга для перевозки паллет с минеральной ватой по 3 маршрутам без участия человека.
Запущен пилотный проект по перевозке полимеров автономным электрогрузовиком EVOCARGO N1 на предприятии СИБУРа в Томской области для повышения эффективности логистики и снижения выбросов.
Электрогрузовик EVOCARGO N1 введен в коммерческую эксплуатацию во Владимирской области на территории технопарка Русклимат ИКСЭл. Использование автономного транспорта на электрической тяге позволит ТПХ Русклимат сократить выброс углекислого газа более чем на 800 кг в год.";catalog_export_v4.csv;CSV;row 188 / Кейсы;ORGANIZER_CSV;HIGH;Raw organizer case text.
price_offer;price-v4-row-0188;raw_price;6 000 000,00;catalog_export_v4.csv;CSV;row 188 / Цена изделия;ORGANIZER_CSV;HIGH;Raw price preserved exactly.
price_offer;price-v4-row-0188;normalized_amount;6000000.00;catalog_export_v4.csv;CSV;row 188 / Цена изделия;NORMALIZED_FROM_ORGANIZER;HIGH;"Decimal comma/space normalization only; currency not inferred."
price_offer;price-v4-row-0188;vat_status;ORGANIZER_ASSUMPTION_INCLUDED;Дополнения для участников.pdf;page 4;prices assumed VAT-inclusive;ORGANIZER_ASSUMPTION;MEDIUM;Assumption from addendum, not confirmed per-offer fact.
price_offer;price-v4-row-0188;excluded_costs;delivery | commissioning/start-up | deep IT integration;Дополнения для участников.pdf;page 4;delivery, commissioning and deep integration excluded;ORGANIZER_ASSUMPTION;HIGH;Explicit addendum exclusion applied to each raw price offer.
product;28a5afa8-0473-4f80-99a9-b2922b76810f;name;Беспилотный тягач (Когнитив Пилот);catalog_export_v4.csv;CSV;row 189 / Название;ORGANIZER_CSV;HIGH;Raw organizer value preserved.
product;28a5afa8-0473-4f80-99a9-b2922b76810f;manufacturer;"АО ""Когнитив Пилот""";catalog_export_v4.csv;CSV;row 189 / компания;ORGANIZER_CSV;HIGH;Raw organizer value preserved.
product;28a5afa8-0473-4f80-99a9-b2922b76810f;system_family;BRS;catalog_export_v4.csv;CSV;row 189 / тип;ORGANIZER_CSV;HIGH;Normalized only from organizer token `brs`.
product;28a5afa8-0473-4f80-99a9-b2922b76810f;maturity_status;OPERATION;catalog_export_v4.csv;CSV;row 189 / статус;ORGANIZER_CSV;HIGH;Normalized only from organizer token `operation`.
product;28a5afa8-0473-4f80-99a9-b2922b76810f;trl;8;catalog_export_v4.csv;CSV;row 189 / УГТ;ORGANIZER_CSV;HIGH;Organizer value normalized to integer when possible.
product;28a5afa8-0473-4f80-99a9-b2922b76810f;market_potential;3.0;catalog_export_v4.csv;CSV;row 189 / Рын Потенциал;ORGANIZER_CSV;HIGH;Organizer value normalized to numeric representation.
product;28a5afa8-0473-4f80-99a9-b2922b76810f;type;Автономные наземные транспортные средства;catalog_export_v4.csv;CSV;row 189 / Тип;ORGANIZER_CSV;HIGH;Raw organizer value preserved.
product;28a5afa8-0473-4f80-99a9-b2922b76810f;subtype;Беспилотный тягач;catalog_export_v4.csv;CSV;row 189 / Подтип;ORGANIZER_CSV;HIGH;Raw organizer value preserved.
applicability;app-v4-row-0189;industries;Транспорт и логистика;catalog_export_v4.csv;CSV;row 189 / Отрасль;ORGANIZER_CSV;HIGH;Raw organizer applicability value.
applicability;app-v4-row-0189;use_cases;Перевозка грузов на закрытых площадках;catalog_export_v4.csv;CSV;row 189 / Сценарий;ORGANIZER_CSV;HIGH;Raw organizer applicability value.
applicability;app-v4-row-0189;regions;Москва;catalog_export_v4.csv;CSV;row 189 / Регион;ORGANIZER_CSV;HIGH;Raw organizer applicability value.
applicability;app-v4-row-0189;case_evidence;Заключен контракт на поставку 45 роботизированных тягачей в аэропорт Пулково для перевозки багажа. Уже введены в эксплуатацию более 20 тягачей.;catalog_export_v4.csv;CSV;row 189 / Кейсы;ORGANIZER_CSV;HIGH;Raw organizer case text.
price_offer;price-v4-row-0189;raw_price;4 000 000,00;catalog_export_v4.csv;CSV;row 189 / Цена изделия;ORGANIZER_CSV;HIGH;Raw price preserved exactly.
price_offer;price-v4-row-0189;normalized_amount;4000000.00;catalog_export_v4.csv;CSV;row 189 / Цена изделия;NORMALIZED_FROM_ORGANIZER;HIGH;"Decimal comma/space normalization only; currency not inferred."
price_offer;price-v4-row-0189;vat_status;ORGANIZER_ASSUMPTION_INCLUDED;Дополнения для участников.pdf;page 4;prices assumed VAT-inclusive;ORGANIZER_ASSUMPTION;MEDIUM;Assumption from addendum, not confirmed per-offer fact.
price_offer;price-v4-row-0189;excluded_costs;delivery | commissioning/start-up | deep IT integration;Дополнения для участников.pdf;page 4;delivery, commissioning and deep integration excluded;ORGANIZER_ASSUMPTION;HIGH;Explicit addendum exclusion applied to each raw price offer.
product;d59a8cc3-4edf-428b-8b36-783ac2bf1514;name;Беспилотный AMT 6×6;catalog_export_v4.csv;CSV;row 190 / Название;ORGANIZER_CSV;HIGH;Raw organizer value preserved.
product;d59a8cc3-4edf-428b-8b36-783ac2bf1514;manufacturer;"ООО ""Амт Н.В.""";catalog_export_v4.csv;CSV;row 190 / компания;ORGANIZER_CSV;HIGH;Raw organizer value preserved.
product;d59a8cc3-4edf-428b-8b36-783ac2bf1514;system_family;BRS;catalog_export_v4.csv;CSV;row 190 / тип;ORGANIZER_CSV;HIGH;Normalized only from organizer token `brs`.
product;d59a8cc3-4edf-428b-8b36-783ac2bf1514;maturity_status;OPERATION;catalog_export_v4.csv;CSV;row 190 / статус;ORGANIZER_CSV;HIGH;Normalized only from organizer token `operation`.
product;d59a8cc3-4edf-428b-8b36-783ac2bf1514;trl;8;catalog_export_v4.csv;CSV;row 190 / УГТ;ORGANIZER_CSV;HIGH;Organizer value normalized to integer when possible.
product;d59a8cc3-4edf-428b-8b36-783ac2bf1514;market_potential;4.0;catalog_export_v4.csv;CSV;row 190 / Рын Потенциал;ORGANIZER_CSV;HIGH;Organizer value normalized to numeric representation.
product;d59a8cc3-4edf-428b-8b36-783ac2bf1514;type;Автономные наземные транспортные средства;catalog_export_v4.csv;CSV;row 190 / Тип;ORGANIZER_CSV;HIGH;Raw organizer value preserved.
product;d59a8cc3-4edf-428b-8b36-783ac2bf1514;subtype;Беспилотный грузовик;catalog_export_v4.csv;CSV;row 190 / Подтип;ORGANIZER_CSV;HIGH;Raw organizer value preserved.
applicability;app-v4-row-0190;industries;Транспорт и логистика;catalog_export_v4.csv;CSV;row 190 / Отрасль;ORGANIZER_CSV;HIGH;Raw organizer applicability value.
applicability;app-v4-row-0190;use_cases;Перевозка грузов в труднодоступных районах;catalog_export_v4.csv;CSV;row 190 / Сценарий;ORGANIZER_CSV;HIGH;Raw organizer applicability value.
applicability;app-v4-row-0190;regions;Челябинская область;catalog_export_v4.csv;CSV;row 190 / Регион;ORGANIZER_CSV;HIGH;Raw organizer applicability value.
applicability;app-v4-row-0190;case_evidence;Начата регулярная эксплуатация беспилотных грузовиков «Газпром нефти» на месторождениях ЯНАО, Югры и Якутии для осуществления логистических операций.;catalog_export_v4.csv;CSV;row 190 / Кейсы;ORGANIZER_CSV;HIGH;Raw organizer case text.
price_offer;price-v4-row-0190;raw_price;14 000 000,00;catalog_export_v4.csv;CSV;row 190 / Цена изделия;ORGANIZER_CSV;HIGH;Raw price preserved exactly.
price_offer;price-v4-row-0190;normalized_amount;14000000.00;catalog_export_v4.csv;CSV;row 190 / Цена изделия;NORMALIZED_FROM_ORGANIZER;HIGH;"Decimal comma/space normalization only; currency not inferred."
price_offer;price-v4-row-0190;vat_status;ORGANIZER_ASSUMPTION_INCLUDED;Дополнения для участников.pdf;page 4;prices assumed VAT-inclusive;ORGANIZER_ASSUMPTION;MEDIUM;Assumption from addendum, not confirmed per-offer fact.
price_offer;price-v4-row-0190;excluded_costs;delivery | commissioning/start-up | deep IT integration;Дополнения для участников.pdf;page 4;delivery, commissioning and deep integration excluded;ORGANIZER_ASSUMPTION;HIGH;Explicit addendum exclusion applied to each raw price offer.
product;d532535e-0a3b-48f4-98bd-a063f2c743db;name;Багира;catalog_export_v4.csv;CSV;row 191 / Название;ORGANIZER_CSV;HIGH;Raw organizer value preserved.
product;d532535e-0a3b-48f4-98bd-a063f2c743db;manufacturer;"ООО ""Прикладная Робототехника""";catalog_export_v4.csv;CSV;row 191 / компания;ORGANIZER_CSV;HIGH;Raw organizer value preserved.
product;d532535e-0a3b-48f4-98bd-a063f2c743db;system_family;BRS;catalog_export_v4.csv;CSV;row 191 / тип;ORGANIZER_CSV;HIGH;Normalized only from organizer token `brs`.
product;d532535e-0a3b-48f4-98bd-a063f2c743db;maturity_status;RND;catalog_export_v4.csv;CSV;row 191 / статус;ORGANIZER_CSV;HIGH;Normalized only from organizer token `rnd`.
product;d532535e-0a3b-48f4-98bd-a063f2c743db;trl;4;catalog_export_v4.csv;CSV;row 191 / УГТ;ORGANIZER_CSV;HIGH;Organizer value normalized to integer when possible.
product;d532535e-0a3b-48f4-98bd-a063f2c743db;market_potential;2.0;catalog_export_v4.csv;CSV;row 191 / Рын Потенциал;ORGANIZER_CSV;HIGH;Organizer value normalized to numeric representation.
product;d532535e-0a3b-48f4-98bd-a063f2c743db;type;Мобильные роботы;catalog_export_v4.csv;CSV;row 191 / Тип;ORGANIZER_CSV;HIGH;Raw organizer value preserved.
product;d532535e-0a3b-48f4-98bd-a063f2c743db;subtype;Универсальная автономная роботизированная платформа;catalog_export_v4.csv;CSV;row 191 / Подтип;ORGANIZER_CSV;HIGH;Raw organizer value preserved.
applicability;app-v4-row-0191;industries;Транспорт и логистика;catalog_export_v4.csv;CSV;row 191 / Отрасль;ORGANIZER_CSV;HIGH;Raw organizer applicability value.
applicability;app-v4-row-0191;use_cases;Перевозка грузов в труднодоступных районах;catalog_export_v4.csv;CSV;row 191 / Сценарий;ORGANIZER_CSV;HIGH;Raw organizer applicability value.
applicability;app-v4-row-0191;regions;Москва;catalog_export_v4.csv;CSV;row 191 / Регион;ORGANIZER_CSV;HIGH;Raw organizer applicability value.
applicability;app-v4-row-0191;case_evidence;Проведена демонстрация возможностей автономной системы в рамках мероприятия «Московский робо-субботник».;catalog_export_v4.csv;CSV;row 191 / Кейсы;ORGANIZER_CSV;HIGH;Raw organizer case text.
price_offer;price-v4-row-0191;raw_price;4 000 000,00;catalog_export_v4.csv;CSV;row 191 / Цена изделия;ORGANIZER_CSV;HIGH;Raw price preserved exactly.
price_offer;price-v4-row-0191;normalized_amount;4000000.00;catalog_export_v4.csv;CSV;row 191 / Цена изделия;NORMALIZED_FROM_ORGANIZER;HIGH;"Decimal comma/space normalization only; currency not inferred."
price_offer;price-v4-row-0191;vat_status;ORGANIZER_ASSUMPTION_INCLUDED;Дополнения для участников.pdf;page 4;prices assumed VAT-inclusive;ORGANIZER_ASSUMPTION;MEDIUM;Assumption from addendum, not confirmed per-offer fact.
price_offer;price-v4-row-0191;excluded_costs;delivery | commissioning/start-up | deep IT integration;Дополнения для участников.pdf;page 4;delivery, commissioning and deep integration excluded;ORGANIZER_ASSUMPTION;HIGH;Explicit addendum exclusion applied to each raw price offer.
product;0861538d-75c8-473e-a2ab-499a6b8c1d49;name;Курьер-30;catalog_export_v4.csv;CSV;row 192 / Название;ORGANIZER_CSV;HIGH;Raw organizer value preserved.
product;0861538d-75c8-473e-a2ab-499a6b8c1d49;manufacturer;"ООО ""Клеверкоптер""";catalog_export_v4.csv;CSV;row 192 / компания;ORGANIZER_CSV;HIGH;Raw organizer value preserved.
product;0861538d-75c8-473e-a2ab-499a6b8c1d49;system_family;BAS;catalog_export_v4.csv;CSV;row 192 / тип;ORGANIZER_CSV;HIGH;Normalized only from organizer token `bas`.
product;0861538d-75c8-473e-a2ab-499a6b8c1d49;maturity_status;OPERATION;catalog_export_v4.csv;CSV;row 192 / статус;ORGANIZER_CSV;HIGH;Normalized only from organizer token `operation`.
product;0861538d-75c8-473e-a2ab-499a6b8c1d49;trl;9;catalog_export_v4.csv;CSV;row 192 / УГТ;ORGANIZER_CSV;HIGH;Organizer value normalized to integer when possible.
product;0861538d-75c8-473e-a2ab-499a6b8c1d49;market_potential;4.0;catalog_export_v4.csv;CSV;row 192 / Рын Потенциал;ORGANIZER_CSV;HIGH;Organizer value normalized to numeric representation.
product;0861538d-75c8-473e-a2ab-499a6b8c1d49;type;БАС;catalog_export_v4.csv;CSV;row 192 / Тип;ORGANIZER_CSV;HIGH;Raw organizer value preserved.
product;0861538d-75c8-473e-a2ab-499a6b8c1d49;subtype;БАС мультироторного типа;catalog_export_v4.csv;CSV;row 192 / Подтип;ORGANIZER_CSV;HIGH;Raw organizer value preserved.
product;0861538d-75c8-473e-a2ab-499a6b8c1d49;description.raw;"Беспилотная авиационная система с
беспилотным воздушным судном
мультироторного типа c максимальной
взлетной массой 30 кг., подходит для
перевозки различных грузов массой до 6 кг.
объемом до 0,055 м3 на расстояние до 18
км. при различных погодных условиях.";catalog_export_v4.csv;CSV;row 192 / описание;ORGANIZER_CSV;HIGH;Raw organizer description preserved without rewriting.
applicability;app-v4-row-0192;industries;Транспорт и логистика;catalog_export_v4.csv;CSV;row 192 / Отрасль;ORGANIZER_CSV;HIGH;Raw organizer applicability value.
applicability;app-v4-row-0192;use_cases;Городская доставка в постаматы;catalog_export_v4.csv;CSV;row 192 / Сценарий;ORGANIZER_CSV;HIGH;Raw organizer applicability value.
applicability;app-v4-row-0192;regions;Нижегородская область;catalog_export_v4.csv;CSV;row 192 / Регион;ORGANIZER_CSV;HIGH;Raw organizer applicability value.
applicability;app-v4-row-0192;case_evidence;Запущен маршрут доставки биоматериалов с помощью БАС «Курьер-30» между медицинскими учреждениями в Нижегородской области. В результате время транспортировки сокращено с 1,5 часа до 10 минут, за год перевезено около 800 кг грузов.;catalog_export_v4.csv;CSV;row 192 / Кейсы;ORGANIZER_CSV;HIGH;Raw organizer case text.
price_offer;price-v4-row-0192;raw_price;2 200 000,00;catalog_export_v4.csv;CSV;row 192 / Цена изделия;ORGANIZER_CSV;HIGH;Raw price preserved exactly.
price_offer;price-v4-row-0192;normalized_amount;2200000.00;catalog_export_v4.csv;CSV;row 192 / Цена изделия;NORMALIZED_FROM_ORGANIZER;HIGH;"Decimal comma/space normalization only; currency not inferred."
price_offer;price-v4-row-0192;vat_status;ORGANIZER_ASSUMPTION_INCLUDED;Дополнения для участников.pdf;page 4;prices assumed VAT-inclusive;ORGANIZER_ASSUMPTION;MEDIUM;Assumption from addendum, not confirmed per-offer fact.
price_offer;price-v4-row-0192;excluded_costs;delivery | commissioning/start-up | deep IT integration;Дополнения для участников.pdf;page 4;delivery, commissioning and deep integration excluded;ORGANIZER_ASSUMPTION;HIGH;Explicit addendum exclusion applied to each raw price offer.
product;ac5b3159-9df0-4911-8cc3-31227a5b3b59;name;TFM-15-8E;catalog_export_v4.csv;CSV;row 193 / Название;ORGANIZER_CSV;HIGH;Raw organizer value preserved.
product;ac5b3159-9df0-4911-8cc3-31227a5b3b59;manufacturer;"ООО ""ЛМТ""";catalog_export_v4.csv;CSV;row 193 / компания;ORGANIZER_CSV;HIGH;Raw organizer value preserved.
product;ac5b3159-9df0-4911-8cc3-31227a5b3b59;system_family;BAS;catalog_export_v4.csv;CSV;row 193 / тип;ORGANIZER_CSV;HIGH;Normalized only from organizer token `bas`.
product;ac5b3159-9df0-4911-8cc3-31227a5b3b59;maturity_status;OPERATION;catalog_export_v4.csv;CSV;row 193 / статус;ORGANIZER_CSV;HIGH;Normalized only from organizer token `operation`.
product;ac5b3159-9df0-4911-8cc3-31227a5b3b59;trl;9;catalog_export_v4.csv;CSV;row 193 / УГТ;ORGANIZER_CSV;HIGH;Organizer value normalized to integer when possible.
product;ac5b3159-9df0-4911-8cc3-31227a5b3b59;market_potential;4.0;catalog_export_v4.csv;CSV;row 193 / Рын Потенциал;ORGANIZER_CSV;HIGH;Organizer value normalized to numeric representation.
applicability;app-v4-row-0193;industries;Транспорт и логистика;catalog_export_v4.csv;CSV;row 193 / Отрасль;ORGANIZER_CSV;HIGH;Raw organizer applicability value.
applicability;app-v4-row-0193;use_cases;Доставка последней мили;catalog_export_v4.csv;CSV;row 193 / Сценарий;ORGANIZER_CSV;HIGH;Raw organizer applicability value.
applicability;app-v4-row-0193;regions;Москва;catalog_export_v4.csv;CSV;row 193 / Регион;ORGANIZER_CSV;HIGH;Raw organizer applicability value.
applicability;app-v4-row-0193;case_evidence;Дрон применяется в Калужской области для доставки грузов.;catalog_export_v4.csv;CSV;row 193 / Кейсы;ORGANIZER_CSV;HIGH;Raw organizer case text.
price_offer;price-v4-row-0193;raw_price;19 338 818,00;catalog_export_v4.csv;CSV;row 193 / Цена изделия;ORGANIZER_CSV;HIGH;Raw price preserved exactly.
price_offer;price-v4-row-0193;normalized_amount;19338818.00;catalog_export_v4.csv;CSV;row 193 / Цена изделия;NORMALIZED_FROM_ORGANIZER;HIGH;"Decimal comma/space normalization only; currency not inferred."
price_offer;price-v4-row-0193;vat_status;ORGANIZER_ASSUMPTION_INCLUDED;Дополнения для участников.pdf;page 4;prices assumed VAT-inclusive;ORGANIZER_ASSUMPTION;MEDIUM;Assumption from addendum, not confirmed per-offer fact.
price_offer;price-v4-row-0193;excluded_costs;delivery | commissioning/start-up | deep IT integration;Дополнения для участников.pdf;page 4;delivery, commissioning and deep integration excluded;ORGANIZER_ASSUMPTION;HIGH;Explicit addendum exclusion applied to each raw price offer.
product;38db0187-c455-4601-9ba1-7a1012485e4a;name;Роботизированная система патрулирования и охраны;catalog_export_v4.csv;CSV;row 194 / Название;ORGANIZER_CSV;HIGH;Raw organizer value preserved.
product;38db0187-c455-4601-9ba1-7a1012485e4a;manufacturer;МАИ;catalog_export_v4.csv;CSV;row 194 / компания;ORGANIZER_CSV;HIGH;Raw organizer value preserved.
product;38db0187-c455-4601-9ba1-7a1012485e4a;system_family;BRS;catalog_export_v4.csv;CSV;row 194 / тип;ORGANIZER_CSV;HIGH;Normalized only from organizer token `brs`.
product;38db0187-c455-4601-9ba1-7a1012485e4a;maturity_status;OPERATION;catalog_export_v4.csv;CSV;row 194 / статус;ORGANIZER_CSV;HIGH;Normalized only from organizer token `operation`.
product;38db0187-c455-4601-9ba1-7a1012485e4a;trl;8;catalog_export_v4.csv;CSV;row 194 / УГТ;ORGANIZER_CSV;HIGH;Organizer value normalized to integer when possible.
product;38db0187-c455-4601-9ba1-7a1012485e4a;market_potential;3.0;catalog_export_v4.csv;CSV;row 194 / Рын Потенциал;ORGANIZER_CSV;HIGH;Organizer value normalized to numeric representation.
product;38db0187-c455-4601-9ba1-7a1012485e4a;type;Мобильные роботы;catalog_export_v4.csv;CSV;row 194 / Тип;ORGANIZER_CSV;HIGH;Raw organizer value preserved.
product;38db0187-c455-4601-9ba1-7a1012485e4a;subtype;Охранный робот;catalog_export_v4.csv;CSV;row 194 / Подтип;ORGANIZER_CSV;HIGH;Raw organizer value preserved.
applicability;app-v4-row-0194;industries;Транспорт и логистика;catalog_export_v4.csv;CSV;row 194 / Отрасль;ORGANIZER_CSV;HIGH;Raw organizer applicability value.
applicability;app-v4-row-0194;use_cases;Мониторинг транспортной инфраструктуры;catalog_export_v4.csv;CSV;row 194 / Сценарий;ORGANIZER_CSV;HIGH;Raw organizer applicability value.
applicability;app-v4-row-0194;regions;Москва;catalog_export_v4.csv;CSV;row 194 / Регион;ORGANIZER_CSV;HIGH;Raw organizer applicability value.
applicability;app-v4-row-0194;case_evidence;Внедрена технология для автономного патрулирования зоны стоянки самолета в аэропорту Жуковский в Москве.;catalog_export_v4.csv;CSV;row 194 / Кейсы;ORGANIZER_CSV;HIGH;Raw organizer case text.
price_offer;price-v4-row-0194;raw_price;3 000 000,00;catalog_export_v4.csv;CSV;row 194 / Цена изделия;ORGANIZER_CSV;HIGH;Raw price preserved exactly.
price_offer;price-v4-row-0194;normalized_amount;3000000.00;catalog_export_v4.csv;CSV;row 194 / Цена изделия;NORMALIZED_FROM_ORGANIZER;HIGH;"Decimal comma/space normalization only; currency not inferred."
price_offer;price-v4-row-0194;vat_status;ORGANIZER_ASSUMPTION_INCLUDED;Дополнения для участников.pdf;page 4;prices assumed VAT-inclusive;ORGANIZER_ASSUMPTION;MEDIUM;Assumption from addendum, not confirmed per-offer fact.
price_offer;price-v4-row-0194;excluded_costs;delivery | commissioning/start-up | deep IT integration;Дополнения для участников.pdf;page 4;delivery, commissioning and deep integration excluded;ORGANIZER_ASSUMPTION;HIGH;Explicit addendum exclusion applied to each raw price offer.
product;f551e523-fa94-4a0b-a2c8-56ace2f51818;name;В-120;catalog_export_v4.csv;CSV;row 195 / Название;ORGANIZER_CSV;HIGH;Raw organizer value preserved.
product;f551e523-fa94-4a0b-a2c8-56ace2f51818;manufacturer;"ООО ""Аэромакс""";catalog_export_v4.csv;CSV;row 195 / компания;ORGANIZER_CSV;HIGH;Raw organizer value preserved.
product;f551e523-fa94-4a0b-a2c8-56ace2f51818;system_family;BAS;catalog_export_v4.csv;CSV;row 195 / тип;ORGANIZER_CSV;HIGH;Normalized only from organizer token `bas`.
product;f551e523-fa94-4a0b-a2c8-56ace2f51818;maturity_status;RND;catalog_export_v4.csv;CSV;row 195 / статус;ORGANIZER_CSV;HIGH;Normalized only from organizer token `rnd`.
product;f551e523-fa94-4a0b-a2c8-56ace2f51818;trl;7;catalog_export_v4.csv;CSV;row 195 / УГТ;ORGANIZER_CSV;HIGH;Organizer value normalized to integer when possible.
product;f551e523-fa94-4a0b-a2c8-56ace2f51818;market_potential;4.0;catalog_export_v4.csv;CSV;row 195 / Рын Потенциал;ORGANIZER_CSV;HIGH;Organizer value normalized to numeric representation.
product;f551e523-fa94-4a0b-a2c8-56ace2f51818;description.raw;Гражданский беспилотный летательный аппарат (БПЛА) вертолетного типа для автономной доставки грузов в труднодоступные регионы.;catalog_export_v4.csv;CSV;row 195 / описание;ORGANIZER_CSV;HIGH;Raw organizer description preserved without rewriting.
applicability;app-v4-row-0195;industries;Транспорт и логистика;catalog_export_v4.csv;CSV;row 195 / Отрасль;ORGANIZER_CSV;HIGH;Raw organizer applicability value.
applicability;app-v4-row-0195;use_cases;Доставка в удаленные, труднодоступные районы;catalog_export_v4.csv;CSV;row 195 / Сценарий;ORGANIZER_CSV;HIGH;Raw organizer applicability value.
applicability;app-v4-row-0195;regions;Москва;catalog_export_v4.csv;CSV;row 195 / Регион;ORGANIZER_CSV;HIGH;Raw organizer applicability value.
applicability;app-v4-row-0195;case_evidence;Разрабатывается для логистических задач;catalog_export_v4.csv;CSV;row 195 / Кейсы;ORGANIZER_CSV;HIGH;Raw organizer case text.
price_offer;price-v4-row-0195;raw_price;4 000 000,00;catalog_export_v4.csv;CSV;row 195 / Цена изделия;ORGANIZER_CSV;HIGH;Raw price preserved exactly.
price_offer;price-v4-row-0195;normalized_amount;4000000.00;catalog_export_v4.csv;CSV;row 195 / Цена изделия;NORMALIZED_FROM_ORGANIZER;HIGH;"Decimal comma/space normalization only; currency not inferred."
price_offer;price-v4-row-0195;vat_status;ORGANIZER_ASSUMPTION_INCLUDED;Дополнения для участников.pdf;page 4;prices assumed VAT-inclusive;ORGANIZER_ASSUMPTION;MEDIUM;Assumption from addendum, not confirmed per-offer fact.
price_offer;price-v4-row-0195;excluded_costs;delivery | commissioning/start-up | deep IT integration;Дополнения для участников.pdf;page 4;delivery, commissioning and deep integration excluded;ORGANIZER_ASSUMPTION;HIGH;Explicit addendum exclusion applied to each raw price offer.
product;7d1f1ab8-9bc2-45a0-9d76-c1de80c029df;name;Беспилотный «Львёнок-Москва»;catalog_export_v4.csv;CSV;row 196 / Название;ORGANIZER_CSV;HIGH;Raw organizer value preserved.
product;7d1f1ab8-9bc2-45a0-9d76-c1de80c029df;manufacturer;"ООО ""ПК ТС""";catalog_export_v4.csv;CSV;row 196 / компания;ORGANIZER_CSV;HIGH;Raw organizer value preserved.
product;7d1f1ab8-9bc2-45a0-9d76-c1de80c029df;system_family;BRS;catalog_export_v4.csv;CSV;row 196 / тип;ORGANIZER_CSV;HIGH;Normalized only from organizer token `brs`.
product;7d1f1ab8-9bc2-45a0-9d76-c1de80c029df;maturity_status;PILOTING;catalog_export_v4.csv;CSV;row 196 / статус;ORGANIZER_CSV;HIGH;Normalized only from organizer token `piloting`.
product;7d1f1ab8-9bc2-45a0-9d76-c1de80c029df;trl;7;catalog_export_v4.csv;CSV;row 196 / УГТ;ORGANIZER_CSV;HIGH;Organizer value normalized to integer when possible.
product;7d1f1ab8-9bc2-45a0-9d76-c1de80c029df;market_potential;4.0;catalog_export_v4.csv;CSV;row 196 / Рын Потенциал;ORGANIZER_CSV;HIGH;Organizer value normalized to numeric representation.
product;7d1f1ab8-9bc2-45a0-9d76-c1de80c029df;type;Автономные наземные транспортные средства;catalog_export_v4.csv;CSV;row 196 / Тип;ORGANIZER_CSV;HIGH;Raw organizer value preserved.
product;7d1f1ab8-9bc2-45a0-9d76-c1de80c029df;subtype;Беспилотный трамвай;catalog_export_v4.csv;CSV;row 196 / Подтип;ORGANIZER_CSV;HIGH;Raw organizer value preserved.
applicability;app-v4-row-0196;industries;Транспорт и логистика;catalog_export_v4.csv;CSV;row 196 / Отрасль;ORGANIZER_CSV;HIGH;Raw organizer applicability value.
applicability;app-v4-row-0196;use_cases;Общественная перевозка пассажиров;catalog_export_v4.csv;CSV;row 196 / Сценарий;ORGANIZER_CSV;HIGH;Raw organizer applicability value.
applicability;app-v4-row-0196;regions;Москва;catalog_export_v4.csv;CSV;row 196 / Регион;ORGANIZER_CSV;HIGH;Raw organizer applicability value.
applicability;app-v4-row-0196;case_evidence;Завершена опытная эксплуатация первого в России беспилотного трамвая в Москве с общим пробегом по городским маршрутам более 6 тыс. км.;catalog_export_v4.csv;CSV;row 196 / Кейсы;ORGANIZER_CSV;HIGH;Raw organizer case text.
price_offer;price-v4-row-0196;raw_price;120 000 000,00;catalog_export_v4.csv;CSV;row 196 / Цена изделия;ORGANIZER_CSV;HIGH;Raw price preserved exactly.
price_offer;price-v4-row-0196;normalized_amount;120000000.00;catalog_export_v4.csv;CSV;row 196 / Цена изделия;NORMALIZED_FROM_ORGANIZER;HIGH;"Decimal comma/space normalization only; currency not inferred."
price_offer;price-v4-row-0196;vat_status;ORGANIZER_ASSUMPTION_INCLUDED;Дополнения для участников.pdf;page 4;prices assumed VAT-inclusive;ORGANIZER_ASSUMPTION;MEDIUM;Assumption from addendum, not confirmed per-offer fact.
price_offer;price-v4-row-0196;excluded_costs;delivery | commissioning/start-up | deep IT integration;Дополнения для участников.pdf;page 4;delivery, commissioning and deep integration excluded;ORGANIZER_ASSUMPTION;HIGH;Explicit addendum exclusion applied to each raw price offer.
product;8900ef0c-62a4-4f79-92dc-402d6ac9fb72;name;"Беспилотный поезд ""2024""";catalog_export_v4.csv;CSV;row 197 / Название;ORGANIZER_CSV;HIGH;Raw organizer value preserved.
product;8900ef0c-62a4-4f79-92dc-402d6ac9fb72;manufacturer;"АО ""Метровагонмаш""";catalog_export_v4.csv;CSV;row 197 / компания;ORGANIZER_CSV;HIGH;Raw organizer value preserved.
product;8900ef0c-62a4-4f79-92dc-402d6ac9fb72;system_family;BRS;catalog_export_v4.csv;CSV;row 197 / тип;ORGANIZER_CSV;HIGH;Normalized only from organizer token `brs`.
product;8900ef0c-62a4-4f79-92dc-402d6ac9fb72;maturity_status;PILOTING;catalog_export_v4.csv;CSV;row 197 / статус;ORGANIZER_CSV;HIGH;Normalized only from organizer token `piloting`.
product;8900ef0c-62a4-4f79-92dc-402d6ac9fb72;trl;6;catalog_export_v4.csv;CSV;row 197 / УГТ;ORGANIZER_CSV;HIGH;Organizer value normalized to integer when possible.
product;8900ef0c-62a4-4f79-92dc-402d6ac9fb72;market_potential;4.0;catalog_export_v4.csv;CSV;row 197 / Рын Потенциал;ORGANIZER_CSV;HIGH;Organizer value normalized to numeric representation.
product;8900ef0c-62a4-4f79-92dc-402d6ac9fb72;type;Автономные наземные транспортные средства;catalog_export_v4.csv;CSV;row 197 / Тип;ORGANIZER_CSV;HIGH;Raw organizer value preserved.
product;8900ef0c-62a4-4f79-92dc-402d6ac9fb72;subtype;Беспилотное метро;catalog_export_v4.csv;CSV;row 197 / Подтип;ORGANIZER_CSV;HIGH;Raw organizer value preserved.
applicability;app-v4-row-0197;industries;Транспорт и логистика;catalog_export_v4.csv;CSV;row 197 / Отрасль;ORGANIZER_CSV;HIGH;Raw organizer applicability value.
applicability;app-v4-row-0197;use_cases;Общественная перевозка пассажиров;catalog_export_v4.csv;CSV;row 197 / Сценарий;ORGANIZER_CSV;HIGH;Raw organizer applicability value.
applicability;app-v4-row-0197;regions;Московская область;catalog_export_v4.csv;CSV;row 197 / Регион;ORGANIZER_CSV;HIGH;Raw organizer applicability value.
applicability;app-v4-row-0197;case_evidence;Реализован пилотный проект по тестированию системы беспилотного управления движением поездов метрополитена.;catalog_export_v4.csv;CSV;row 197 / Кейсы;ORGANIZER_CSV;HIGH;Raw organizer case text.
price_offer;price-v4-row-0197;raw_price;120 000 000,00;catalog_export_v4.csv;CSV;row 197 / Цена изделия;ORGANIZER_CSV;HIGH;Raw price preserved exactly.
price_offer;price-v4-row-0197;normalized_amount;120000000.00;catalog_export_v4.csv;CSV;row 197 / Цена изделия;NORMALIZED_FROM_ORGANIZER;HIGH;"Decimal comma/space normalization only; currency not inferred."
price_offer;price-v4-row-0197;vat_status;ORGANIZER_ASSUMPTION_INCLUDED;Дополнения для участников.pdf;page 4;prices assumed VAT-inclusive;ORGANIZER_ASSUMPTION;MEDIUM;Assumption from addendum, not confirmed per-offer fact.
price_offer;price-v4-row-0197;excluded_costs;delivery | commissioning/start-up | deep IT integration;Дополнения для участников.pdf;page 4;delivery, commissioning and deep integration excluded;ORGANIZER_ASSUMPTION;HIGH;Explicit addendum exclusion applied to each raw price offer.
product;a834aa03-136e-4f61-a1d6-b5563d798f68;name;L5;catalog_export_v4.csv;CSV;row 198 / Название;ORGANIZER_CSV;HIGH;Raw organizer value preserved.
product;a834aa03-136e-4f61-a1d6-b5563d798f68;manufacturer;"ООО ""Автотех""";catalog_export_v4.csv;CSV;row 198 / компания;ORGANIZER_CSV;HIGH;Raw organizer value preserved.
product;a834aa03-136e-4f61-a1d6-b5563d798f68;system_family;BRS;catalog_export_v4.csv;CSV;row 198 / тип;ORGANIZER_CSV;HIGH;Normalized only from organizer token `brs`.
product;a834aa03-136e-4f61-a1d6-b5563d798f68;maturity_status;PILOTING;catalog_export_v4.csv;CSV;row 198 / статус;ORGANIZER_CSV;HIGH;Normalized only from organizer token `piloting`.
product;a834aa03-136e-4f61-a1d6-b5563d798f68;trl;7;catalog_export_v4.csv;CSV;row 198 / УГТ;ORGANIZER_CSV;HIGH;Organizer value normalized to integer when possible.
product;a834aa03-136e-4f61-a1d6-b5563d798f68;market_potential;4.0;catalog_export_v4.csv;CSV;row 198 / Рын Потенциал;ORGANIZER_CSV;HIGH;Organizer value normalized to numeric representation.
product;a834aa03-136e-4f61-a1d6-b5563d798f68;type;Автономные наземные транспортные средства;catalog_export_v4.csv;CSV;row 198 / Тип;ORGANIZER_CSV;HIGH;Raw organizer value preserved.
product;a834aa03-136e-4f61-a1d6-b5563d798f68;subtype;Беспилотный тягач;catalog_export_v4.csv;CSV;row 198 / Подтип;ORGANIZER_CSV;HIGH;Raw organizer value preserved.
product;a834aa03-136e-4f61-a1d6-b5563d798f68;description.raw;Беспилотный грузовой автомобиль (тягач). Прототип создан специально для магистральной логистики.;catalog_export_v4.csv;CSV;row 198 / описание;ORGANIZER_CSV;HIGH;Raw organizer description preserved without rewriting.
applicability;app-v4-row-0198;industries;Транспорт и логистика;catalog_export_v4.csv;CSV;row 198 / Отрасль;ORGANIZER_CSV;HIGH;Raw organizer applicability value.
applicability;app-v4-row-0198;use_cases;Перевозка грузов - магистральные перевозки;catalog_export_v4.csv;CSV;row 198 / Сценарий;ORGANIZER_CSV;HIGH;Raw organizer applicability value.
applicability;app-v4-row-0198;regions;Москва;catalog_export_v4.csv;CSV;row 198 / Регион;ORGANIZER_CSV;HIGH;Raw organizer applicability value.
applicability;app-v4-row-0198;case_evidence;Проведены успешные испытания автономного тягача Navio. Проведен первый в России заезд примерно на 3000 км по дорогам общего пользования без водителя в кабине.;catalog_export_v4.csv;CSV;row 198 / Кейсы;ORGANIZER_CSV;HIGH;Raw organizer case text.
price_offer;price-v4-row-0198;raw_price;20 000 000,00;catalog_export_v4.csv;CSV;row 198 / Цена изделия;ORGANIZER_CSV;HIGH;Raw price preserved exactly.
price_offer;price-v4-row-0198;normalized_amount;20000000.00;catalog_export_v4.csv;CSV;row 198 / Цена изделия;NORMALIZED_FROM_ORGANIZER;HIGH;"Decimal comma/space normalization only; currency not inferred."
price_offer;price-v4-row-0198;vat_status;ORGANIZER_ASSUMPTION_INCLUDED;Дополнения для участников.pdf;page 4;prices assumed VAT-inclusive;ORGANIZER_ASSUMPTION;MEDIUM;Assumption from addendum, not confirmed per-offer fact.
price_offer;price-v4-row-0198;excluded_costs;delivery | commissioning/start-up | deep IT integration;Дополнения для участников.pdf;page 4;delivery, commissioning and deep integration excluded;ORGANIZER_ASSUMPTION;HIGH;Explicit addendum exclusion applied to each raw price offer.
product;5bda11dc-0ea8-47fa-8f73-5ff324575af8;name;Беспилотное такси Яндекс;catalog_export_v4.csv;CSV;row 199 / Название;ORGANIZER_CSV;HIGH;Raw organizer value preserved.
product;5bda11dc-0ea8-47fa-8f73-5ff324575af8;manufacturer;"ООО ""Яндекс""";catalog_export_v4.csv;CSV;row 199 / компания;ORGANIZER_CSV;HIGH;Raw organizer value preserved.
product;5bda11dc-0ea8-47fa-8f73-5ff324575af8;system_family;BRS;catalog_export_v4.csv;CSV;row 199 / тип;ORGANIZER_CSV;HIGH;Normalized only from organizer token `brs`.
product;5bda11dc-0ea8-47fa-8f73-5ff324575af8;maturity_status;PILOTING;catalog_export_v4.csv;CSV;row 199 / статус;ORGANIZER_CSV;HIGH;Normalized only from organizer token `piloting`.
product;5bda11dc-0ea8-47fa-8f73-5ff324575af8;trl;7;catalog_export_v4.csv;CSV;row 199 / УГТ;ORGANIZER_CSV;HIGH;Organizer value normalized to integer when possible.
product;5bda11dc-0ea8-47fa-8f73-5ff324575af8;market_potential;4.0;catalog_export_v4.csv;CSV;row 199 / Рын Потенциал;ORGANIZER_CSV;HIGH;Organizer value normalized to numeric representation.
product;5bda11dc-0ea8-47fa-8f73-5ff324575af8;type;Автономные наземные транспортные средства;catalog_export_v4.csv;CSV;row 199 / Тип;ORGANIZER_CSV;HIGH;Raw organizer value preserved.
product;5bda11dc-0ea8-47fa-8f73-5ff324575af8;subtype;Беспилотное такси;catalog_export_v4.csv;CSV;row 199 / Подтип;ORGANIZER_CSV;HIGH;Raw organizer value preserved.
applicability;app-v4-row-0199;industries;Транспорт и логистика;catalog_export_v4.csv;CSV;row 199 / Отрасль;ORGANIZER_CSV;HIGH;Raw organizer applicability value.
applicability;app-v4-row-0199;use_cases;Коммерческая перевозка пассажиров;catalog_export_v4.csv;CSV;row 199 / Сценарий;ORGANIZER_CSV;HIGH;Raw organizer applicability value.
applicability;app-v4-row-0199;regions;Москва;catalog_export_v4.csv;CSV;row 199 / Регион;ORGANIZER_CSV;HIGH;Raw organizer applicability value.
applicability;app-v4-row-0199;case_evidence;Компания «Яндекс» запланировала крупное внедрение беспилотных такси: 100 единиц техники в Москве к 2026 году и 1000 единиц по всей России к 2030 году.;catalog_export_v4.csv;CSV;row 199 / Кейсы;ORGANIZER_CSV;HIGH;Raw organizer case text.
price_offer;price-v4-row-0199;raw_price;4 500 000,00;catalog_export_v4.csv;CSV;row 199 / Цена изделия;ORGANIZER_CSV;HIGH;Raw price preserved exactly.
price_offer;price-v4-row-0199;normalized_amount;4500000.00;catalog_export_v4.csv;CSV;row 199 / Цена изделия;NORMALIZED_FROM_ORGANIZER;HIGH;"Decimal comma/space normalization only; currency not inferred."
price_offer;price-v4-row-0199;vat_status;ORGANIZER_ASSUMPTION_INCLUDED;Дополнения для участников.pdf;page 4;prices assumed VAT-inclusive;ORGANIZER_ASSUMPTION;MEDIUM;Assumption from addendum, not confirmed per-offer fact.
price_offer;price-v4-row-0199;excluded_costs;delivery | commissioning/start-up | deep IT integration;Дополнения для участников.pdf;page 4;delivery, commissioning and deep integration excluded;ORGANIZER_ASSUMPTION;HIGH;Explicit addendum exclusion applied to each raw price offer.
product;6c8ca14a-e25e-4051-9165-de89fbf5c283;name;Робот-расцепщик;catalog_export_v4.csv;CSV;row 200 / Название;ORGANIZER_CSV;HIGH;Raw organizer value preserved.
product;6c8ca14a-e25e-4051-9165-de89fbf5c283;manufacturer;"АО ""Концерн Телематика""";catalog_export_v4.csv;CSV;row 200 / компания;ORGANIZER_CSV;HIGH;Raw organizer value preserved.
product;6c8ca14a-e25e-4051-9165-de89fbf5c283;system_family;BRS;catalog_export_v4.csv;CSV;row 200 / тип;ORGANIZER_CSV;HIGH;Normalized only from organizer token `brs`.
product;6c8ca14a-e25e-4051-9165-de89fbf5c283;maturity_status;PILOTING;catalog_export_v4.csv;CSV;row 200 / статус;ORGANIZER_CSV;HIGH;Normalized only from organizer token `piloting`.
product;6c8ca14a-e25e-4051-9165-de89fbf5c283;trl;8;catalog_export_v4.csv;CSV;row 200 / УГТ;ORGANIZER_CSV;HIGH;Organizer value normalized to integer when possible.
product;6c8ca14a-e25e-4051-9165-de89fbf5c283;market_potential;4.0;catalog_export_v4.csv;CSV;row 200 / Рын Потенциал;ORGANIZER_CSV;HIGH;Organizer value normalized to numeric representation.
product;6c8ca14a-e25e-4051-9165-de89fbf5c283;type;Мобильные манипуляторы;catalog_export_v4.csv;CSV;row 200 / Тип;ORGANIZER_CSV;HIGH;Raw organizer value preserved.
product;6c8ca14a-e25e-4051-9165-de89fbf5c283;subtype;Робот-расцепщик;catalog_export_v4.csv;CSV;row 200 / Подтип;ORGANIZER_CSV;HIGH;Raw organizer value preserved.
product;6c8ca14a-e25e-4051-9165-de89fbf5c283;description.raw;Робототехнический комплекс расцепки железнодорожных составов на сортировочных горках железнодорожных станций;catalog_export_v4.csv;CSV;row 200 / описание;ORGANIZER_CSV;HIGH;Raw organizer description preserved without rewriting.
applicability;app-v4-row-0200;industries;Транспорт и логистика;catalog_export_v4.csv;CSV;row 200 / Отрасль;ORGANIZER_CSV;HIGH;Raw organizer applicability value.
applicability;app-v4-row-0200;use_cases;Расцепка грузовых вагонов;catalog_export_v4.csv;CSV;row 200 / Сценарий;ORGANIZER_CSV;HIGH;Raw organizer applicability value.
applicability;app-v4-row-0200;regions;Москва;catalog_export_v4.csv;CSV;row 200 / Регион;ORGANIZER_CSV;HIGH;Raw organizer applicability value.
applicability;app-v4-row-0200;case_evidence;Завершена опытная эксплуатация робота-расцепщика на сортировочной станции Челябинск-Главный для автоматизации отцепки вагонов и повышения безопасности. За время эксплуатации робот выполнил более 6,5 тыс. расцепок и подтвердил устойчивую работу в условиях высокой интенсивности сортировочного процесса.;catalog_export_v4.csv;CSV;row 200 / Кейсы;ORGANIZER_CSV;HIGH;Raw organizer case text.
price_offer;price-v4-row-0200;raw_price;4 200 000,00;catalog_export_v4.csv;CSV;row 200 / Цена изделия;ORGANIZER_CSV;HIGH;Raw price preserved exactly.
price_offer;price-v4-row-0200;normalized_amount;4200000.00;catalog_export_v4.csv;CSV;row 200 / Цена изделия;NORMALIZED_FROM_ORGANIZER;HIGH;"Decimal comma/space normalization only; currency not inferred."
price_offer;price-v4-row-0200;vat_status;ORGANIZER_ASSUMPTION_INCLUDED;Дополнения для участников.pdf;page 4;prices assumed VAT-inclusive;ORGANIZER_ASSUMPTION;MEDIUM;Assumption from addendum, not confirmed per-offer fact.
price_offer;price-v4-row-0200;excluded_costs;delivery | commissioning/start-up | deep IT integration;Дополнения для участников.pdf;page 4;delivery, commissioning and deep integration excluded;ORGANIZER_ASSUMPTION;HIGH;Explicit addendum exclusion applied to each raw price offer.
product;0749847e-b059-4f55-ad40-b5d6eddc703a;name;Робот-растормаживатель;catalog_export_v4.csv;CSV;row 201 / Название;ORGANIZER_CSV;HIGH;Raw organizer value preserved.
product;0749847e-b059-4f55-ad40-b5d6eddc703a;manufacturer;"АО ""Концерн Телематика""";catalog_export_v4.csv;CSV;row 201 / компания;ORGANIZER_CSV;HIGH;Raw organizer value preserved.
product;0749847e-b059-4f55-ad40-b5d6eddc703a;system_family;BRS;catalog_export_v4.csv;CSV;row 201 / тип;ORGANIZER_CSV;HIGH;Normalized only from organizer token `brs`.
product;0749847e-b059-4f55-ad40-b5d6eddc703a;maturity_status;PILOTING;catalog_export_v4.csv;CSV;row 201 / статус;ORGANIZER_CSV;HIGH;Normalized only from organizer token `piloting`.
product;0749847e-b059-4f55-ad40-b5d6eddc703a;trl;8;catalog_export_v4.csv;CSV;row 201 / УГТ;ORGANIZER_CSV;HIGH;Organizer value normalized to integer when possible.
product;0749847e-b059-4f55-ad40-b5d6eddc703a;market_potential;4.0;catalog_export_v4.csv;CSV;row 201 / Рын Потенциал;ORGANIZER_CSV;HIGH;Organizer value normalized to numeric representation.
product;0749847e-b059-4f55-ad40-b5d6eddc703a;type;Мобильные манипуляторы;catalog_export_v4.csv;CSV;row 201 / Тип;ORGANIZER_CSV;HIGH;Raw organizer value preserved.
product;0749847e-b059-4f55-ad40-b5d6eddc703a;subtype;Робот;catalog_export_v4.csv;CSV;row 201 / Подтип;ORGANIZER_CSV;HIGH;Raw organizer value preserved.
product;0749847e-b059-4f55-ad40-b5d6eddc703a;description.raw;Роботехнический комплекс предназначен для отпуска тормозов вагонов;catalog_export_v4.csv;CSV;row 201 / описание;ORGANIZER_CSV;HIGH;Raw organizer description preserved without rewriting.
applicability;app-v4-row-0201;industries;Транспорт и логистика;catalog_export_v4.csv;CSV;row 201 / Отрасль;ORGANIZER_CSV;HIGH;Raw organizer applicability value.
applicability;app-v4-row-0201;use_cases;Обслуживание железнодорожной инфраструктуры и вагонов;catalog_export_v4.csv;CSV;row 201 / Сценарий;ORGANIZER_CSV;HIGH;Raw organizer applicability value.
applicability;app-v4-row-0201;regions;Москва;catalog_export_v4.csv;CSV;row 201 / Регион;ORGANIZER_CSV;HIGH;Raw organizer applicability value.
applicability;app-v4-row-0201;case_evidence;Проведены испытания комплексов Растормаживатель для автоматического отпуска тормозов вагонов, контроля тормозной системы и очистки путей от снега и льда на челябинской магистрали. В результате 6 комплексов подтвердили работу в снегопад, дождь и гололед.;catalog_export_v4.csv;CSV;row 201 / Кейсы;ORGANIZER_CSV;HIGH;Raw organizer case text.
price_offer;price-v4-row-0201;raw_price;4 200 000,00;catalog_export_v4.csv;CSV;row 201 / Цена изделия;ORGANIZER_CSV;HIGH;Raw price preserved exactly.
price_offer;price-v4-row-0201;normalized_amount;4200000.00;catalog_export_v4.csv;CSV;row 201 / Цена изделия;NORMALIZED_FROM_ORGANIZER;HIGH;"Decimal comma/space normalization only; currency not inferred."
price_offer;price-v4-row-0201;vat_status;ORGANIZER_ASSUMPTION_INCLUDED;Дополнения для участников.pdf;page 4;prices assumed VAT-inclusive;ORGANIZER_ASSUMPTION;MEDIUM;Assumption from addendum, not confirmed per-offer fact.
price_offer;price-v4-row-0201;excluded_costs;delivery | commissioning/start-up | deep IT integration;Дополнения для участников.pdf;page 4;delivery, commissioning and deep integration excluded;ORGANIZER_ASSUMPTION;HIGH;Explicit addendum exclusion applied to each raw price offer.
product;2c5d6d69-1a64-4846-bcc0-bb6119af4558;name;Ровер для работы с грузовыми вагонами;catalog_export_v4.csv;CSV;row 202 / Название;ORGANIZER_CSV;HIGH;Raw organizer value preserved.
product;2c5d6d69-1a64-4846-bcc0-bb6119af4558;manufacturer;"АО ""Нииас""";catalog_export_v4.csv;CSV;row 202 / компания;ORGANIZER_CSV;HIGH;Raw organizer value preserved.
product;2c5d6d69-1a64-4846-bcc0-bb6119af4558;system_family;BRS;catalog_export_v4.csv;CSV;row 202 / тип;ORGANIZER_CSV;HIGH;Normalized only from organizer token `brs`.
product;2c5d6d69-1a64-4846-bcc0-bb6119af4558;maturity_status;PILOTING;catalog_export_v4.csv;CSV;row 202 / статус;ORGANIZER_CSV;HIGH;Normalized only from organizer token `piloting`.
product;2c5d6d69-1a64-4846-bcc0-bb6119af4558;trl;7;catalog_export_v4.csv;CSV;row 202 / УГТ;ORGANIZER_CSV;HIGH;Organizer value normalized to integer when possible.
product;2c5d6d69-1a64-4846-bcc0-bb6119af4558;market_potential;2.0;catalog_export_v4.csv;CSV;row 202 / Рын Потенциал;ORGANIZER_CSV;HIGH;Organizer value normalized to numeric representation.
product;2c5d6d69-1a64-4846-bcc0-bb6119af4558;type;Мобильные роботы;catalog_export_v4.csv;CSV;row 202 / Тип;ORGANIZER_CSV;HIGH;Raw organizer value preserved.
product;2c5d6d69-1a64-4846-bcc0-bb6119af4558;subtype;Ровер;catalog_export_v4.csv;CSV;row 202 / Подтип;ORGANIZER_CSV;HIGH;Raw organizer value preserved.
applicability;app-v4-row-0202;industries;Транспорт и логистика;catalog_export_v4.csv;CSV;row 202 / Отрасль;ORGANIZER_CSV;HIGH;Raw organizer applicability value.
applicability;app-v4-row-0202;use_cases;Обслуживание железнодорожной инфраструктуры и вагонов;catalog_export_v4.csv;CSV;row 202 / Сценарий;ORGANIZER_CSV;HIGH;Raw organizer applicability value.
applicability;app-v4-row-0202;regions;Москва;catalog_export_v4.csv;CSV;row 202 / Регион;ORGANIZER_CSV;HIGH;Raw organizer applicability value.
applicability;app-v4-row-0202;case_evidence;Развернут пилотный проект «Цифровая железнодорожная станция» на станции Челябинск-Главный. Внедрены мобильные роботы для отпуска тормозов и очистки путей.;catalog_export_v4.csv;CSV;row 202 / Кейсы;ORGANIZER_CSV;HIGH;Raw organizer case text.
price_offer;price-v4-row-0202;raw_price;4 200 000,00;catalog_export_v4.csv;CSV;row 202 / Цена изделия;ORGANIZER_CSV;HIGH;Raw price preserved exactly.
price_offer;price-v4-row-0202;normalized_amount;4200000.00;catalog_export_v4.csv;CSV;row 202 / Цена изделия;NORMALIZED_FROM_ORGANIZER;HIGH;"Decimal comma/space normalization only; currency not inferred."
price_offer;price-v4-row-0202;vat_status;ORGANIZER_ASSUMPTION_INCLUDED;Дополнения для участников.pdf;page 4;prices assumed VAT-inclusive;ORGANIZER_ASSUMPTION;MEDIUM;Assumption from addendum, not confirmed per-offer fact.
price_offer;price-v4-row-0202;excluded_costs;delivery | commissioning/start-up | deep IT integration;Дополнения для участников.pdf;page 4;delivery, commissioning and deep integration excluded;ORGANIZER_ASSUMPTION;HIGH;Explicit addendum exclusion applied to each raw price offer.
product;2d247e24-f7ff-4952-816e-61b6eea96664;name;T-300-8E;catalog_export_v4.csv;CSV;row 203 / Название;ORGANIZER_CSV;HIGH;Raw organizer value preserved.
product;2d247e24-f7ff-4952-816e-61b6eea96664;manufacturer;"ООО ""ЛМТ""";catalog_export_v4.csv;CSV;row 203 / компания;ORGANIZER_CSV;HIGH;Raw organizer value preserved.
product;2d247e24-f7ff-4952-816e-61b6eea96664;system_family;BAS;catalog_export_v4.csv;CSV;row 203 / тип;ORGANIZER_CSV;HIGH;Normalized only from organizer token `bas`.
product;2d247e24-f7ff-4952-816e-61b6eea96664;maturity_status;PILOTING;catalog_export_v4.csv;CSV;row 203 / статус;ORGANIZER_CSV;HIGH;Normalized only from organizer token `piloting`.
product;2d247e24-f7ff-4952-816e-61b6eea96664;trl;6;catalog_export_v4.csv;CSV;row 203 / УГТ;ORGANIZER_CSV;HIGH;Organizer value normalized to integer when possible.
product;2d247e24-f7ff-4952-816e-61b6eea96664;market_potential;4.0;catalog_export_v4.csv;CSV;row 203 / Рын Потенциал;ORGANIZER_CSV;HIGH;Organizer value normalized to numeric representation.
product;2d247e24-f7ff-4952-816e-61b6eea96664;type;Стационарные роботизированные системы;catalog_export_v4.csv;CSV;row 203 / Тип;ORGANIZER_CSV;HIGH;Raw organizer value preserved.
applicability;app-v4-row-0203;industries;Транспорт и логистика;catalog_export_v4.csv;CSV;row 203 / Отрасль;ORGANIZER_CSV;HIGH;Raw organizer applicability value.
applicability;app-v4-row-0203;use_cases;Логистика тяжелых грузов на дальние расстояния;catalog_export_v4.csv;CSV;row 203 / Сценарий;ORGANIZER_CSV;HIGH;Raw organizer applicability value.
applicability;app-v4-row-0203;regions;Москва;catalog_export_v4.csv;CSV;row 203 / Регион;ORGANIZER_CSV;HIGH;Raw organizer applicability value.
applicability;app-v4-row-0203;case_evidence;Первая партия из 11 шт. Т-300 сдана в июне 2026 г., в конце года ЛМТ планирует начать процедуру получения сертификата типа.;catalog_export_v4.csv;CSV;row 203 / Кейсы;ORGANIZER_CSV;HIGH;Raw organizer case text.
price_offer;price-v4-row-0203;raw_price;42 000 000,00;catalog_export_v4.csv;CSV;row 203 / Цена изделия;ORGANIZER_CSV;HIGH;Raw price preserved exactly.
price_offer;price-v4-row-0203;normalized_amount;42000000.00;catalog_export_v4.csv;CSV;row 203 / Цена изделия;NORMALIZED_FROM_ORGANIZER;HIGH;"Decimal comma/space normalization only; currency not inferred."
price_offer;price-v4-row-0203;vat_status;ORGANIZER_ASSUMPTION_INCLUDED;Дополнения для участников.pdf;page 4;prices assumed VAT-inclusive;ORGANIZER_ASSUMPTION;MEDIUM;Assumption from addendum, not confirmed per-offer fact.
price_offer;price-v4-row-0203;excluded_costs;delivery | commissioning/start-up | deep IT integration;Дополнения для участников.pdf;page 4;delivery, commissioning and deep integration excluded;ORGANIZER_ASSUMPTION;HIGH;Explicit addendum exclusion applied to each raw price offer.
product;8ab1ea05-1c09-4f71-88a4-fffb0b725d6b;name;Херсонес;catalog_export_v4.csv;CSV;row 204 / Название;ORGANIZER_CSV;HIGH;Raw organizer value preserved.
product;8ab1ea05-1c09-4f71-88a4-fffb0b725d6b;manufacturer;"ФГАОУ ВО ""Севастопольский Государственный Университет""";catalog_export_v4.csv;CSV;row 204 / компания;ORGANIZER_CSV;HIGH;Raw organizer value preserved.
product;8ab1ea05-1c09-4f71-88a4-fffb0b725d6b;system_family;BRS;catalog_export_v4.csv;CSV;row 204 / тип;ORGANIZER_CSV;HIGH;Normalized only from organizer token `brs`.
product;8ab1ea05-1c09-4f71-88a4-fffb0b725d6b;maturity_status;PILOTING;catalog_export_v4.csv;CSV;row 204 / статус;ORGANIZER_CSV;HIGH;Normalized only from organizer token `piloting`.
product;8ab1ea05-1c09-4f71-88a4-fffb0b725d6b;trl;7;catalog_export_v4.csv;CSV;row 204 / УГТ;ORGANIZER_CSV;HIGH;Organizer value normalized to integer when possible.
product;8ab1ea05-1c09-4f71-88a4-fffb0b725d6b;market_potential;3.0;catalog_export_v4.csv;CSV;row 204 / Рын Потенциал;ORGANIZER_CSV;HIGH;Organizer value normalized to numeric representation.
product;8ab1ea05-1c09-4f71-88a4-fffb0b725d6b;type;Морские роботы;catalog_export_v4.csv;CSV;row 204 / Тип;ORGANIZER_CSV;HIGH;Raw organizer value preserved.
product;8ab1ea05-1c09-4f71-88a4-fffb0b725d6b;subtype;ТНПА;catalog_export_v4.csv;CSV;row 204 / Подтип;ORGANIZER_CSV;HIGH;Raw organizer value preserved.
applicability;app-v4-row-0204;industries;Транспорт и логистика;catalog_export_v4.csv;CSV;row 204 / Отрасль;ORGANIZER_CSV;HIGH;Raw organizer applicability value.
applicability;app-v4-row-0204;use_cases;Доставка грузов под водой;catalog_export_v4.csv;CSV;row 204 / Сценарий;ORGANIZER_CSV;HIGH;Raw organizer applicability value.
applicability;app-v4-row-0204;regions;Севастополь;catalog_export_v4.csv;CSV;row 204 / Регион;ORGANIZER_CSV;HIGH;Raw organizer applicability value.
applicability;app-v4-row-0204;case_evidence;Подводный дрон для обследования портов, трубопроводов и корпусов судов подготовлен к коммерческому запуску, первые заказчики — сервисные фирмы по инспекции инфраструктуры.;catalog_export_v4.csv;CSV;row 204 / Кейсы;ORGANIZER_CSV;HIGH;Raw organizer case text.
price_offer;price-v4-row-0204;raw_price;5 000 000,00;catalog_export_v4.csv;CSV;row 204 / Цена изделия;ORGANIZER_CSV;HIGH;Raw price preserved exactly.
price_offer;price-v4-row-0204;normalized_amount;5000000.00;catalog_export_v4.csv;CSV;row 204 / Цена изделия;NORMALIZED_FROM_ORGANIZER;HIGH;"Decimal comma/space normalization only; currency not inferred."
price_offer;price-v4-row-0204;vat_status;ORGANIZER_ASSUMPTION_INCLUDED;Дополнения для участников.pdf;page 4;prices assumed VAT-inclusive;ORGANIZER_ASSUMPTION;MEDIUM;Assumption from addendum, not confirmed per-offer fact.
price_offer;price-v4-row-0204;excluded_costs;delivery | commissioning/start-up | deep IT integration;Дополнения для участников.pdf;page 4;delivery, commissioning and deep integration excluded;ORGANIZER_ASSUMPTION;HIGH;Explicit addendum exclusion applied to each raw price offer.
product;3b6ed000-db61-40d2-a1fc-aed019e7007c;name;Барабулька;catalog_export_v4.csv;CSV;row 205 / Название;ORGANIZER_CSV;HIGH;Raw organizer value preserved.
product;3b6ed000-db61-40d2-a1fc-aed019e7007c;manufacturer;"ФГАОУ ВО ""Севастопольский Государственный Университет""";catalog_export_v4.csv;CSV;row 205 / компания;ORGANIZER_CSV;HIGH;Raw organizer value preserved.
product;3b6ed000-db61-40d2-a1fc-aed019e7007c;system_family;BRS;catalog_export_v4.csv;CSV;row 205 / тип;ORGANIZER_CSV;HIGH;Normalized only from organizer token `brs`.
product;3b6ed000-db61-40d2-a1fc-aed019e7007c;maturity_status;PILOTING;catalog_export_v4.csv;CSV;row 205 / статус;ORGANIZER_CSV;HIGH;Normalized only from organizer token `piloting`.
product;3b6ed000-db61-40d2-a1fc-aed019e7007c;trl;7;catalog_export_v4.csv;CSV;row 205 / УГТ;ORGANIZER_CSV;HIGH;Organizer value normalized to integer when possible.
product;3b6ed000-db61-40d2-a1fc-aed019e7007c;market_potential;3.0;catalog_export_v4.csv;CSV;row 205 / Рын Потенциал;ORGANIZER_CSV;HIGH;Organizer value normalized to numeric representation.
product;3b6ed000-db61-40d2-a1fc-aed019e7007c;type;Морские роботы;catalog_export_v4.csv;CSV;row 205 / Тип;ORGANIZER_CSV;HIGH;Raw organizer value preserved.
product;3b6ed000-db61-40d2-a1fc-aed019e7007c;subtype;Модульная наводная многофункциональная платформа;catalog_export_v4.csv;CSV;row 205 / Подтип;ORGANIZER_CSV;HIGH;Raw organizer value preserved.
applicability;app-v4-row-0205;industries;Транспорт и логистика;catalog_export_v4.csv;CSV;row 205 / Отрасль;ORGANIZER_CSV;HIGH;Raw organizer applicability value.
applicability;app-v4-row-0205;use_cases;Доставка грузов по воде;catalog_export_v4.csv;CSV;row 205 / Сценарий;ORGANIZER_CSV;HIGH;Raw organizer applicability value.
applicability;app-v4-row-0205;regions;Севастополь;catalog_export_v4.csv;CSV;row 205 / Регион;ORGANIZER_CSV;HIGH;Raw organizer applicability value.
applicability;app-v4-row-0205;case_evidence;Модульная надводная многофункциональная платформа применяется для мониторинговых задач;catalog_export_v4.csv;CSV;row 205 / Кейсы;ORGANIZER_CSV;HIGH;Raw organizer case text.
price_offer;price-v4-row-0205;raw_price;5 000 000,00;catalog_export_v4.csv;CSV;row 205 / Цена изделия;ORGANIZER_CSV;HIGH;Raw price preserved exactly.
price_offer;price-v4-row-0205;normalized_amount;5000000.00;catalog_export_v4.csv;CSV;row 205 / Цена изделия;NORMALIZED_FROM_ORGANIZER;HIGH;"Decimal comma/space normalization only; currency not inferred."
price_offer;price-v4-row-0205;vat_status;ORGANIZER_ASSUMPTION_INCLUDED;Дополнения для участников.pdf;page 4;prices assumed VAT-inclusive;ORGANIZER_ASSUMPTION;MEDIUM;Assumption from addendum, not confirmed per-offer fact.
price_offer;price-v4-row-0205;excluded_costs;delivery | commissioning/start-up | deep IT integration;Дополнения для участников.pdf;page 4;delivery, commissioning and deep integration excluded;ORGANIZER_ASSUMPTION;HIGH;Explicit addendum exclusion applied to each raw price offer.
product;2603f59e-cd37-49f3-85ca-705ec956e37a;name;ВТ-440м;catalog_export_v4.csv;CSV;row 206 / Название;ORGANIZER_CSV;HIGH;Raw organizer value preserved.
product;2603f59e-cd37-49f3-85ca-705ec956e37a;manufacturer;"АО ""НПП ""Радар ММС""";catalog_export_v4.csv;CSV;row 206 / компания;ORGANIZER_CSV;HIGH;Raw organizer value preserved.
product;2603f59e-cd37-49f3-85ca-705ec956e37a;system_family;BAS;catalog_export_v4.csv;CSV;row 206 / тип;ORGANIZER_CSV;HIGH;Normalized only from organizer token `bas`.
product;2603f59e-cd37-49f3-85ca-705ec956e37a;maturity_status;PILOTING;catalog_export_v4.csv;CSV;row 206 / статус;ORGANIZER_CSV;HIGH;Normalized only from organizer token `piloting`.
product;2603f59e-cd37-49f3-85ca-705ec956e37a;trl;8;catalog_export_v4.csv;CSV;row 206 / УГТ;ORGANIZER_CSV;HIGH;Organizer value normalized to integer when possible.
product;2603f59e-cd37-49f3-85ca-705ec956e37a;market_potential;4.0;catalog_export_v4.csv;CSV;row 206 / Рын Потенциал;ORGANIZER_CSV;HIGH;Organizer value normalized to numeric representation.
applicability;app-v4-row-0206;industries;Транспорт и логистика;catalog_export_v4.csv;CSV;row 206 / Отрасль;ORGANIZER_CSV;HIGH;Raw organizer applicability value.
applicability;app-v4-row-0206;use_cases;Доставка грузов в труднодоступные регионы;catalog_export_v4.csv;CSV;row 206 / Сценарий;ORGANIZER_CSV;HIGH;Raw organizer applicability value.
applicability;app-v4-row-0206;regions;Санкт-Петербург;catalog_export_v4.csv;CSV;row 206 / Регион;ORGANIZER_CSV;HIGH;Raw organizer applicability value.
applicability;app-v4-row-0206;case_evidence;БВС ВТ-440м регулярно используется для аэрологистики в условиях Крайнего Севера. Этот беспилотник на протяжении 3 лет выполняет на коммерческой основе регулярные рейсы по доставке грузов весом до 100 кг в Ямало-Ненецком автономном округе;catalog_export_v4.csv;CSV;row 206 / Кейсы;ORGANIZER_CSV;HIGH;Raw organizer case text.
price_offer;price-v4-row-0206;raw_price;80 000 000,00;catalog_export_v4.csv;CSV;row 206 / Цена изделия;ORGANIZER_CSV;HIGH;Raw price preserved exactly.
price_offer;price-v4-row-0206;normalized_amount;80000000.00;catalog_export_v4.csv;CSV;row 206 / Цена изделия;NORMALIZED_FROM_ORGANIZER;HIGH;"Decimal comma/space normalization only; currency not inferred."
price_offer;price-v4-row-0206;vat_status;ORGANIZER_ASSUMPTION_INCLUDED;Дополнения для участников.pdf;page 4;prices assumed VAT-inclusive;ORGANIZER_ASSUMPTION;MEDIUM;Assumption from addendum, not confirmed per-offer fact.
price_offer;price-v4-row-0206;excluded_costs;delivery | commissioning/start-up | deep IT integration;Дополнения для участников.pdf;page 4;delivery, commissioning and deep integration excluded;ORGANIZER_ASSUMPTION;HIGH;Explicit addendum exclusion applied to each raw price offer.
product;1a694805-4d3a-42ff-80b9-5f68525e76b5;name;ОРКАН;catalog_export_v4.csv;CSV;row 207 / Название;ORGANIZER_CSV;HIGH;Raw organizer value preserved.
product;1a694805-4d3a-42ff-80b9-5f68525e76b5;manufacturer;"ЗАО ""Си Проект""";catalog_export_v4.csv;CSV;row 207 / компания;ORGANIZER_CSV;HIGH;Raw organizer value preserved.
product;1a694805-4d3a-42ff-80b9-5f68525e76b5;system_family;BRS;catalog_export_v4.csv;CSV;row 207 / тип;ORGANIZER_CSV;HIGH;Normalized only from organizer token `brs`.
product;1a694805-4d3a-42ff-80b9-5f68525e76b5;maturity_status;PILOTING;catalog_export_v4.csv;CSV;row 207 / статус;ORGANIZER_CSV;HIGH;Normalized only from organizer token `piloting`.
product;1a694805-4d3a-42ff-80b9-5f68525e76b5;trl;7;catalog_export_v4.csv;CSV;row 207 / УГТ;ORGANIZER_CSV;HIGH;Organizer value normalized to integer when possible.
product;1a694805-4d3a-42ff-80b9-5f68525e76b5;market_potential;3.0;catalog_export_v4.csv;CSV;row 207 / Рын Потенциал;ORGANIZER_CSV;HIGH;Organizer value normalized to numeric representation.
product;1a694805-4d3a-42ff-80b9-5f68525e76b5;type;Морские роботы;catalog_export_v4.csv;CSV;row 207 / Тип;ORGANIZER_CSV;HIGH;Raw organizer value preserved.
product;1a694805-4d3a-42ff-80b9-5f68525e76b5;description.raw;Водоизмещение 0,8 м3;catalog_export_v4.csv;CSV;row 207 / описание;ORGANIZER_CSV;HIGH;Raw organizer description preserved without rewriting.
applicability;app-v4-row-0207;industries;Транспорт и логистика;catalog_export_v4.csv;CSV;row 207 / Отрасль;ORGANIZER_CSV;HIGH;Raw organizer applicability value.
applicability;app-v4-row-0207;use_cases;Доставка грузов по воде;catalog_export_v4.csv;CSV;row 207 / Сценарий;ORGANIZER_CSV;HIGH;Raw organizer applicability value.
applicability;app-v4-row-0207;regions;Санкт-Петербург;catalog_export_v4.csv;CSV;row 207 / Регион;ORGANIZER_CSV;HIGH;Raw organizer applicability value.
applicability;app-v4-row-0207;case_evidence;Начаты испытания в Архангельской области безэкипажного катера ОРКАН, предназначенного для геодезических и инженерных измерений, дноуглубительных работ и отработки технологий автономного судоходства. В результате катер подтвердил перспективность для доставки грузов в труднодоступные районы и мониторинга.;catalog_export_v4.csv;CSV;row 207 / Кейсы;ORGANIZER_CSV;HIGH;Raw organizer case text.
price_offer;price-v4-row-0207;raw_price;5 000 000,00;catalog_export_v4.csv;CSV;row 207 / Цена изделия;ORGANIZER_CSV;HIGH;Raw price preserved exactly.
price_offer;price-v4-row-0207;normalized_amount;5000000.00;catalog_export_v4.csv;CSV;row 207 / Цена изделия;NORMALIZED_FROM_ORGANIZER;HIGH;"Decimal comma/space normalization only; currency not inferred."
price_offer;price-v4-row-0207;vat_status;ORGANIZER_ASSUMPTION_INCLUDED;Дополнения для участников.pdf;page 4;prices assumed VAT-inclusive;ORGANIZER_ASSUMPTION;MEDIUM;Assumption from addendum, not confirmed per-offer fact.
price_offer;price-v4-row-0207;excluded_costs;delivery | commissioning/start-up | deep IT integration;Дополнения для участников.pdf;page 4;delivery, commissioning and deep integration excluded;ORGANIZER_ASSUMPTION;HIGH;Explicit addendum exclusion applied to each raw price offer.
product;3cae8286-ea39-4329-b7fd-6444cf2f6f91;name;БРИЗ;catalog_export_v4.csv;CSV;row 208 / Название;ORGANIZER_CSV;HIGH;Raw organizer value preserved.
product;3cae8286-ea39-4329-b7fd-6444cf2f6f91;manufacturer;"ЗАО ""Си Проект""";catalog_export_v4.csv;CSV;row 208 / компания;ORGANIZER_CSV;HIGH;Raw organizer value preserved.
product;3cae8286-ea39-4329-b7fd-6444cf2f6f91;system_family;BRS;catalog_export_v4.csv;CSV;row 208 / тип;ORGANIZER_CSV;HIGH;Normalized only from organizer token `brs`.
product;3cae8286-ea39-4329-b7fd-6444cf2f6f91;maturity_status;PILOTING;catalog_export_v4.csv;CSV;row 208 / статус;ORGANIZER_CSV;HIGH;Normalized only from organizer token `piloting`.
product;3cae8286-ea39-4329-b7fd-6444cf2f6f91;trl;7;catalog_export_v4.csv;CSV;row 208 / УГТ;ORGANIZER_CSV;HIGH;Organizer value normalized to integer when possible.
product;3cae8286-ea39-4329-b7fd-6444cf2f6f91;market_potential;3.0;catalog_export_v4.csv;CSV;row 208 / Рын Потенциал;ORGANIZER_CSV;HIGH;Organizer value normalized to numeric representation.
product;3cae8286-ea39-4329-b7fd-6444cf2f6f91;type;Морские роботы;catalog_export_v4.csv;CSV;row 208 / Тип;ORGANIZER_CSV;HIGH;Raw organizer value preserved.
product;3cae8286-ea39-4329-b7fd-6444cf2f6f91;description.raw;Грузоподъёмность до 500 кг;catalog_export_v4.csv;CSV;row 208 / описание;ORGANIZER_CSV;HIGH;Raw organizer description preserved without rewriting.
applicability;app-v4-row-0208;industries;Транспорт и логистика;catalog_export_v4.csv;CSV;row 208 / Отрасль;ORGANIZER_CSV;HIGH;Raw organizer applicability value.
applicability;app-v4-row-0208;use_cases;Доставка грузов по воде;catalog_export_v4.csv;CSV;row 208 / Сценарий;ORGANIZER_CSV;HIGH;Raw organizer applicability value.
applicability;app-v4-row-0208;regions;Санкт-Петербург;catalog_export_v4.csv;CSV;row 208 / Регион;ORGANIZER_CSV;HIGH;Raw organizer applicability value.
applicability;app-v4-row-0208;case_evidence;Проведены испытания безэкипажного катера БРИЗ в порту Архангельска для подготовки к экспериментальной доставке грузов на отдаленные островные территории. В результате катер с грузоподъемностью до 500 кг подтвердил готовность к работе.;catalog_export_v4.csv;CSV;row 208 / Кейсы;ORGANIZER_CSV;HIGH;Raw organizer case text.
price_offer;price-v4-row-0208;raw_price;5 000 000,00;catalog_export_v4.csv;CSV;row 208 / Цена изделия;ORGANIZER_CSV;HIGH;Raw price preserved exactly.
price_offer;price-v4-row-0208;normalized_amount;5000000.00;catalog_export_v4.csv;CSV;row 208 / Цена изделия;NORMALIZED_FROM_ORGANIZER;HIGH;"Decimal comma/space normalization only; currency not inferred."
price_offer;price-v4-row-0208;vat_status;ORGANIZER_ASSUMPTION_INCLUDED;Дополнения для участников.pdf;page 4;prices assumed VAT-inclusive;ORGANIZER_ASSUMPTION;MEDIUM;Assumption from addendum, not confirmed per-offer fact.
price_offer;price-v4-row-0208;excluded_costs;delivery | commissioning/start-up | deep IT integration;Дополнения для участников.pdf;page 4;delivery, commissioning and deep integration excluded;ORGANIZER_ASSUMPTION;HIGH;Explicit addendum exclusion applied to each raw price offer.
product;b5ead192-27fb-4898-b267-edff4ed825a0;name;БВС ОМДЖЕТ-03;catalog_export_v4.csv;CSV;row 209 / Название;ORGANIZER_CSV;HIGH;Raw organizer value preserved.
product;b5ead192-27fb-4898-b267-edff4ed825a0;manufacturer;"ООО ""Роспроект""";catalog_export_v4.csv;CSV;row 209 / компания;ORGANIZER_CSV;HIGH;Raw organizer value preserved.
product;b5ead192-27fb-4898-b267-edff4ed825a0;system_family;BAS;catalog_export_v4.csv;CSV;row 209 / тип;ORGANIZER_CSV;HIGH;Normalized only from organizer token `bas`.
product;b5ead192-27fb-4898-b267-edff4ed825a0;maturity_status;OPERATION;catalog_export_v4.csv;CSV;row 209 / статус;ORGANIZER_CSV;HIGH;Normalized only from organizer token `operation`.
product;b5ead192-27fb-4898-b267-edff4ed825a0;trl;9;catalog_export_v4.csv;CSV;row 209 / УГТ;ORGANIZER_CSV;HIGH;Organizer value normalized to integer when possible.
product;b5ead192-27fb-4898-b267-edff4ed825a0;market_potential;3.0;catalog_export_v4.csv;CSV;row 209 / Рын Потенциал;ORGANIZER_CSV;HIGH;Organizer value normalized to numeric representation.
applicability;app-v4-row-0209;industries;Транспорт и логистика;catalog_export_v4.csv;CSV;row 209 / Отрасль;ORGANIZER_CSV;HIGH;Raw organizer applicability value.
applicability;app-v4-row-0209;use_cases;Мониторинг переправ;catalog_export_v4.csv;CSV;row 209 / Сценарий;ORGANIZER_CSV;HIGH;Raw organizer applicability value.
applicability;app-v4-row-0209;regions;Омская область;catalog_export_v4.csv;CSV;row 209 / Регион;ORGANIZER_CSV;HIGH;Raw organizer applicability value.
applicability;app-v4-row-0209;case_evidence;Беспилотники «ОмДжет» следят за зимниками и ледовыми переправами в Югре — данные поступают в реальном времени.;catalog_export_v4.csv;CSV;row 209 / Кейсы;ORGANIZER_CSV;HIGH;Raw organizer case text.
price_offer;price-v4-row-0209;raw_price;3 000 000,00;catalog_export_v4.csv;CSV;row 209 / Цена изделия;ORGANIZER_CSV;HIGH;Raw price preserved exactly.
price_offer;price-v4-row-0209;normalized_amount;3000000.00;catalog_export_v4.csv;CSV;row 209 / Цена изделия;NORMALIZED_FROM_ORGANIZER;HIGH;"Decimal comma/space normalization only; currency not inferred."
price_offer;price-v4-row-0209;vat_status;ORGANIZER_ASSUMPTION_INCLUDED;Дополнения для участников.pdf;page 4;prices assumed VAT-inclusive;ORGANIZER_ASSUMPTION;MEDIUM;Assumption from addendum, not confirmed per-offer fact.
price_offer;price-v4-row-0209;excluded_costs;delivery | commissioning/start-up | deep IT integration;Дополнения для участников.pdf;page 4;delivery, commissioning and deep integration excluded;ORGANIZER_ASSUMPTION;HIGH;Explicit addendum exclusion applied to each raw price offer.
product;00ddbb71-8fca-4cb1-9998-78250c62ea03;name;"OG-07 ""Стрекоза""";catalog_export_v4.csv;CSV;row 210 / Название;ORGANIZER_CSV;HIGH;Raw organizer value preserved.
product;00ddbb71-8fca-4cb1-9998-78250c62ea03;manufacturer;"ООО ""Бас Глори Эйр""";catalog_export_v4.csv;CSV;row 210 / компания;ORGANIZER_CSV;HIGH;Raw organizer value preserved.
product;00ddbb71-8fca-4cb1-9998-78250c62ea03;system_family;BAS;catalog_export_v4.csv;CSV;row 210 / тип;ORGANIZER_CSV;HIGH;Normalized only from organizer token `bas`.
product;00ddbb71-8fca-4cb1-9998-78250c62ea03;maturity_status;OPERATION;catalog_export_v4.csv;CSV;row 210 / статус;ORGANIZER_CSV;HIGH;Normalized only from organizer token `operation`.
product;00ddbb71-8fca-4cb1-9998-78250c62ea03;trl;8;catalog_export_v4.csv;CSV;row 210 / УГТ;ORGANIZER_CSV;HIGH;Organizer value normalized to integer when possible.
product;00ddbb71-8fca-4cb1-9998-78250c62ea03;market_potential;4.0;catalog_export_v4.csv;CSV;row 210 / Рын Потенциал;ORGANIZER_CSV;HIGH;Organizer value normalized to numeric representation.
applicability;app-v4-row-0210;industries;Транспорт и логистика;catalog_export_v4.csv;CSV;row 210 / Отрасль;ORGANIZER_CSV;HIGH;Raw organizer applicability value.
applicability;app-v4-row-0210;use_cases;Доставка в удаленные, труднодоступные районы;catalog_export_v4.csv;CSV;row 210 / Сценарий;ORGANIZER_CSV;HIGH;Raw organizer applicability value.
applicability;app-v4-row-0210;regions;Москва;catalog_export_v4.csv;CSV;row 210 / Регион;ORGANIZER_CSV;HIGH;Raw organizer applicability value.
applicability;app-v4-row-0210;case_evidence;Логистические комплексы «БАС Глори Эйр» задействованы в пилотном проекте Минздрава Якутии для экспресс-снабжения удаленных населенных пунктов. В рамках регулярных вылетов беспилотники автономно преодолевают 30-километровые маршруты между селом Октемцы и городом Покровск, доставляя срочные биоматериалы и медикаменты в труднодоступные районы;catalog_export_v4.csv;CSV;row 210 / Кейсы;ORGANIZER_CSV;HIGH;Raw organizer case text.
price_offer;price-v4-row-0210;raw_price;4 200 000,00;catalog_export_v4.csv;CSV;row 210 / Цена изделия;ORGANIZER_CSV;HIGH;Raw price preserved exactly.
price_offer;price-v4-row-0210;normalized_amount;4200000.00;catalog_export_v4.csv;CSV;row 210 / Цена изделия;NORMALIZED_FROM_ORGANIZER;HIGH;"Decimal comma/space normalization only; currency not inferred."
price_offer;price-v4-row-0210;vat_status;ORGANIZER_ASSUMPTION_INCLUDED;Дополнения для участников.pdf;page 4;prices assumed VAT-inclusive;ORGANIZER_ASSUMPTION;MEDIUM;Assumption from addendum, not confirmed per-offer fact.
price_offer;price-v4-row-0210;excluded_costs;delivery | commissioning/start-up | deep IT integration;Дополнения для участников.pdf;page 4;delivery, commissioning and deep integration excluded;ORGANIZER_ASSUMPTION;HIGH;Explicit addendum exclusion applied to each raw price offer.
product;23195034-45aa-48c1-8cb5-1f384c2cacb7;name;Вихрь-1М;catalog_export_v4.csv;CSV;row 211 / Название;ORGANIZER_CSV;HIGH;Raw organizer value preserved.
product;23195034-45aa-48c1-8cb5-1f384c2cacb7;manufacturer;"ООО ""Интэк""";catalog_export_v4.csv;CSV;row 211 / компания;ORGANIZER_CSV;HIGH;Raw organizer value preserved.
product;23195034-45aa-48c1-8cb5-1f384c2cacb7;system_family;BAS;catalog_export_v4.csv;CSV;row 211 / тип;ORGANIZER_CSV;HIGH;Normalized only from organizer token `bas`.
product;23195034-45aa-48c1-8cb5-1f384c2cacb7;maturity_status;OPERATION;catalog_export_v4.csv;CSV;row 211 / статус;ORGANIZER_CSV;HIGH;Normalized only from organizer token `operation`.
product;23195034-45aa-48c1-8cb5-1f384c2cacb7;trl;8;catalog_export_v4.csv;CSV;row 211 / УГТ;ORGANIZER_CSV;HIGH;Organizer value normalized to integer when possible.
product;23195034-45aa-48c1-8cb5-1f384c2cacb7;market_potential;3.0;catalog_export_v4.csv;CSV;row 211 / Рын Потенциал;ORGANIZER_CSV;HIGH;Organizer value normalized to numeric representation.
product;23195034-45aa-48c1-8cb5-1f384c2cacb7;description.raw;"Универсальная беспилотная летательная
транспортная платформа для доставки
грузов до 20 кг на расстояние до 30 км.
Гибкая мачта с пультом управления,
лебёдкой и кабель тросом. Система
технического зрения с ИИ на базе
нейросетей. Система визуальной навигации.";catalog_export_v4.csv;CSV;row 211 / описание;ORGANIZER_CSV;HIGH;Raw organizer description preserved without rewriting.
applicability;app-v4-row-0211;industries;Транспорт и логистика;catalog_export_v4.csv;CSV;row 211 / Отрасль;ORGANIZER_CSV;HIGH;Raw organizer applicability value.
applicability;app-v4-row-0211;use_cases;Доставка в удаленные, труднодоступные районы;catalog_export_v4.csv;CSV;row 211 / Сценарий;ORGANIZER_CSV;HIGH;Raw organizer applicability value.
applicability;app-v4-row-0211;regions;Томская область;catalog_export_v4.csv;CSV;row 211 / Регион;ORGANIZER_CSV;HIGH;Raw organizer applicability value.
applicability;app-v4-row-0211;case_evidence;: В августе 2026 года Центральная избирательная комиссия РФ и компания ИНТЭК подписали соглашение о применении «Вихрь-1М» для доставки избирательных бюллетеней в удаленные и труднодоступные поселки Кемеровской области (Кузбасс).;catalog_export_v4.csv;CSV;row 211 / Кейсы;ORGANIZER_CSV;HIGH;Raw organizer case text.
price_offer;price-v4-row-0211;raw_price;4 200 000,00;catalog_export_v4.csv;CSV;row 211 / Цена изделия;ORGANIZER_CSV;HIGH;Raw price preserved exactly.
price_offer;price-v4-row-0211;normalized_amount;4200000.00;catalog_export_v4.csv;CSV;row 211 / Цена изделия;NORMALIZED_FROM_ORGANIZER;HIGH;"Decimal comma/space normalization only; currency not inferred."
price_offer;price-v4-row-0211;vat_status;ORGANIZER_ASSUMPTION_INCLUDED;Дополнения для участников.pdf;page 4;prices assumed VAT-inclusive;ORGANIZER_ASSUMPTION;MEDIUM;Assumption from addendum, not confirmed per-offer fact.
price_offer;price-v4-row-0211;excluded_costs;delivery | commissioning/start-up | deep IT integration;Дополнения для участников.pdf;page 4;delivery, commissioning and deep integration excluded;ORGANIZER_ASSUMPTION;HIGH;Explicit addendum exclusion applied to each raw price offer.
product;64061eae-b7cb-4aa2-bacd-92e8cdf9097b;name;Горгона 15;catalog_export_v4.csv;CSV;row 212 / Название;ORGANIZER_CSV;HIGH;Raw organizer value preserved.
product;64061eae-b7cb-4aa2-bacd-92e8cdf9097b;manufacturer;"ООО ""КБ Атл""";catalog_export_v4.csv;CSV;row 212 / компания;ORGANIZER_CSV;HIGH;Raw organizer value preserved.
product;64061eae-b7cb-4aa2-bacd-92e8cdf9097b;system_family;BAS;catalog_export_v4.csv;CSV;row 212 / тип;ORGANIZER_CSV;HIGH;Normalized only from organizer token `bas`.
product;64061eae-b7cb-4aa2-bacd-92e8cdf9097b;maturity_status;OPERATION;catalog_export_v4.csv;CSV;row 212 / статус;ORGANIZER_CSV;HIGH;Normalized only from organizer token `operation`.
product;64061eae-b7cb-4aa2-bacd-92e8cdf9097b;trl;8;catalog_export_v4.csv;CSV;row 212 / УГТ;ORGANIZER_CSV;HIGH;Organizer value normalized to integer when possible.
product;64061eae-b7cb-4aa2-bacd-92e8cdf9097b;market_potential;3.0;catalog_export_v4.csv;CSV;row 212 / Рын Потенциал;ORGANIZER_CSV;HIGH;Organizer value normalized to numeric representation.
product;64061eae-b7cb-4aa2-bacd-92e8cdf9097b;description.raw;"Многофункциональный дрон отечественной разработки,
предназначенный для работы в широком диапазоне условий.
Конструкция предусматривает простоту обслуживания и
масштабируемость. Возможна модификация под конкретные
задачи заказчика.";catalog_export_v4.csv;CSV;row 212 / описание;ORGANIZER_CSV;HIGH;Raw organizer description preserved without rewriting.
applicability;app-v4-row-0212;industries;Транспорт и логистика;catalog_export_v4.csv;CSV;row 212 / Отрасль;ORGANIZER_CSV;HIGH;Raw organizer applicability value.
applicability;app-v4-row-0212;use_cases;Доставка в удаленные, труднодоступные районы;catalog_export_v4.csv;CSV;row 212 / Сценарий;ORGANIZER_CSV;HIGH;Raw organizer applicability value.
applicability;app-v4-row-0212;regions;Москва;catalog_export_v4.csv;CSV;row 212 / Регион;ORGANIZER_CSV;HIGH;Raw organizer applicability value.
applicability;app-v4-row-0212;case_evidence;Аппарат регуляроно используется компанией Boon market для логистики грузов в Якутии;catalog_export_v4.csv;CSV;row 212 / Кейсы;ORGANIZER_CSV;HIGH;Raw organizer case text.
price_offer;price-v4-row-0212;raw_price;4 200 000,00;catalog_export_v4.csv;CSV;row 212 / Цена изделия;ORGANIZER_CSV;HIGH;Raw price preserved exactly.
price_offer;price-v4-row-0212;normalized_amount;4200000.00;catalog_export_v4.csv;CSV;row 212 / Цена изделия;NORMALIZED_FROM_ORGANIZER;HIGH;"Decimal comma/space normalization only; currency not inferred."
price_offer;price-v4-row-0212;vat_status;ORGANIZER_ASSUMPTION_INCLUDED;Дополнения для участников.pdf;page 4;prices assumed VAT-inclusive;ORGANIZER_ASSUMPTION;MEDIUM;Assumption from addendum, not confirmed per-offer fact.
price_offer;price-v4-row-0212;excluded_costs;delivery | commissioning/start-up | deep IT integration;Дополнения для участников.pdf;page 4;delivery, commissioning and deep integration excluded;ORGANIZER_ASSUMPTION;HIGH;Explicit addendum exclusion applied to each raw price offer.
product;3d8ff7d4-19fb-4a21-bc4a-15fb13ad3393;name;Геоскан 201;catalog_export_v4.csv;CSV;row 213 / Название;ORGANIZER_CSV;HIGH;Raw organizer value preserved.
product;3d8ff7d4-19fb-4a21-bc4a-15fb13ad3393;manufacturer;"ООО ""Геоскан""";catalog_export_v4.csv;CSV;row 213 / компания;ORGANIZER_CSV;HIGH;Raw organizer value preserved.
product;3d8ff7d4-19fb-4a21-bc4a-15fb13ad3393;system_family;BAS;catalog_export_v4.csv;CSV;row 213 / тип;ORGANIZER_CSV;HIGH;Normalized only from organizer token `bas`.
product;3d8ff7d4-19fb-4a21-bc4a-15fb13ad3393;maturity_status;OPERATION;catalog_export_v4.csv;CSV;row 213 / статус;ORGANIZER_CSV;HIGH;Normalized only from organizer token `operation`.
product;3d8ff7d4-19fb-4a21-bc4a-15fb13ad3393;trl;9;catalog_export_v4.csv;CSV;row 213 / УГТ;ORGANIZER_CSV;HIGH;Organizer value normalized to integer when possible.
product;3d8ff7d4-19fb-4a21-bc4a-15fb13ad3393;market_potential;4.0;catalog_export_v4.csv;CSV;row 213 / Рын Потенциал;ORGANIZER_CSV;HIGH;Organizer value normalized to numeric representation.
product;3d8ff7d4-19fb-4a21-bc4a-15fb13ad3393;subtype;Самолет;catalog_export_v4.csv;CSV;row 213 / Подтип;ORGANIZER_CSV;HIGH;Raw organizer value preserved.
product;3d8ff7d4-19fb-4a21-bc4a-15fb13ad3393;description.raw;Беспилотный авиационный комплекс (БАС) самолетного типа («летающее крыло»). Он спроектирован для высокоточной аэрофотосъемки, 3D-моделирования и мониторинга обширных территорий или линейно-протяженных объектов (ЛЭП, трубопроводов, дорог). Это один из самых массовых и востребованных промышленных дронов в России.;catalog_export_v4.csv;CSV;row 213 / описание;ORGANIZER_CSV;HIGH;Raw organizer description preserved without rewriting.
applicability;app-v4-row-0213;industries;Лесное хозяйство;catalog_export_v4.csv;CSV;row 213 / Отрасль;ORGANIZER_CSV;HIGH;Raw organizer applicability value.
applicability;app-v4-row-0213;use_cases;Учёт животных и оценка состояния популяций на особо охраняемых природных территориях, Таксация лесов;catalog_export_v4.csv;CSV;row 213 / Сценарий;ORGANIZER_CSV;HIGH;Raw organizer applicability value.
applicability;app-v4-row-0213;regions;Санкт-Петербург;catalog_export_v4.csv;CSV;row 213 / Регион;ORGANIZER_CSV;HIGH;Raw organizer applicability value.
applicability;app-v4-row-0213;case_evidence;"БАС применяется для мониторинговых задач
Проведены аэрофотосъемка 860 га лесных площадей в Анивском лесничестве с помощью БАС «Геоскан 201» и обработка полученных данных для оценки лесовосстановления на Сахалине.";catalog_export_v4.csv;CSV;row 213 / Кейсы;ORGANIZER_CSV;HIGH;Raw organizer case text.
price_offer;price-v4-row-0213;raw_price;3 200 000,00;catalog_export_v4.csv;CSV;row 213 / Цена изделия;ORGANIZER_CSV;HIGH;Raw price preserved exactly.
price_offer;price-v4-row-0213;normalized_amount;3200000.00;catalog_export_v4.csv;CSV;row 213 / Цена изделия;NORMALIZED_FROM_ORGANIZER;HIGH;"Decimal comma/space normalization only; currency not inferred."
price_offer;price-v4-row-0213;vat_status;ORGANIZER_ASSUMPTION_INCLUDED;Дополнения для участников.pdf;page 4;prices assumed VAT-inclusive;ORGANIZER_ASSUMPTION;MEDIUM;Assumption from addendum, not confirmed per-offer fact.
price_offer;price-v4-row-0213;excluded_costs;delivery | commissioning/start-up | deep IT integration;Дополнения для участников.pdf;page 4;delivery, commissioning and deep integration excluded;ORGANIZER_ASSUMPTION;HIGH;Explicit addendum exclusion applied to each raw price offer.
product;b639b73b-9c1e-4eec-af6f-9662e1d1d171;name;Альбатрос М5;catalog_export_v4.csv;CSV;row 214 / Название;ORGANIZER_CSV;HIGH;Raw organizer value preserved.
product;b639b73b-9c1e-4eec-af6f-9662e1d1d171;manufacturer;"ООО ""Альбатрос""";catalog_export_v4.csv;CSV;row 214 / компания;ORGANIZER_CSV;HIGH;Raw organizer value preserved.
product;b639b73b-9c1e-4eec-af6f-9662e1d1d171;system_family;BAS;catalog_export_v4.csv;CSV;row 214 / тип;ORGANIZER_CSV;HIGH;Normalized only from organizer token `bas`.
product;b639b73b-9c1e-4eec-af6f-9662e1d1d171;maturity_status;OPERATION;catalog_export_v4.csv;CSV;row 214 / статус;ORGANIZER_CSV;HIGH;Normalized only from organizer token `operation`.
product;b639b73b-9c1e-4eec-af6f-9662e1d1d171;trl;9;catalog_export_v4.csv;CSV;row 214 / УГТ;ORGANIZER_CSV;HIGH;Organizer value normalized to integer when possible.
product;b639b73b-9c1e-4eec-af6f-9662e1d1d171;market_potential;4.0;catalog_export_v4.csv;CSV;row 214 / Рын Потенциал;ORGANIZER_CSV;HIGH;Organizer value normalized to numeric representation.
applicability;app-v4-row-0214;industries;Лесное хозяйство;catalog_export_v4.csv;CSV;row 214 / Отрасль;ORGANIZER_CSV;HIGH;Raw organizer applicability value.
applicability;app-v4-row-0214;use_cases;Учёт животных и оценка состояния популяций на особо охраняемых природных территориях;catalog_export_v4.csv;CSV;row 214 / Сценарий;ORGANIZER_CSV;HIGH;Raw organizer applicability value.
applicability;app-v4-row-0214;regions;Республика Татарстан;catalog_export_v4.csv;CSV;row 214 / Регион;ORGANIZER_CSV;HIGH;Raw organizer applicability value.
applicability;app-v4-row-0214;case_evidence;БАС применяется для мониторинговых задач;catalog_export_v4.csv;CSV;row 214 / Кейсы;ORGANIZER_CSV;HIGH;Raw organizer case text.
price_offer;price-v4-row-0214;raw_price;7 000 000,00;catalog_export_v4.csv;CSV;row 214 / Цена изделия;ORGANIZER_CSV;HIGH;Raw price preserved exactly.
price_offer;price-v4-row-0214;normalized_amount;7000000.00;catalog_export_v4.csv;CSV;row 214 / Цена изделия;NORMALIZED_FROM_ORGANIZER;HIGH;"Decimal comma/space normalization only; currency not inferred."
price_offer;price-v4-row-0214;vat_status;ORGANIZER_ASSUMPTION_INCLUDED;Дополнения для участников.pdf;page 4;prices assumed VAT-inclusive;ORGANIZER_ASSUMPTION;MEDIUM;Assumption from addendum, not confirmed per-offer fact.
price_offer;price-v4-row-0214;excluded_costs;delivery | commissioning/start-up | deep IT integration;Дополнения для участников.pdf;page 4;delivery, commissioning and deep integration excluded;ORGANIZER_ASSUMPTION;HIGH;Explicit addendum exclusion applied to each raw price offer.
product;6c0df6e9-ea39-40d2-93af-7aec13d629c7;name;Геоскан 401;catalog_export_v4.csv;CSV;row 215 / Название;ORGANIZER_CSV;HIGH;Raw organizer value preserved.
product;6c0df6e9-ea39-40d2-93af-7aec13d629c7;manufacturer;"ООО ""Геоскан""";catalog_export_v4.csv;CSV;row 215 / компания;ORGANIZER_CSV;HIGH;Raw organizer value preserved.
product;6c0df6e9-ea39-40d2-93af-7aec13d629c7;system_family;BAS;catalog_export_v4.csv;CSV;row 215 / тип;ORGANIZER_CSV;HIGH;Normalized only from organizer token `bas`.
product;6c0df6e9-ea39-40d2-93af-7aec13d629c7;maturity_status;OPERATION;catalog_export_v4.csv;CSV;row 215 / статус;ORGANIZER_CSV;HIGH;Normalized only from organizer token `operation`.
product;6c0df6e9-ea39-40d2-93af-7aec13d629c7;trl;9;catalog_export_v4.csv;CSV;row 215 / УГТ;ORGANIZER_CSV;HIGH;Organizer value normalized to integer when possible.
product;6c0df6e9-ea39-40d2-93af-7aec13d629c7;market_potential;4.0;catalog_export_v4.csv;CSV;row 215 / Рын Потенциал;ORGANIZER_CSV;HIGH;Organizer value normalized to numeric representation.
applicability;app-v4-row-0215;industries;Лесное хозяйство;catalog_export_v4.csv;CSV;row 215 / Отрасль;ORGANIZER_CSV;HIGH;Raw organizer applicability value.
applicability;app-v4-row-0215;use_cases;Учёт животных и оценка состояния популяций на особо охраняемых природных территориях, Таксация лесосек;catalog_export_v4.csv;CSV;row 215 / Сценарий;ORGANIZER_CSV;HIGH;Raw organizer applicability value.
applicability;app-v4-row-0215;regions;Санкт-Петербург;catalog_export_v4.csv;CSV;row 215 / Регион;ORGANIZER_CSV;HIGH;Raw organizer applicability value.
applicability;app-v4-row-0215;case_evidence;БАС применяется для мониторинговых задач;catalog_export_v4.csv;CSV;row 215 / Кейсы;ORGANIZER_CSV;HIGH;Raw organizer case text.
price_offer;price-v4-row-0215;raw_price;4 000 000,00;catalog_export_v4.csv;CSV;row 215 / Цена изделия;ORGANIZER_CSV;HIGH;Raw price preserved exactly.
price_offer;price-v4-row-0215;normalized_amount;4000000.00;catalog_export_v4.csv;CSV;row 215 / Цена изделия;NORMALIZED_FROM_ORGANIZER;HIGH;"Decimal comma/space normalization only; currency not inferred."
price_offer;price-v4-row-0215;vat_status;ORGANIZER_ASSUMPTION_INCLUDED;Дополнения для участников.pdf;page 4;prices assumed VAT-inclusive;ORGANIZER_ASSUMPTION;MEDIUM;Assumption from addendum, not confirmed per-offer fact.
price_offer;price-v4-row-0215;excluded_costs;delivery | commissioning/start-up | deep IT integration;Дополнения для участников.pdf;page 4;delivery, commissioning and deep integration excluded;ORGANIZER_ASSUMPTION;HIGH;Explicit addendum exclusion applied to each raw price offer.
product;22de87a2-a16a-4ce3-9581-1c3eb6f6d2ec;name;ДИАМ 20;catalog_export_v4.csv;CSV;row 216 / Название;ORGANIZER_CSV;HIGH;Raw organizer value preserved.
product;22de87a2-a16a-4ce3-9581-1c3eb6f6d2ec;manufacturer;"АО ГК ""Икар""";catalog_export_v4.csv;CSV;row 216 / компания;ORGANIZER_CSV;HIGH;Raw organizer value preserved.
product;22de87a2-a16a-4ce3-9581-1c3eb6f6d2ec;system_family;BAS;catalog_export_v4.csv;CSV;row 216 / тип;ORGANIZER_CSV;HIGH;Normalized only from organizer token `bas`.
product;22de87a2-a16a-4ce3-9581-1c3eb6f6d2ec;maturity_status;OPERATION;catalog_export_v4.csv;CSV;row 216 / статус;ORGANIZER_CSV;HIGH;Normalized only from organizer token `operation`.
product;22de87a2-a16a-4ce3-9581-1c3eb6f6d2ec;trl;8;catalog_export_v4.csv;CSV;row 216 / УГТ;ORGANIZER_CSV;HIGH;Organizer value normalized to integer when possible.
product;22de87a2-a16a-4ce3-9581-1c3eb6f6d2ec;market_potential;4.0;catalog_export_v4.csv;CSV;row 216 / Рын Потенциал;ORGANIZER_CSV;HIGH;Organizer value normalized to numeric representation.
applicability;app-v4-row-0216;industries;Лесное хозяйство;catalog_export_v4.csv;CSV;row 216 / Отрасль;ORGANIZER_CSV;HIGH;Raw organizer applicability value.
applicability;app-v4-row-0216;use_cases;Таксация лесов;catalog_export_v4.csv;CSV;row 216 / Сценарий;ORGANIZER_CSV;HIGH;Raw organizer applicability value.
applicability;app-v4-row-0216;regions;Москва;catalog_export_v4.csv;CSV;row 216 / Регион;ORGANIZER_CSV;HIGH;Raw organizer applicability value.
applicability;app-v4-row-0216;case_evidence;БАС применяется для мониторинговых задач;catalog_export_v4.csv;CSV;row 216 / Кейсы;ORGANIZER_CSV;HIGH;Raw organizer case text.
price_offer;price-v4-row-0216;raw_price;10 500 000,00;catalog_export_v4.csv;CSV;row 216 / Цена изделия;ORGANIZER_CSV;HIGH;Raw price preserved exactly.
price_offer;price-v4-row-0216;normalized_amount;10500000.00;catalog_export_v4.csv;CSV;row 216 / Цена изделия;NORMALIZED_FROM_ORGANIZER;HIGH;"Decimal comma/space normalization only; currency not inferred."
price_offer;price-v4-row-0216;vat_status;ORGANIZER_ASSUMPTION_INCLUDED;Дополнения для участников.pdf;page 4;prices assumed VAT-inclusive;ORGANIZER_ASSUMPTION;MEDIUM;Assumption from addendum, not confirmed per-offer fact.
price_offer;price-v4-row-0216;excluded_costs;delivery | commissioning/start-up | deep IT integration;Дополнения для участников.pdf;page 4;delivery, commissioning and deep integration excluded;ORGANIZER_ASSUMPTION;HIGH;Explicit addendum exclusion applied to each raw price offer.
product;8dbe4684-18ef-49f7-bced-95969703a49a;name;Supercam X4E;catalog_export_v4.csv;CSV;row 217 / Название;ORGANIZER_CSV;HIGH;Raw organizer value preserved.
product;8dbe4684-18ef-49f7-bced-95969703a49a;manufacturer;"ООО ""Финко""";catalog_export_v4.csv;CSV;row 217 / компания;ORGANIZER_CSV;HIGH;Raw organizer value preserved.
product;8dbe4684-18ef-49f7-bced-95969703a49a;system_family;BAS;catalog_export_v4.csv;CSV;row 217 / тип;ORGANIZER_CSV;HIGH;Normalized only from organizer token `bas`.
product;8dbe4684-18ef-49f7-bced-95969703a49a;maturity_status;OPERATION;catalog_export_v4.csv;CSV;row 217 / статус;ORGANIZER_CSV;HIGH;Normalized only from organizer token `operation`.
product;8dbe4684-18ef-49f7-bced-95969703a49a;trl;8;catalog_export_v4.csv;CSV;row 217 / УГТ;ORGANIZER_CSV;HIGH;Organizer value normalized to integer when possible.
product;8dbe4684-18ef-49f7-bced-95969703a49a;market_potential;4.0;catalog_export_v4.csv;CSV;row 217 / Рын Потенциал;ORGANIZER_CSV;HIGH;Organizer value normalized to numeric representation.
product;8dbe4684-18ef-49f7-bced-95969703a49a;description.raw;Профессиональный беспилотный летательный аппарат (БПЛА) мультироторного типа, разработанный группой компаний Беспилотные системы, который предназначен для высокоточного мониторинга, геодезии и картографирования в любое время суток.;catalog_export_v4.csv;CSV;row 217 / описание;ORGANIZER_CSV;HIGH;Raw organizer description preserved without rewriting.
applicability;app-v4-row-0217;industries;Лесное хозяйство;catalog_export_v4.csv;CSV;row 217 / Отрасль;ORGANIZER_CSV;HIGH;Raw organizer applicability value.
applicability;app-v4-row-0217;use_cases;Таксация лесосек;catalog_export_v4.csv;CSV;row 217 / Сценарий;ORGANIZER_CSV;HIGH;Raw organizer applicability value.
applicability;app-v4-row-0217;regions;Удмуртская Республика;catalog_export_v4.csv;CSV;row 217 / Регион;ORGANIZER_CSV;HIGH;Raw organizer applicability value.
applicability;app-v4-row-0217;case_evidence;БАС применяется для мониторинговых задач;catalog_export_v4.csv;CSV;row 217 / Кейсы;ORGANIZER_CSV;HIGH;Raw organizer case text.
price_offer;price-v4-row-0217;raw_price;5 038 000,00;catalog_export_v4.csv;CSV;row 217 / Цена изделия;ORGANIZER_CSV;HIGH;Raw price preserved exactly.
price_offer;price-v4-row-0217;normalized_amount;5038000.00;catalog_export_v4.csv;CSV;row 217 / Цена изделия;NORMALIZED_FROM_ORGANIZER;HIGH;"Decimal comma/space normalization only; currency not inferred."
price_offer;price-v4-row-0217;vat_status;ORGANIZER_ASSUMPTION_INCLUDED;Дополнения для участников.pdf;page 4;prices assumed VAT-inclusive;ORGANIZER_ASSUMPTION;MEDIUM;Assumption from addendum, not confirmed per-offer fact.
price_offer;price-v4-row-0217;excluded_costs;delivery | commissioning/start-up | deep IT integration;Дополнения для участников.pdf;page 4;delivery, commissioning and deep integration excluded;ORGANIZER_ASSUMPTION;HIGH;Explicit addendum exclusion applied to each raw price offer.
product;42aed284-0f9c-45f4-a395-d7a5bf4fb5e7;name;InnoVTOL-3S;catalog_export_v4.csv;CSV;row 218 / Название;ORGANIZER_CSV;HIGH;Raw organizer value preserved.
product;42aed284-0f9c-45f4-a395-d7a5bf4fb5e7;manufacturer;"АНО ВО ""Университет Иннополис""";catalog_export_v4.csv;CSV;row 218 / компания;ORGANIZER_CSV;HIGH;Raw organizer value preserved.
product;42aed284-0f9c-45f4-a395-d7a5bf4fb5e7;system_family;BAS;catalog_export_v4.csv;CSV;row 218 / тип;ORGANIZER_CSV;HIGH;Normalized only from organizer token `bas`.
product;42aed284-0f9c-45f4-a395-d7a5bf4fb5e7;maturity_status;RND;catalog_export_v4.csv;CSV;row 218 / статус;ORGANIZER_CSV;HIGH;Normalized only from organizer token `rnd`.
product;42aed284-0f9c-45f4-a395-d7a5bf4fb5e7;trl;5;catalog_export_v4.csv;CSV;row 218 / УГТ;ORGANIZER_CSV;HIGH;Organizer value normalized to integer when possible.
product;42aed284-0f9c-45f4-a395-d7a5bf4fb5e7;market_potential;3.0;catalog_export_v4.csv;CSV;row 218 / Рын Потенциал;ORGANIZER_CSV;HIGH;Organizer value normalized to numeric representation.
product;42aed284-0f9c-45f4-a395-d7a5bf4fb5e7;subtype;VTOL;catalog_export_v4.csv;CSV;row 218 / Подтип;ORGANIZER_CSV;HIGH;Raw organizer value preserved.
product;42aed284-0f9c-45f4-a395-d7a5bf4fb5e7;description.raw;Беспилотный авиационный комплекс (БАС) самолетного типа с возможностью вертикального взлета и посадки (VTOL).;catalog_export_v4.csv;CSV;row 218 / описание;ORGANIZER_CSV;HIGH;Raw organizer description preserved without rewriting.
applicability;app-v4-row-0218;industries;Лесное хозяйство;catalog_export_v4.csv;CSV;row 218 / Отрасль;ORGANIZER_CSV;HIGH;Raw organizer applicability value.
applicability;app-v4-row-0218;use_cases;Мониторинг пожарной опасности в лесах;catalog_export_v4.csv;CSV;row 218 / Сценарий;ORGANIZER_CSV;HIGH;Raw organizer applicability value.
applicability;app-v4-row-0218;regions;Республика Татарстан;catalog_export_v4.csv;CSV;row 218 / Регион;ORGANIZER_CSV;HIGH;Raw organizer applicability value.
applicability;app-v4-row-0218;case_evidence;Разработана система дистанционного мониторинга лесных возгораний с определением колонок дыма — совместный проект Центра БАС Университета Иннополис.;catalog_export_v4.csv;CSV;row 218 / Кейсы;ORGANIZER_CSV;HIGH;Raw organizer case text.
price_offer;price-v4-row-0218;raw_price;7 870 000,00;catalog_export_v4.csv;CSV;row 218 / Цена изделия;ORGANIZER_CSV;HIGH;Raw price preserved exactly.
price_offer;price-v4-row-0218;normalized_amount;7870000.00;catalog_export_v4.csv;CSV;row 218 / Цена изделия;NORMALIZED_FROM_ORGANIZER;HIGH;"Decimal comma/space normalization only; currency not inferred."
price_offer;price-v4-row-0218;vat_status;ORGANIZER_ASSUMPTION_INCLUDED;Дополнения для участников.pdf;page 4;prices assumed VAT-inclusive;ORGANIZER_ASSUMPTION;MEDIUM;Assumption from addendum, not confirmed per-offer fact.
price_offer;price-v4-row-0218;excluded_costs;delivery | commissioning/start-up | deep IT integration;Дополнения для участников.pdf;page 4;delivery, commissioning and deep integration excluded;ORGANIZER_ASSUMPTION;HIGH;Explicit addendum exclusion applied to each raw price offer.
product;b5ead192-27fb-4898-b267-edff4ed825a0;name;БВС ОМДЖЕТ-03;catalog_export_v4.csv;CSV;row 219 / Название;ORGANIZER_CSV;HIGH;Raw organizer value preserved.
product;b5ead192-27fb-4898-b267-edff4ed825a0;manufacturer;"ООО ""Роспроект""";catalog_export_v4.csv;CSV;row 219 / компания;ORGANIZER_CSV;HIGH;Raw organizer value preserved.
product;b5ead192-27fb-4898-b267-edff4ed825a0;system_family;BAS;catalog_export_v4.csv;CSV;row 219 / тип;ORGANIZER_CSV;HIGH;Normalized only from organizer token `bas`.
product;b5ead192-27fb-4898-b267-edff4ed825a0;maturity_status;OPERATION;catalog_export_v4.csv;CSV;row 219 / статус;ORGANIZER_CSV;HIGH;Normalized only from organizer token `operation`.
product;b5ead192-27fb-4898-b267-edff4ed825a0;trl;9;catalog_export_v4.csv;CSV;row 219 / УГТ;ORGANIZER_CSV;HIGH;Organizer value normalized to integer when possible.
product;b5ead192-27fb-4898-b267-edff4ed825a0;market_potential;3.0;catalog_export_v4.csv;CSV;row 219 / Рын Потенциал;ORGANIZER_CSV;HIGH;Organizer value normalized to numeric representation.
applicability;app-v4-row-0219;industries;Лесное хозяйство;catalog_export_v4.csv;CSV;row 219 / Отрасль;ORGANIZER_CSV;HIGH;Raw organizer applicability value.
applicability;app-v4-row-0219;use_cases;Мониторинг пожарной опасности в лесах;catalog_export_v4.csv;CSV;row 219 / Сценарий;ORGANIZER_CSV;HIGH;Raw organizer applicability value.
applicability;app-v4-row-0219;regions;Омская область;catalog_export_v4.csv;CSV;row 219 / Регион;ORGANIZER_CSV;HIGH;Raw organizer applicability value.
applicability;app-v4-row-0219;case_evidence;Летом дроны мониторили лесные пожары на 2,6 млн гектаров. Линейка беспилотников прошла серьёзную проверку в пожароопасный сезон 2025 года в ХМАО. «ОмДжет 03» участвовал в мониторинге лесных пожаров на территории почти 2,6 млн гектаров совместно с четырьмя другими типами беспилотных систем. ;catalog_export_v4.csv;CSV;row 219 / Кейсы;ORGANIZER_CSV;HIGH;Raw organizer case text.
price_offer;price-v4-row-0219;raw_price;3 000 000,00;catalog_export_v4.csv;CSV;row 219 / Цена изделия;ORGANIZER_CSV;HIGH;Raw price preserved exactly.
price_offer;price-v4-row-0219;normalized_amount;3000000.00;catalog_export_v4.csv;CSV;row 219 / Цена изделия;NORMALIZED_FROM_ORGANIZER;HIGH;"Decimal comma/space normalization only; currency not inferred."
price_offer;price-v4-row-0219;vat_status;ORGANIZER_ASSUMPTION_INCLUDED;Дополнения для участников.pdf;page 4;prices assumed VAT-inclusive;ORGANIZER_ASSUMPTION;MEDIUM;Assumption from addendum, not confirmed per-offer fact.
price_offer;price-v4-row-0219;excluded_costs;delivery | commissioning/start-up | deep IT integration;Дополнения для участников.pdf;page 4;delivery, commissioning and deep integration excluded;ORGANIZER_ASSUMPTION;HIGH;Explicit addendum exclusion applied to each raw price offer.
product;a23855b0-2d22-44f1-838c-b4d23f4a69fb;name;Геоскан 801;catalog_export_v4.csv;CSV;row 220 / Название;ORGANIZER_CSV;HIGH;Raw organizer value preserved.
product;a23855b0-2d22-44f1-838c-b4d23f4a69fb;manufacturer;"ООО ""Геоскан""";catalog_export_v4.csv;CSV;row 220 / компания;ORGANIZER_CSV;HIGH;Raw organizer value preserved.
product;a23855b0-2d22-44f1-838c-b4d23f4a69fb;system_family;BAS;catalog_export_v4.csv;CSV;row 220 / тип;ORGANIZER_CSV;HIGH;Normalized only from organizer token `bas`.
product;a23855b0-2d22-44f1-838c-b4d23f4a69fb;maturity_status;OPERATION;catalog_export_v4.csv;CSV;row 220 / статус;ORGANIZER_CSV;HIGH;Normalized only from organizer token `operation`.
product;a23855b0-2d22-44f1-838c-b4d23f4a69fb;trl;9;catalog_export_v4.csv;CSV;row 220 / УГТ;ORGANIZER_CSV;HIGH;Organizer value normalized to integer when possible.
product;a23855b0-2d22-44f1-838c-b4d23f4a69fb;market_potential;4.0;catalog_export_v4.csv;CSV;row 220 / Рын Потенциал;ORGANIZER_CSV;HIGH;Organizer value normalized to numeric representation.
applicability;app-v4-row-0220;industries;Лесное хозяйство;catalog_export_v4.csv;CSV;row 220 / Отрасль;ORGANIZER_CSV;HIGH;Raw organizer applicability value.
applicability;app-v4-row-0220;use_cases;Информационная поддержка наземных сил с применением БПЛА микрокласса;catalog_export_v4.csv;CSV;row 220 / Сценарий;ORGANIZER_CSV;HIGH;Raw organizer applicability value.
applicability;app-v4-row-0220;regions;Санкт-Петербург;catalog_export_v4.csv;CSV;row 220 / Регион;ORGANIZER_CSV;HIGH;Raw organizer applicability value.
applicability;app-v4-row-0220;case_evidence;БАС применяется для мониторинговых задач;catalog_export_v4.csv;CSV;row 220 / Кейсы;ORGANIZER_CSV;HIGH;Raw organizer case text.
price_offer;price-v4-row-0220;raw_price;2 155 000,00;catalog_export_v4.csv;CSV;row 220 / Цена изделия;ORGANIZER_CSV;HIGH;Raw price preserved exactly.
price_offer;price-v4-row-0220;normalized_amount;2155000.00;catalog_export_v4.csv;CSV;row 220 / Цена изделия;NORMALIZED_FROM_ORGANIZER;HIGH;"Decimal comma/space normalization only; currency not inferred."
price_offer;price-v4-row-0220;vat_status;ORGANIZER_ASSUMPTION_INCLUDED;Дополнения для участников.pdf;page 4;prices assumed VAT-inclusive;ORGANIZER_ASSUMPTION;MEDIUM;Assumption from addendum, not confirmed per-offer fact.
price_offer;price-v4-row-0220;excluded_costs;delivery | commissioning/start-up | deep IT integration;Дополнения для участников.pdf;page 4;delivery, commissioning and deep integration excluded;ORGANIZER_ASSUMPTION;HIGH;Explicit addendum exclusion applied to each raw price offer.
product;f1c8478c-86c2-4381-96db-08e0ae889b41;name;Геоскан 701;catalog_export_v4.csv;CSV;row 221 / Название;ORGANIZER_CSV;HIGH;Raw organizer value preserved.
product;f1c8478c-86c2-4381-96db-08e0ae889b41;manufacturer;"ООО ""Геоскан""";catalog_export_v4.csv;CSV;row 221 / компания;ORGANIZER_CSV;HIGH;Raw organizer value preserved.
product;f1c8478c-86c2-4381-96db-08e0ae889b41;system_family;BAS;catalog_export_v4.csv;CSV;row 221 / тип;ORGANIZER_CSV;HIGH;Normalized only from organizer token `bas`.
product;f1c8478c-86c2-4381-96db-08e0ae889b41;maturity_status;OPERATION;catalog_export_v4.csv;CSV;row 221 / статус;ORGANIZER_CSV;HIGH;Normalized only from organizer token `operation`.
product;f1c8478c-86c2-4381-96db-08e0ae889b41;trl;7;catalog_export_v4.csv;CSV;row 221 / УГТ;ORGANIZER_CSV;HIGH;Organizer value normalized to integer when possible.
product;f1c8478c-86c2-4381-96db-08e0ae889b41;market_potential;5.0;catalog_export_v4.csv;CSV;row 221 / Рын Потенциал;ORGANIZER_CSV;HIGH;Organizer value normalized to numeric representation.
product;f1c8478c-86c2-4381-96db-08e0ae889b41;description.raw;Комплекс для аэрофотосъемки максимальной производительности.;catalog_export_v4.csv;CSV;row 221 / описание;ORGANIZER_CSV;HIGH;Raw organizer description preserved without rewriting.
applicability;app-v4-row-0221;industries;Лесное хозяйство;catalog_export_v4.csv;CSV;row 221 / Отрасль;ORGANIZER_CSV;HIGH;Raw organizer applicability value.
applicability;app-v4-row-0221;use_cases;Контроль лесопатологий, Борьба с незаконными рубками;catalog_export_v4.csv;CSV;row 221 / Сценарий;ORGANIZER_CSV;HIGH;Raw organizer applicability value.
applicability;app-v4-row-0221;regions;Санкт-Петербург;catalog_export_v4.csv;CSV;row 221 / Регион;ORGANIZER_CSV;HIGH;Raw organizer applicability value.
applicability;app-v4-row-0221;case_evidence;БАС применяется для мониторинговых задач;catalog_export_v4.csv;CSV;row 221 / Кейсы;ORGANIZER_CSV;HIGH;Raw organizer case text.
price_offer;price-v4-row-0221;raw_price;13 000 000,00;catalog_export_v4.csv;CSV;row 221 / Цена изделия;ORGANIZER_CSV;HIGH;Raw price preserved exactly.
price_offer;price-v4-row-0221;normalized_amount;13000000.00;catalog_export_v4.csv;CSV;row 221 / Цена изделия;NORMALIZED_FROM_ORGANIZER;HIGH;"Decimal comma/space normalization only; currency not inferred."
price_offer;price-v4-row-0221;vat_status;ORGANIZER_ASSUMPTION_INCLUDED;Дополнения для участников.pdf;page 4;prices assumed VAT-inclusive;ORGANIZER_ASSUMPTION;MEDIUM;Assumption from addendum, not confirmed per-offer fact.
price_offer;price-v4-row-0221;excluded_costs;delivery | commissioning/start-up | deep IT integration;Дополнения для участников.pdf;page 4;delivery, commissioning and deep integration excluded;ORGANIZER_ASSUMPTION;HIGH;Explicit addendum exclusion applied to each raw price offer.
product;3e262660-f12a-4eff-8c26-ccf36f923755;name;Геоскан 701 Видео;catalog_export_v4.csv;CSV;row 222 / Название;ORGANIZER_CSV;HIGH;Raw organizer value preserved.
product;3e262660-f12a-4eff-8c26-ccf36f923755;manufacturer;"ООО ""Геоскан""";catalog_export_v4.csv;CSV;row 222 / компания;ORGANIZER_CSV;HIGH;Raw organizer value preserved.
product;3e262660-f12a-4eff-8c26-ccf36f923755;system_family;BAS;catalog_export_v4.csv;CSV;row 222 / тип;ORGANIZER_CSV;HIGH;Normalized only from organizer token `bas`.
product;3e262660-f12a-4eff-8c26-ccf36f923755;maturity_status;OPERATION;catalog_export_v4.csv;CSV;row 222 / статус;ORGANIZER_CSV;HIGH;Normalized only from organizer token `operation`.
product;3e262660-f12a-4eff-8c26-ccf36f923755;trl;9;catalog_export_v4.csv;CSV;row 222 / УГТ;ORGANIZER_CSV;HIGH;Organizer value normalized to integer when possible.
product;3e262660-f12a-4eff-8c26-ccf36f923755;market_potential;3.0;catalog_export_v4.csv;CSV;row 222 / Рын Потенциал;ORGANIZER_CSV;HIGH;Organizer value normalized to numeric representation.
product;3e262660-f12a-4eff-8c26-ccf36f923755;subtype;Самолет;catalog_export_v4.csv;CSV;row 222 / Подтип;ORGANIZER_CSV;HIGH;Raw organizer value preserved.
product;3e262660-f12a-4eff-8c26-ccf36f923755;description.raw;Модель создана на базе флагманской платформы с двигателем внутреннего сгорания (ДВС) и оптимизирована для онлайн-видеомониторинга обширных, удаленных и труднодоступных территорий. Главная особенность комплекса — выдающаяся автономность, позволяющая за один вылет преодолевать до 1000 км.;catalog_export_v4.csv;CSV;row 222 / описание;ORGANIZER_CSV;HIGH;Raw organizer description preserved without rewriting.
applicability;app-v4-row-0222;industries;Лесное хозяйство;catalog_export_v4.csv;CSV;row 222 / Отрасль;ORGANIZER_CSV;HIGH;Raw organizer applicability value.
applicability;app-v4-row-0222;use_cases;Мониторинг;catalog_export_v4.csv;CSV;row 222 / Сценарий;ORGANIZER_CSV;HIGH;Raw organizer applicability value.
applicability;app-v4-row-0222;regions;Санкт-Петербург;catalog_export_v4.csv;CSV;row 222 / Регион;ORGANIZER_CSV;HIGH;Raw organizer applicability value.
applicability;app-v4-row-0222;case_evidence;Комплексы используют для контроля лесонасаждений, пресечения незаконных рубок и мониторинга лесопатологического состояния;catalog_export_v4.csv;CSV;row 222 / Кейсы;ORGANIZER_CSV;HIGH;Raw organizer case text.
price_offer;price-v4-row-0222;raw_price;17 025 000,00;catalog_export_v4.csv;CSV;row 222 / Цена изделия;ORGANIZER_CSV;HIGH;Raw price preserved exactly.
price_offer;price-v4-row-0222;normalized_amount;17025000.00;catalog_export_v4.csv;CSV;row 222 / Цена изделия;NORMALIZED_FROM_ORGANIZER;HIGH;"Decimal comma/space normalization only; currency not inferred."
price_offer;price-v4-row-0222;vat_status;ORGANIZER_ASSUMPTION_INCLUDED;Дополнения для участников.pdf;page 4;prices assumed VAT-inclusive;ORGANIZER_ASSUMPTION;MEDIUM;Assumption from addendum, not confirmed per-offer fact.
price_offer;price-v4-row-0222;excluded_costs;delivery | commissioning/start-up | deep IT integration;Дополнения для участников.pdf;page 4;delivery, commissioning and deep integration excluded;ORGANIZER_ASSUMPTION;HIGH;Explicit addendum exclusion applied to each raw price offer.
product;34aa6c6a-e650-4327-ae15-9bad2024b007;name;miniSIGMA;catalog_export_v4.csv;CSV;row 223 / Название;ORGANIZER_CSV;HIGH;Raw organizer value preserved.
product;34aa6c6a-e650-4327-ae15-9bad2024b007;manufacturer;"ООО НПП ""Авакс -Геосервис""";catalog_export_v4.csv;CSV;row 223 / компания;ORGANIZER_CSV;HIGH;Raw organizer value preserved.
product;34aa6c6a-e650-4327-ae15-9bad2024b007;system_family;BAS;catalog_export_v4.csv;CSV;row 223 / тип;ORGANIZER_CSV;HIGH;Normalized only from organizer token `bas`.
product;34aa6c6a-e650-4327-ae15-9bad2024b007;maturity_status;OPERATION;catalog_export_v4.csv;CSV;row 223 / статус;ORGANIZER_CSV;HIGH;Normalized only from organizer token `operation`.
product;34aa6c6a-e650-4327-ae15-9bad2024b007;trl;9;catalog_export_v4.csv;CSV;row 223 / УГТ;ORGANIZER_CSV;HIGH;Organizer value normalized to integer when possible.
product;34aa6c6a-e650-4327-ae15-9bad2024b007;market_potential;4.0;catalog_export_v4.csv;CSV;row 223 / Рын Потенциал;ORGANIZER_CSV;HIGH;Organizer value normalized to numeric representation.
applicability;app-v4-row-0223;industries;Лесное хозяйство;catalog_export_v4.csv;CSV;row 223 / Отрасль;ORGANIZER_CSV;HIGH;Raw organizer applicability value.
applicability;app-v4-row-0223;use_cases;Мониторинг;catalog_export_v4.csv;CSV;row 223 / Сценарий;ORGANIZER_CSV;HIGH;Raw organizer applicability value.
applicability;app-v4-row-0223;regions;Красноярский край;catalog_export_v4.csv;CSV;row 223 / Регион;ORGANIZER_CSV;HIGH;Raw organizer applicability value.
applicability;app-v4-row-0223;case_evidence; В Красноярском крае для наблюдения за лесами закупили новые беспилотники. В конце 2024 года БАС прошли успешные испытания на аэродроме «Вознесенка», а с начала 2025 года заступили на регулярное дежурство. Была закуплена партия из пяти аппаратов miniSIGMA.;catalog_export_v4.csv;CSV;row 223 / Кейсы;ORGANIZER_CSV;HIGH;Raw organizer case text.
price_offer;price-v4-row-0223;raw_price;3 500 000,00;catalog_export_v4.csv;CSV;row 223 / Цена изделия;ORGANIZER_CSV;HIGH;Raw price preserved exactly.
price_offer;price-v4-row-0223;normalized_amount;3500000.00;catalog_export_v4.csv;CSV;row 223 / Цена изделия;NORMALIZED_FROM_ORGANIZER;HIGH;"Decimal comma/space normalization only; currency not inferred."
price_offer;price-v4-row-0223;vat_status;ORGANIZER_ASSUMPTION_INCLUDED;Дополнения для участников.pdf;page 4;prices assumed VAT-inclusive;ORGANIZER_ASSUMPTION;MEDIUM;Assumption from addendum, not confirmed per-offer fact.
price_offer;price-v4-row-0223;excluded_costs;delivery | commissioning/start-up | deep IT integration;Дополнения для участников.pdf;page 4;delivery, commissioning and deep integration excluded;ORGANIZER_ASSUMPTION;HIGH;Explicit addendum exclusion applied to each raw price offer.
product;afa183fe-b6d2-467c-9e2d-a0a2310d8f3d;name;SIGMA;catalog_export_v4.csv;CSV;row 224 / Название;ORGANIZER_CSV;HIGH;Raw organizer value preserved.
product;afa183fe-b6d2-467c-9e2d-a0a2310d8f3d;manufacturer;"ООО НПП ""Авакс -Геосервис""";catalog_export_v4.csv;CSV;row 224 / компания;ORGANIZER_CSV;HIGH;Raw organizer value preserved.
product;afa183fe-b6d2-467c-9e2d-a0a2310d8f3d;system_family;BAS;catalog_export_v4.csv;CSV;row 224 / тип;ORGANIZER_CSV;HIGH;Normalized only from organizer token `bas`.
product;afa183fe-b6d2-467c-9e2d-a0a2310d8f3d;maturity_status;OPERATION;catalog_export_v4.csv;CSV;row 224 / статус;ORGANIZER_CSV;HIGH;Normalized only from organizer token `operation`.
product;afa183fe-b6d2-467c-9e2d-a0a2310d8f3d;trl;9;catalog_export_v4.csv;CSV;row 224 / УГТ;ORGANIZER_CSV;HIGH;Organizer value normalized to integer when possible.
product;afa183fe-b6d2-467c-9e2d-a0a2310d8f3d;market_potential;4.0;catalog_export_v4.csv;CSV;row 224 / Рын Потенциал;ORGANIZER_CSV;HIGH;Organizer value normalized to numeric representation.
applicability;app-v4-row-0224;industries;Лесное хозяйство;catalog_export_v4.csv;CSV;row 224 / Отрасль;ORGANIZER_CSV;HIGH;Raw organizer applicability value.
applicability;app-v4-row-0224;use_cases;Мониторинг;catalog_export_v4.csv;CSV;row 224 / Сценарий;ORGANIZER_CSV;HIGH;Raw organizer applicability value.
applicability;app-v4-row-0224;regions;Красноярский край;catalog_export_v4.csv;CSV;row 224 / Регион;ORGANIZER_CSV;HIGH;Raw organizer applicability value.
applicability;app-v4-row-0224;case_evidence;БАС Sgma регалярно применяется для миониторинга проверки законности работы лесосек, выявления «черных лесорубов» и аудита арендаторов леса на гигантских площадях в Красноярском крае;catalog_export_v4.csv;CSV;row 224 / Кейсы;ORGANIZER_CSV;HIGH;Raw organizer case text.
price_offer;price-v4-row-0224;raw_price;4 500 000,00;catalog_export_v4.csv;CSV;row 224 / Цена изделия;ORGANIZER_CSV;HIGH;Raw price preserved exactly.
price_offer;price-v4-row-0224;normalized_amount;4500000.00;catalog_export_v4.csv;CSV;row 224 / Цена изделия;NORMALIZED_FROM_ORGANIZER;HIGH;"Decimal comma/space normalization only; currency not inferred."
price_offer;price-v4-row-0224;vat_status;ORGANIZER_ASSUMPTION_INCLUDED;Дополнения для участников.pdf;page 4;prices assumed VAT-inclusive;ORGANIZER_ASSUMPTION;MEDIUM;Assumption from addendum, not confirmed per-offer fact.
price_offer;price-v4-row-0224;excluded_costs;delivery | commissioning/start-up | deep IT integration;Дополнения для участников.pdf;page 4;delivery, commissioning and deep integration excluded;ORGANIZER_ASSUMPTION;HIGH;Explicit addendum exclusion applied to each raw price offer.
product;5760e938-9a43-45a7-b8e8-f4f2e6383930;specs.payload;"{""raw"":""до 1500 кг."",""status"":""CROSS_DOCUMENT_ENRICHED"",""values"":[1500.0],""unit"":""kg""}";Примеры_решений_типы_объектов.docx;page 1;Грузоподъёмность: до 1500 кг.;CROSS_DOCUMENT_CORROBORATING;HIGH;"DOCX example model matched exactly to catalog product: Ronavi H1500. Same normalized value is independently present in catalog CSV; canonical field status is CORROBORATED, not CONFLICT."
product;5760e938-9a43-45a7-b8e8-f4f2e6383930;specs.mass;"{""raw"":""250 кг."",""status"":""CROSS_DOCUMENT_ENRICHED"",""values"":[250.0],""unit"":""kg""}";Примеры_решений_типы_объектов.docx;page 1;Масса робота: 250 кг.;CROSS_DOCUMENT_ENRICHED;HIGH;DOCX example model matched exactly to catalog product: Ronavi H1500.
product;5760e938-9a43-45a7-b8e8-f4f2e6383930;specs.dimensions;"{""raw"":""1044 × 654 × 380 мм."",""status"":""CROSS_DOCUMENT_ENRICHED"",""values"":[1044.0,654.0,380.0],""unit"":""mm""}";Примеры_решений_типы_объектов.docx;page 1;Габариты (ДхШхВ): 1044 × 654 × 380 мм.;CROSS_DOCUMENT_ENRICHED;HIGH;DOCX example model matched exactly to catalog product: Ronavi H1500.
product;5760e938-9a43-45a7-b8e8-f4f2e6383930;specs.max_speed;"{""raw"":""до 1,5 м/с."",""status"":""CROSS_DOCUMENT_ENRICHED"",""values"":[1.5],""unit"":""m/s""}";Примеры_решений_типы_объектов.docx;page 1;Максимальная скорость: до 1,5 м/с.;CROSS_DOCUMENT_ENRICHED;HIGH;DOCX example model matched exactly to catalog product: Ronavi H1500.
product;5760e938-9a43-45a7-b8e8-f4f2e6383930;specs.navigation;"{""raw"":""QR-метки и SLAM (карта помещения)."",""status"":""CROSS_DOCUMENT_ENRICHED""}";Примеры_решений_типы_объектов.docx;page 1;Тип навигации: QR-метки и SLAM (карта помещения).;CROSS_DOCUMENT_ENRICHED;HIGH;DOCX example model matched exactly to catalog product: Ronavi H1500.
product;5760e938-9a43-45a7-b8e8-f4f2e6383930;specs.charging_time;"{""raw"":""около 18 минут на станции."",""status"":""CROSS_DOCUMENT_ENRICHED"",""values"":[18.0],""unit"":""min""}";Примеры_решений_типы_объектов.docx;page 1;Время зарядки: около 18 минут на станции.;CROSS_DOCUMENT_ENRICHED;HIGH;DOCX example model matched exactly to catalog product: Ronavi H1500.
product;5760e938-9a43-45a7-b8e8-f4f2e6383930;specs.autonomy;"{""raw"":""до 6 часов."",""status"":""CROSS_DOCUMENT_ENRICHED"",""values"":[6.0],""unit"":""h""}";Примеры_решений_типы_объектов.docx;page 1;Время работы: до 6 часов.;CROSS_DOCUMENT_ENRICHED;HIGH;DOCX example model matched exactly to catalog product: Ronavi H1500.
product;5760e938-9a43-45a7-b8e8-f4f2e6383930;specs.throughput;"{""raw"":""до 80–100 паллет/час (при типовой конфигурации зоны)."",""status"":""CROSS_DOCUMENT_ENRICHED"",""values"":[80.0,100.0],""unit"":""pallet/h""}";Примеры_решений_типы_объектов.docx;page 1;Производительность: до 80–100 паллет/час (при типовой конфигурации зоны).;CROSS_DOCUMENT_ENRICHED;HIGH;DOCX example model matched exactly to catalog product: Ronavi H1500.
product;5760e938-9a43-45a7-b8e8-f4f2e6383930;specs.positioning_accuracy;"{""raw"":""около ±3 мм."",""status"":""CROSS_DOCUMENT_ENRICHED"",""values"":[3.0],""unit"":""mm""}";Примеры_решений_типы_объектов.docx;page 1;Точность позиционирования: около ±3 мм.;CROSS_DOCUMENT_ENRICHED;HIGH;DOCX example model matched exactly to catalog product: Ronavi H1500.
product;5760e938-9a43-45a7-b8e8-f4f2e6383930;specs.operating_conditions;"{""raw"":""работа при температуре примерно +5…+25 °C, ровный промышленный пол."",""status"":""CROSS_DOCUMENT_ENRICHED"",""values"":[5.0,25.0],""unit"":""degC""}";Примеры_решений_типы_объектов.docx;page 1;Допустимые условия эксплуатации: работа при температуре примерно +5…+25 °C, ровный промышленный пол.;CROSS_DOCUMENT_ENRICHED;HIGH;DOCX example model matched exactly to catalog product: Ronavi H1500.
product;5760e938-9a43-45a7-b8e8-f4f2e6383930;specs.payload;"{""raw"":""до 1500 кг."",""status"":""CROSS_DOCUMENT_ENRICHED"",""values"":[1500.0],""unit"":""kg""}";Примеры_решений_типы_объектов.docx;page 2;Грузоподъёмность: до 1500 кг.;CROSS_DOCUMENT_CORROBORATING;HIGH;"DOCX example model matched exactly to catalog product: Ronavi H1500. Same normalized value is independently present in catalog CSV; canonical field status is CORROBORATED, not CONFLICT."
product;5760e938-9a43-45a7-b8e8-f4f2e6383930;specs.mass;"{""raw"":""250 кг."",""status"":""CROSS_DOCUMENT_ENRICHED"",""values"":[250.0],""unit"":""kg""}";Примеры_решений_типы_объектов.docx;page 2;Масса робота: 250 кг.;CROSS_DOCUMENT_ENRICHED;HIGH;DOCX example model matched exactly to catalog product: Ronavi H1500.
product;5760e938-9a43-45a7-b8e8-f4f2e6383930;specs.dimensions;"{""raw"":""1044 × 654 × 380 мм."",""status"":""CROSS_DOCUMENT_ENRICHED"",""values"":[1044.0,654.0,380.0],""unit"":""mm""}";Примеры_решений_типы_объектов.docx;page 2;Габариты (ДхШхВ): 1044 × 654 × 380 мм.;CROSS_DOCUMENT_ENRICHED;HIGH;DOCX example model matched exactly to catalog product: Ronavi H1500.
product;5760e938-9a43-45a7-b8e8-f4f2e6383930;specs.max_speed;"{""raw"":""до 1,5 м/с."",""status"":""CROSS_DOCUMENT_ENRICHED"",""values"":[1.5],""unit"":""m/s""}";Примеры_решений_типы_объектов.docx;page 2;Максимальная скорость: до 1,5 м/с.;CROSS_DOCUMENT_ENRICHED;HIGH;DOCX example model matched exactly to catalog product: Ronavi H1500.
product;5760e938-9a43-45a7-b8e8-f4f2e6383930;specs.navigation;"{""raw"":""QR-метки и SLAM (карта помещения)."",""status"":""CROSS_DOCUMENT_ENRICHED""}";Примеры_решений_типы_объектов.docx;page 2;Тип навигации: QR-метки и SLAM (карта помещения).;CROSS_DOCUMENT_ENRICHED;HIGH;DOCX example model matched exactly to catalog product: Ronavi H1500.
product;5760e938-9a43-45a7-b8e8-f4f2e6383930;specs.charging_time;"{""raw"":""около 18 минут на станции."",""status"":""CROSS_DOCUMENT_ENRICHED"",""values"":[18.0],""unit"":""min""}";Примеры_решений_типы_объектов.docx;page 2;Время зарядки: около 18 минут на станции.;CROSS_DOCUMENT_ENRICHED;HIGH;DOCX example model matched exactly to catalog product: Ronavi H1500.
product;5760e938-9a43-45a7-b8e8-f4f2e6383930;specs.autonomy;"{""raw"":""до 6 часов."",""status"":""CROSS_DOCUMENT_ENRICHED"",""values"":[6.0],""unit"":""h""}";Примеры_решений_типы_объектов.docx;page 2;Время работы: до 6 часов.;CROSS_DOCUMENT_ENRICHED;HIGH;DOCX example model matched exactly to catalog product: Ronavi H1500.
product;5760e938-9a43-45a7-b8e8-f4f2e6383930;specs.throughput;"{""raw"":""до 80–100 паллет/час (при типовой конфигурации зоны)."",""status"":""CROSS_DOCUMENT_ENRICHED"",""values"":[80.0,100.0],""unit"":""pallet/h""}";Примеры_решений_типы_объектов.docx;page 2;Производительность: до 80–100 паллет/час (при типовой конфигурации зоны).;CROSS_DOCUMENT_ENRICHED;HIGH;DOCX example model matched exactly to catalog product: Ronavi H1500.
product;5760e938-9a43-45a7-b8e8-f4f2e6383930;specs.positioning_accuracy;"{""raw"":""около ±3 мм."",""status"":""CROSS_DOCUMENT_ENRICHED"",""values"":[3.0],""unit"":""mm""}";Примеры_решений_типы_объектов.docx;page 2;Точность позиционирования: около ±3 мм.;CROSS_DOCUMENT_ENRICHED;HIGH;DOCX example model matched exactly to catalog product: Ronavi H1500.
product;5760e938-9a43-45a7-b8e8-f4f2e6383930;specs.operating_conditions;"{""raw"":""работа при температуре примерно +5…+25 °C, ровный промышленный пол."",""status"":""CROSS_DOCUMENT_ENRICHED"",""values"":[5.0,25.0],""unit"":""degC""}";Примеры_решений_типы_объектов.docx;page 2;Допустимые условия эксплуатации: работа при температуре примерно +5…+25 °C, ровный промышленный пол.;CROSS_DOCUMENT_ENRICHED;HIGH;DOCX example model matched exactly to catalog product: Ronavi H1500.
product;66d8e7ad-cdcd-4287-afb0-e2afa9ef5217;specs.payload;"{""raw"":""до 10 кг."",""status"":""CROSS_DOCUMENT_ENRICHED"",""values"":[10.0],""unit"":""kg""}";Примеры_решений_типы_объектов.docx;page 3;Грузоподъёмность: до 10 кг.;CROSS_DOCUMENT_CORROBORATING;HIGH;"DOCX example model matched exactly to catalog product: Ronavi SD. Same normalized value is independently present in catalog CSV; canonical field status is CORROBORATED, not CONFLICT."
product;66d8e7ad-cdcd-4287-afb0-e2afa9ef5217;specs.mass;"{""raw"":""20 кг."",""status"":""CROSS_DOCUMENT_ENRICHED"",""values"":[20.0],""unit"":""kg""}";Примеры_решений_типы_объектов.docx;page 3;Масса робота: 20 кг.;CROSS_DOCUMENT_ENRICHED;HIGH;DOCX example model matched exactly to catalog product: Ronavi SD.
product;66d8e7ad-cdcd-4287-afb0-e2afa9ef5217;specs.dimensions;"{""raw"":""420x400x200 мм."",""status"":""CROSS_DOCUMENT_ENRICHED"",""values"":[420.0,400.0,200.0],""unit"":""mm""}";Примеры_решений_типы_объектов.docx;page 3;Габариты (ДхШхВ): 420x400x200 мм.;CROSS_DOCUMENT_ENRICHED;HIGH;DOCX example model matched exactly to catalog product: Ronavi SD.
product;66d8e7ad-cdcd-4287-afb0-e2afa9ef5217;specs.max_speed;"{""raw"":""до 2,5 м/с."",""status"":""CROSS_DOCUMENT_ENRICHED"",""values"":[2.5],""unit"":""m/s""}";Примеры_решений_типы_объектов.docx;page 3;Максимальная скорость: до 2,5 м/с.;CROSS_DOCUMENT_ENRICHED;HIGH;DOCX example model matched exactly to catalog product: Ronavi SD.
product;66d8e7ad-cdcd-4287-afb0-e2afa9ef5217;specs.navigation;"{""raw"":""QR-метки."",""status"":""CROSS_DOCUMENT_ENRICHED""}";Примеры_решений_типы_объектов.docx;page 3;Тип навигации: QR-метки.;CROSS_DOCUMENT_ENRICHED;HIGH;DOCX example model matched exactly to catalog product: Ronavi SD.
product;66d8e7ad-cdcd-4287-afb0-e2afa9ef5217;specs.autonomy;"{""raw"":""до 10 часов."",""status"":""CROSS_DOCUMENT_ENRICHED"",""values"":[10.0],""unit"":""h""}";Примеры_решений_типы_объектов.docx;page 3;Время работы: до 10 часов.;CROSS_DOCUMENT_ENRICHED;HIGH;DOCX example model matched exactly to catalog product: Ronavi SD.
product;66d8e7ad-cdcd-4287-afb0-e2afa9ef5217;specs.min_aisle_width;"{""raw"":""около 700 мм."",""status"":""CROSS_DOCUMENT_ENRICHED"",""values"":[700.0],""unit"":""mm""}";Примеры_решений_типы_объектов.docx;page 3;Минимальная ширина проезда: около 700 мм.;CROSS_DOCUMENT_ENRICHED;HIGH;DOCX example model matched exactly to catalog product: Ronavi SD.
product;66d8e7ad-cdcd-4287-afb0-e2afa9ef5217;specs.positioning_accuracy;"{""raw"":""порядка ±3 мм."",""status"":""CROSS_DOCUMENT_ENRICHED"",""values"":[3.0],""unit"":""mm""}";Примеры_решений_типы_объектов.docx;page 3;Точность позиционирования: порядка ±3 мм.;CROSS_DOCUMENT_ENRICHED;HIGH;DOCX example model matched exactly to catalog product: Ronavi SD.
product;f7634ef8-0034-4c5b-b2f0-e44a14f05a76;specs.payload;"{""raw"":""1500 кг"",""status"":""CROSS_DOCUMENT_ENRICHED"",""values"":[1500.0],""unit"":""kg""}";Примеры_решений_типы_объектов.docx;page 1;Грузоподъемность: 1500 кг;CROSS_DOCUMENT_ENRICHED;HIGH;DOCX example model matched exactly to catalog product: DMR Carrier P.
product;f7634ef8-0034-4c5b-b2f0-e44a14f05a76;specs.fork_lift_height;"{""raw"":""до 1600 мм"",""status"":""CROSS_DOCUMENT_ENRICHED"",""values"":[1600.0],""unit"":""mm""}";Примеры_решений_типы_объектов.docx;page 1;Высота подъема вил (для EUR-паллет): до 1600 мм;CROSS_DOCUMENT_ENRICHED;HIGH;DOCX example model matched exactly to catalog product: DMR Carrier P.
product;f7634ef8-0034-4c5b-b2f0-e44a14f05a76;specs.max_speed;"{""raw"":""1,5 м/с"",""status"":""CROSS_DOCUMENT_ENRICHED"",""values"":[1.5],""unit"":""m/s""}";Примеры_решений_типы_объектов.docx;page 1;Максимальная скорость движения: 1,5 м/с;CROSS_DOCUMENT_ENRICHED;HIGH;DOCX example model matched exactly to catalog product: DMR Carrier P.
product;f7634ef8-0034-4c5b-b2f0-e44a14f05a76;specs.autonomy;"{""raw"":""до 10 часов"",""status"":""CROSS_DOCUMENT_ENRICHED"",""values"":[10.0],""unit"":""h""}";Примеры_решений_типы_объектов.docx;page 1;Время автономной работы: до 10 часов;CROSS_DOCUMENT_ENRICHED;HIGH;DOCX example model matched exactly to catalog product: DMR Carrier P.
product;f7634ef8-0034-4c5b-b2f0-e44a14f05a76;specs.navigation;"{""raw"":""SLAM на базе лидаров (без магнитных лент и QR-меток)"",""status"":""CROSS_DOCUMENT_ENRICHED""}";Примеры_решений_типы_объектов.docx;page 1;Тип навигации: SLAM на базе лидаров (без магнитных лент и QR-меток);CROSS_DOCUMENT_ENRICHED;HIGH;DOCX example model matched exactly to catalog product: DMR Carrier P.
product;f7634ef8-0034-4c5b-b2f0-e44a14f05a76;specs.mass;"{""raw"":""около 2000–2500 кг."",""status"":""CROSS_DOCUMENT_ENRICHED"",""values"":[2000.0,2500.0],""unit"":""kg""}";Примеры_решений_типы_объектов.docx;page 1;Масса робота: около 2000–2500 кг.;CROSS_DOCUMENT_ENRICHED;HIGH;DOCX example model matched exactly to catalog product: DMR Carrier P.
product;f7634ef8-0034-4c5b-b2f0-e44a14f05a76;specs.dimensions;"{""raw"":""примерно 2050 × 1975 × 1000 мм."",""status"":""CROSS_DOCUMENT_ENRICHED"",""values"":[2050.0,1975.0,1000.0],""unit"":""mm""}";Примеры_решений_типы_объектов.docx;page 1;Габариты (В×Ш×Г): примерно 2050 × 1975 × 1000 мм.;CROSS_DOCUMENT_ENRICHED;HIGH;DOCX example model matched exactly to catalog product: DMR Carrier P.
product;f7634ef8-0034-4c5b-b2f0-e44a14f05a76;specs.throughput;"{""raw"":""до 40–60 паллет/час (типичный проект)."",""status"":""CROSS_DOCUMENT_ENRICHED"",""values"":[40.0,60.0],""unit"":""pallet/h""}";Примеры_решений_типы_объектов.docx;page 1;Производительность: до 40–60 паллет/час (типичный проект).;CROSS_DOCUMENT_ENRICHED;HIGH;DOCX example model matched exactly to catalog product: DMR Carrier P.
product;f7634ef8-0034-4c5b-b2f0-e44a14f05a76;specs.operating_conditions;"{""raw"":""стандартный склад и производственный цех с ровным бетонным покрытием."",""status"":""CROSS_DOCUMENT_ENRICHED""}";Примеры_решений_типы_объектов.docx;page 1;Допустимые условия эксплуатации: стандартный склад и производственный цех с ровным бетонным покрытием.;CROSS_DOCUMENT_ENRICHED;HIGH;DOCX example model matched exactly to catalog product: DMR Carrier P.
product;f7634ef8-0034-4c5b-b2f0-e44a14f05a76;specs.payload;"{""raw"":""1500 кг"",""status"":""CROSS_DOCUMENT_ENRICHED"",""values"":[1500.0],""unit"":""kg""}";Примеры_решений_типы_объектов.docx;page 2;Грузоподъемность: 1500 кг;CROSS_DOCUMENT_ENRICHED;HIGH;DOCX example model matched exactly to catalog product: DMR Carrier P.
product;f7634ef8-0034-4c5b-b2f0-e44a14f05a76;specs.fork_lift_height;"{""raw"":""до 1600 мм"",""status"":""CROSS_DOCUMENT_ENRICHED"",""values"":[1600.0],""unit"":""mm""}";Примеры_решений_типы_объектов.docx;page 2;Высота подъема вил (для EUR-паллет): до 1600 мм;CROSS_DOCUMENT_ENRICHED;HIGH;DOCX example model matched exactly to catalog product: DMR Carrier P.
product;f7634ef8-0034-4c5b-b2f0-e44a14f05a76;specs.max_speed;"{""raw"":""1,5 м/с"",""status"":""CROSS_DOCUMENT_ENRICHED"",""values"":[1.5],""unit"":""m/s""}";Примеры_решений_типы_объектов.docx;page 2;Максимальная скорость движения: 1,5 м/с;CROSS_DOCUMENT_ENRICHED;HIGH;DOCX example model matched exactly to catalog product: DMR Carrier P.
product;f7634ef8-0034-4c5b-b2f0-e44a14f05a76;specs.autonomy;"{""raw"":""до 10 часов"",""status"":""CROSS_DOCUMENT_ENRICHED"",""values"":[10.0],""unit"":""h""}";Примеры_решений_типы_объектов.docx;page 2;Время автономной работы: до 10 часов;CROSS_DOCUMENT_ENRICHED;HIGH;DOCX example model matched exactly to catalog product: DMR Carrier P.
product;f7634ef8-0034-4c5b-b2f0-e44a14f05a76;specs.navigation;"{""raw"":""SLAM на базе лидаров (без магнитных лент и QR-меток)"",""status"":""CROSS_DOCUMENT_ENRICHED""}";Примеры_решений_типы_объектов.docx;page 2;Тип навигации: SLAM на базе лидаров (без магнитных лент и QR-меток);CROSS_DOCUMENT_ENRICHED;HIGH;DOCX example model matched exactly to catalog product: DMR Carrier P.
product;f7634ef8-0034-4c5b-b2f0-e44a14f05a76;specs.mass;"{""raw"":""около 2000–2500 кг."",""status"":""CROSS_DOCUMENT_ENRICHED"",""values"":[2000.0,2500.0],""unit"":""kg""}";Примеры_решений_типы_объектов.docx;page 2;Масса робота: около 2000–2500 кг.;CROSS_DOCUMENT_ENRICHED;HIGH;DOCX example model matched exactly to catalog product: DMR Carrier P.
product;f7634ef8-0034-4c5b-b2f0-e44a14f05a76;specs.dimensions;"{""raw"":""примерно 2050 × 1975 × 1000 мм."",""status"":""CROSS_DOCUMENT_ENRICHED"",""values"":[2050.0,1975.0,1000.0],""unit"":""mm""}";Примеры_решений_типы_объектов.docx;page 2;Габариты (В×Ш×Г): примерно 2050 × 1975 × 1000 мм.;CROSS_DOCUMENT_ENRICHED;HIGH;DOCX example model matched exactly to catalog product: DMR Carrier P.
product;f7634ef8-0034-4c5b-b2f0-e44a14f05a76;specs.throughput;"{""raw"":""до 40–60 паллет/час (типичный проект)."",""status"":""CROSS_DOCUMENT_ENRICHED"",""values"":[40.0,60.0],""unit"":""pallet/h""}";Примеры_решений_типы_объектов.docx;page 2;Производительность: до 40–60 паллет/час (типичный проект).;CROSS_DOCUMENT_ENRICHED;HIGH;DOCX example model matched exactly to catalog product: DMR Carrier P.
product;f7634ef8-0034-4c5b-b2f0-e44a14f05a76;specs.operating_conditions;"{""raw"":""стандартный склад и производственный цех с ровным бетонным покрытием."",""status"":""CROSS_DOCUMENT_ENRICHED""}";Примеры_решений_типы_объектов.docx;page 2;Допустимые условия эксплуатации: стандартный склад и производственный цех с ровным бетонным покрытием.;CROSS_DOCUMENT_ENRICHED;HIGH;DOCX example model matched exactly to catalog product: DMR Carrier P.
product;446c5207-a099-45e0-b615-afd60de08589;specs.cleaning_tank;"{""raw"":""40 литров."",""status"":""CROSS_DOCUMENT_ENRICHED"",""values"":[40.0],""unit"":""l""}";Примеры_решений_типы_объектов.docx;page 1;Бак для моющего раствора: 40 литров.;CROSS_DOCUMENT_ENRICHED;HIGH;DOCX example model matched exactly to catalog product: MARK 2 SE.
product;446c5207-a099-45e0-b615-afd60de08589;specs.cleaning_width;"{""raw"":""от 43 до 60 см."",""status"":""CROSS_DOCUMENT_ENRICHED"",""values"":[43.0,60.0],""unit"":""cm""}";Примеры_решений_типы_объектов.docx;page 1;Ширина захвата (уборки): от 43 до 60 см.;CROSS_DOCUMENT_ENRICHED;HIGH;DOCX example model matched exactly to catalog product: MARK 2 SE.
product;446c5207-a099-45e0-b615-afd60de08589;specs.autonomy;"{""raw"":""до 3 часов на одном заряде (в некоторых режимах до 4 часов со станцией)."",""status"":""CROSS_DOCUMENT_ENRICHED"",""values"":[3.0,4.0],""unit"":""h""}";Примеры_решений_типы_объектов.docx;page 1;Время работы: до 3 часов на одном заряде (в некоторых режимах до 4 часов со станцией).;CROSS_DOCUMENT_ENRICHED;HIGH;DOCX example model matched exactly to catalog product: MARK 2 SE.
product;446c5207-a099-45e0-b615-afd60de08589;specs.charging_time;"{""raw"":""около 2 часов."",""status"":""CROSS_DOCUMENT_ENRICHED"",""values"":[2.0],""unit"":""h""}";Примеры_решений_типы_объектов.docx;page 1;Время зарядки: около 2 часов.;CROSS_DOCUMENT_ENRICHED;HIGH;DOCX example model matched exactly to catalog product: MARK 2 SE.
product;446c5207-a099-45e0-b615-afd60de08589;specs.throughput;"{""raw"":""до 1000 м2/ч."",""status"":""CROSS_DOCUMENT_ENRICHED"",""values"":[1000.0],""unit"":""m2/h""}";Примеры_решений_типы_объектов.docx;page 1;Эффективность уборки: до 1000 м2/ч.;CROSS_DOCUMENT_ENRICHED;HIGH;DOCX example model matched exactly to catalog product: MARK 2 SE.
product;446c5207-a099-45e0-b615-afd60de08589;specs.dimensions;"{""raw"":""около 860 × 610 × 980 мм."",""status"":""CROSS_DOCUMENT_ENRICHED"",""values"":[860.0,610.0,980.0],""unit"":""mm""}";Примеры_решений_типы_объектов.docx;page 1;Габариты (Д×Ш×В): около 860 × 610 × 980 мм.;CROSS_DOCUMENT_ENRICHED;HIGH;DOCX example model matched exactly to catalog product: MARK 2 SE.
product;446c5207-a099-45e0-b615-afd60de08589;specs.mass;"{""raw"":""порядка 130–200 кг."",""status"":""CROSS_DOCUMENT_ENRICHED"",""values"":[130.0,200.0],""unit"":""kg""}";Примеры_решений_типы_объектов.docx;page 1;Масса робота: порядка 130–200 кг.;CROSS_DOCUMENT_ENRICHED;HIGH;DOCX example model matched exactly to catalog product: MARK 2 SE.
product;446c5207-a099-45e0-b615-afd60de08589;specs.max_speed;"{""raw"":""до 3–4 км/ч."",""status"":""CROSS_DOCUMENT_ENRICHED"",""values"":[3.0,4.0],""unit"":""km/h""}";Примеры_решений_типы_объектов.docx;page 1;Скорость движения: до 3–4 км/ч.;CROSS_DOCUMENT_ENRICHED;HIGH;DOCX example model matched exactly to catalog product: MARK 2 SE.
product;446c5207-a099-45e0-b615-afd60de08589;specs.navigation;"{""raw"":""лидар + камеры (автоматическое построение маршрутов и карты помещения)."",""status"":""CROSS_DOCUMENT_ENRICHED""}";Примеры_решений_типы_объектов.docx;page 1;Тип навигации: лидар + камеры (автоматическое построение маршрутов и карты помещения).;CROSS_DOCUMENT_ENRICHED;HIGH;DOCX example model matched exactly to catalog product: MARK 2 SE.
product;446c5207-a099-45e0-b615-afd60de08589;specs.cleaning_tank;"{""raw"":""40 литров."",""status"":""CROSS_DOCUMENT_ENRICHED"",""values"":[40.0],""unit"":""l""}";Примеры_решений_типы_объектов.docx;page 2;Бак для моющего раствора: 40 литров.;CROSS_DOCUMENT_ENRICHED;HIGH;DOCX example model matched exactly to catalog product: MARK 2 SE.
product;446c5207-a099-45e0-b615-afd60de08589;specs.cleaning_width;"{""raw"":""от 43 до 60 см."",""status"":""CROSS_DOCUMENT_ENRICHED"",""values"":[43.0,60.0],""unit"":""cm""}";Примеры_решений_типы_объектов.docx;page 2;Ширина захвата (уборки): от 43 до 60 см.;CROSS_DOCUMENT_ENRICHED;HIGH;DOCX example model matched exactly to catalog product: MARK 2 SE.
product;446c5207-a099-45e0-b615-afd60de08589;specs.autonomy;"{""raw"":""до 3 часов на одном заряде (в некоторых режимах до 4 часов со станцией)."",""status"":""CROSS_DOCUMENT_ENRICHED"",""values"":[3.0,4.0],""unit"":""h""}";Примеры_решений_типы_объектов.docx;page 2;Время работы: до 3 часов на одном заряде (в некоторых режимах до 4 часов со станцией).;CROSS_DOCUMENT_ENRICHED;HIGH;DOCX example model matched exactly to catalog product: MARK 2 SE.
product;446c5207-a099-45e0-b615-afd60de08589;specs.charging_time;"{""raw"":""около 2 часов."",""status"":""CROSS_DOCUMENT_ENRICHED"",""values"":[2.0],""unit"":""h""}";Примеры_решений_типы_объектов.docx;page 2;Время зарядки: около 2 часов.;CROSS_DOCUMENT_ENRICHED;HIGH;DOCX example model matched exactly to catalog product: MARK 2 SE.
product;446c5207-a099-45e0-b615-afd60de08589;specs.throughput;"{""raw"":""до 1000 м2/ч."",""status"":""CROSS_DOCUMENT_ENRICHED"",""values"":[1000.0],""unit"":""m2/h""}";Примеры_решений_типы_объектов.docx;page 2;Эффективность уборки: до 1000 м2/ч.;CROSS_DOCUMENT_ENRICHED;HIGH;DOCX example model matched exactly to catalog product: MARK 2 SE.
product;446c5207-a099-45e0-b615-afd60de08589;specs.dimensions;"{""raw"":""около 860 × 610 × 980 мм."",""status"":""CROSS_DOCUMENT_ENRICHED"",""values"":[860.0,610.0,980.0],""unit"":""mm""}";Примеры_решений_типы_объектов.docx;page 2;Габариты (Д×Ш×В): около 860 × 610 × 980 мм.;CROSS_DOCUMENT_ENRICHED;HIGH;DOCX example model matched exactly to catalog product: MARK 2 SE.
product;446c5207-a099-45e0-b615-afd60de08589;specs.mass;"{""raw"":""порядка 130–200 кг."",""status"":""CROSS_DOCUMENT_ENRICHED"",""values"":[130.0,200.0],""unit"":""kg""}";Примеры_решений_типы_объектов.docx;page 2;Масса робота: порядка 130–200 кг.;CROSS_DOCUMENT_ENRICHED;HIGH;DOCX example model matched exactly to catalog product: MARK 2 SE.
product;446c5207-a099-45e0-b615-afd60de08589;specs.max_speed;"{""raw"":""до 3–4 км/ч."",""status"":""CROSS_DOCUMENT_ENRICHED"",""values"":[3.0,4.0],""unit"":""km/h""}";Примеры_решений_типы_объектов.docx;page 2;Скорость движения: до 3–4 км/ч.;CROSS_DOCUMENT_ENRICHED;HIGH;DOCX example model matched exactly to catalog product: MARK 2 SE.
product;446c5207-a099-45e0-b615-afd60de08589;specs.navigation;"{""raw"":""лидар + камеры (автоматическое построение маршрутов и карты помещения)."",""status"":""CROSS_DOCUMENT_ENRICHED""}";Примеры_решений_типы_объектов.docx;page 2;Тип навигации: лидар + камеры (автоматическое построение маршрутов и карты помещения).;CROSS_DOCUMENT_ENRICHED;HIGH;DOCX example model matched exactly to catalog product: MARK 2 SE.
product;446c5207-a099-45e0-b615-afd60de08589;specs.cleaning_tank;"{""raw"":""40 литров."",""status"":""CROSS_DOCUMENT_ENRICHED"",""values"":[40.0],""unit"":""l""}";Примеры_решений_типы_объектов.docx;page 3;Бак для моющего раствора: 40 литров.;CROSS_DOCUMENT_ENRICHED;HIGH;DOCX example model matched exactly to catalog product: MARK 2 SE.
product;446c5207-a099-45e0-b615-afd60de08589;specs.cleaning_width;"{""raw"":""от 43 до 60 см."",""status"":""CROSS_DOCUMENT_ENRICHED"",""values"":[43.0,60.0],""unit"":""cm""}";Примеры_решений_типы_объектов.docx;page 3;Ширина захвата (уборки): от 43 до 60 см.;CROSS_DOCUMENT_ENRICHED;HIGH;DOCX example model matched exactly to catalog product: MARK 2 SE.
product;446c5207-a099-45e0-b615-afd60de08589;specs.autonomy;"{""raw"":""до 3 часов на одном заряде (в некоторых режимах до 4 часов со станцией)."",""status"":""CROSS_DOCUMENT_ENRICHED"",""values"":[3.0,4.0],""unit"":""h""}";Примеры_решений_типы_объектов.docx;page 3;Время работы: до 3 часов на одном заряде (в некоторых режимах до 4 часов со станцией).;CROSS_DOCUMENT_ENRICHED;HIGH;DOCX example model matched exactly to catalog product: MARK 2 SE.
product;446c5207-a099-45e0-b615-afd60de08589;specs.charging_time;"{""raw"":""около 2 часов."",""status"":""CROSS_DOCUMENT_ENRICHED"",""values"":[2.0],""unit"":""h""}";Примеры_решений_типы_объектов.docx;page 3;Время зарядки: около 2 часов.;CROSS_DOCUMENT_ENRICHED;HIGH;DOCX example model matched exactly to catalog product: MARK 2 SE.
product;446c5207-a099-45e0-b615-afd60de08589;specs.throughput;"{""raw"":""до 1000 м2/ч."",""status"":""CROSS_DOCUMENT_ENRICHED"",""values"":[1000.0],""unit"":""m2/h""}";Примеры_решений_типы_объектов.docx;page 3;Эффективность уборки: до 1000 м2/ч.;CROSS_DOCUMENT_ENRICHED;HIGH;DOCX example model matched exactly to catalog product: MARK 2 SE.
product;446c5207-a099-45e0-b615-afd60de08589;specs.dimensions;"{""raw"":""около 860 × 610 × 980 мм."",""status"":""CROSS_DOCUMENT_ENRICHED"",""values"":[860.0,610.0,980.0],""unit"":""mm""}";Примеры_решений_типы_объектов.docx;page 3;Габариты (Д×Ш×В): около 860 × 610 × 980 мм.;CROSS_DOCUMENT_ENRICHED;HIGH;DOCX example model matched exactly to catalog product: MARK 2 SE.
product;446c5207-a099-45e0-b615-afd60de08589;specs.mass;"{""raw"":""порядка 130–200 кг."",""status"":""CROSS_DOCUMENT_ENRICHED"",""values"":[130.0,200.0],""unit"":""kg""}";Примеры_решений_типы_объектов.docx;page 3;Масса робота: порядка 130–200 кг.;CROSS_DOCUMENT_ENRICHED;HIGH;DOCX example model matched exactly to catalog product: MARK 2 SE.
product;446c5207-a099-45e0-b615-afd60de08589;specs.max_speed;"{""raw"":""до 3–4 км/ч."",""status"":""CROSS_DOCUMENT_ENRICHED"",""values"":[3.0,4.0],""unit"":""km/h""}";Примеры_решений_типы_объектов.docx;page 3;Скорость движения: до 3–4 км/ч.;CROSS_DOCUMENT_ENRICHED;HIGH;DOCX example model matched exactly to catalog product: MARK 2 SE.
product;446c5207-a099-45e0-b615-afd60de08589;specs.navigation;"{""raw"":""лидар + камеры (автоматическое построение маршрутов и карты помещения)."",""status"":""CROSS_DOCUMENT_ENRICHED""}";Примеры_решений_типы_объектов.docx;page 3;Тип навигации: лидар + камеры (автоматическое построение маршрутов и карты помещения).;CROSS_DOCUMENT_ENRICHED;HIGH;DOCX example model matched exactly to catalog product: MARK 2 SE.
product;eff2586c-892d-4e44-a407-1ec7f06c8f76;specs.warehouse_height;"{""raw"":""До 12–15 метров"",""status"":""CROSS_DOCUMENT_ENRICHED"",""values"":[12.0,15.0],""unit"":""m""}";Примеры_решений_типы_объектов.docx;page 1;Высота складов: До 12–15 метров;CROSS_DOCUMENT_ENRICHED;HIGH;DOCX example model matched exactly to catalog product: Pallet Shuttle.
product;eff2586c-892d-4e44-a407-1ec7f06c8f76;specs.payload;"{""raw"":""До 1500 кг"",""status"":""CROSS_DOCUMENT_ENRICHED"",""values"":[1500.0],""unit"":""kg""}";Примеры_решений_типы_объектов.docx;page 1;Грузоподъемность: До 1500 кг;CROSS_DOCUMENT_ENRICHED;HIGH;DOCX example model matched exactly to catalog product: Pallet Shuttle.
product;eff2586c-892d-4e44-a407-1ec7f06c8f76;specs.max_speed;"{""raw"":""До 0,75–1,0 м/с."",""status"":""CROSS_DOCUMENT_ENRICHED"",""values"":[0.75,1.0],""unit"":""m/s""}";Примеры_решений_типы_объектов.docx;page 1;Скорость перемещения (с грузом / без груза): До 0,75–1,0 м/с.;CROSS_DOCUMENT_ENRICHED;HIGH;DOCX example model matched exactly to catalog product: Pallet Shuttle.
product;eff2586c-892d-4e44-a407-1ec7f06c8f76;specs.autonomy;"{""raw"":""Аккумуляторные батареи (АКБ) обеспечивают полноценную работу от одной зарядки в течение рабочей смены (в среднем 8–10+ часов)."",""status"":""CROSS_DOCUMENT_ENRICHED"",""values"":[8.0,10.0],""unit"":""h""}";Примеры_решений_типы_объектов.docx;page 1;Автономность работы: Аккумуляторные батареи (АКБ) обеспечивают полноценную работу от одной зарядки в течение рабочей смены (в среднем 8–10+ часов).;CROSS_DOCUMENT_ENRICHED;HIGH;DOCX example model matched exactly to catalog product: Pallet Shuttle.
product;eff2586c-892d-4e44-a407-1ec7f06c8f76;specs.dimensions;"{""raw"":""под размер паллеты, ориентировочно 1200 × 800 × 200 мм."",""status"":""CROSS_DOCUMENT_ENRICHED"",""values"":[1200.0,800.0,200.0],""unit"":""mm""}";Примеры_решений_типы_объектов.docx;page 1;Габариты шаттла: под размер паллеты, ориентировочно 1200 × 800 × 200 мм.;CROSS_DOCUMENT_ENRICHED;HIGH;DOCX example model matched exactly to catalog product: Pallet Shuttle.
product;eff2586c-892d-4e44-a407-1ec7f06c8f76;specs.throughput;"{""raw"":""до 80–120 паллет/час на канал."",""status"":""CROSS_DOCUMENT_ENRICHED"",""values"":[80.0,120.0],""unit"":""pallet/h""}";Примеры_решений_типы_объектов.docx;page 1;Производительность: до 80–120 паллет/час на канал.;CROSS_DOCUMENT_ENRICHED;HIGH;DOCX example model matched exactly to catalog product: Pallet Shuttle.
product;eff2586c-892d-4e44-a407-1ec7f06c8f76;specs.operating_conditions;"{""raw"":""работа в канальных стеллажах, возможны исполнения для холодильных и морозильных складов."",""status"":""CROSS_DOCUMENT_ENRICHED""}";Примеры_решений_типы_объектов.docx;page 1;Допустимые условия эксплуатации: работа в канальных стеллажах, возможны исполнения для холодильных и морозильных складов.;CROSS_DOCUMENT_ENRICHED;HIGH;DOCX example model matched exactly to catalog product: Pallet Shuttle.
product;cf9643b1-7a04-429c-9ac2-33060c9f42dd;specs.payload;"{""raw"":""до 2 тонн."",""status"":""CROSS_DOCUMENT_ENRICHED"",""values"":[2.0],""unit"":""t""}";Примеры_решений_типы_объектов.docx;page 2;Грузоподъёмность: до 2 тонн.;CROSS_DOCUMENT_ENRICHED;HIGH;DOCX example model matched exactly to catalog product: EVOCARGO N1.
product;cf9643b1-7a04-429c-9ac2-33060c9f42dd;specs.capacity;"{""raw"":""до 6 европаллет."",""status"":""CROSS_DOCUMENT_ENRICHED"",""values"":[6.0],""unit"":""euro_pallet""}";Примеры_решений_типы_объектов.docx;page 2;Вместимость: до 6 европаллет.;CROSS_DOCUMENT_ENRICHED;HIGH;DOCX example model matched exactly to catalog product: EVOCARGO N1.
product;cf9643b1-7a04-429c-9ac2-33060c9f42dd;specs.range;"{""raw"":""150–200 км на одном заряде."",""status"":""CROSS_DOCUMENT_ENRICHED"",""values"":[150.0,200.0],""unit"":""km""}";Примеры_решений_типы_объектов.docx;page 2;Запас хода: 150–200 км на одном заряде.;CROSS_DOCUMENT_ENRICHED;HIGH;DOCX example model matched exactly to catalog product: EVOCARGO N1.
product;cf9643b1-7a04-429c-9ac2-33060c9f42dd;specs.charging_time;"{""raw"":""от 30 минут от быстрой зарядки"",""status"":""CROSS_DOCUMENT_ENRICHED"",""values"":[30.0],""unit"":""min""}";Примеры_решений_типы_объектов.docx;page 2;Время зарядки: от 30 минут от быстрой зарядки;CROSS_DOCUMENT_ENRICHED;HIGH;DOCX example model matched exactly to catalog product: EVOCARGO N1.
product;cf9643b1-7a04-429c-9ac2-33060c9f42dd;specs.battery_capacity;"{""raw"":""36 кВт·ч"",""status"":""CROSS_DOCUMENT_ENRICHED"",""values"":[36.0],""unit"":""kWh""}";Примеры_решений_типы_объектов.docx;page 2;Объем аккумуляторной батареи: 36 кВт·ч;CROSS_DOCUMENT_ENRICHED;HIGH;DOCX example model matched exactly to catalog product: EVOCARGO N1.
product;cf9643b1-7a04-429c-9ac2-33060c9f42dd;specs.dimensions;"{""raw"":""примерно 5000 × 1800 × 2200 мм."",""status"":""CROSS_DOCUMENT_ENRICHED"",""values"":[5000.0,1800.0,2200.0],""unit"":""mm""}";Примеры_решений_типы_объектов.docx;page 2;Габариты (Д×Ш×В): примерно 5000 × 1800 × 2200 мм.;CROSS_DOCUMENT_ENRICHED;HIGH;DOCX example model matched exactly to catalog product: EVOCARGO N1.
product;cf9643b1-7a04-429c-9ac2-33060c9f42dd;specs.max_speed;"{""raw"":""до 20–25 км/ч на территории объекта."",""status"":""CROSS_DOCUMENT_ENRICHED"",""values"":[20.0,25.0],""unit"":""km/h""}";Примеры_решений_типы_объектов.docx;page 2;Скорость движения: до 20–25 км/ч на территории объекта.;CROSS_DOCUMENT_ENRICHED;HIGH;DOCX example model matched exactly to catalog product: EVOCARGO N1.
product;cf9643b1-7a04-429c-9ac2-33060c9f42dd;specs.navigation;"{""raw"":""автономный автопилот с камерами, лидарами и сенсорами (уровень автоматизации 4–5)."",""status"":""CROSS_DOCUMENT_ENRICHED""}";Примеры_решений_типы_объектов.docx;page 2;Тип навигации: автономный автопилот с камерами, лидарами и сенсорами (уровень автоматизации 4–5).;CROSS_DOCUMENT_ENRICHED;HIGH;DOCX example model matched exactly to catalog product: EVOCARGO N1.
product;cf9643b1-7a04-429c-9ac2-33060c9f42dd;specs.operating_conditions;"{""raw"":""работа 24/7 при температуре примерно −40…+50 °C."",""status"":""CROSS_DOCUMENT_ENRICHED"",""values"":[-40.0,50.0],""unit"":""degC""}";Примеры_решений_типы_объектов.docx;page 2;Допустимые условия эксплуатации: работа 24/7 при температуре примерно −40…+50 °C.;CROSS_DOCUMENT_ENRICHED;HIGH;DOCX example model matched exactly to catalog product: EVOCARGO N1.
